population,n,threshold,mode,full_valid,optimum_size,singlepass_size,repeat_size,singlepass_one_minimal,repeat_inclusion_minimal,full_one_minimal,full_inclusion_minimal,subset_count,oracle_agrees,closed_form_size,truth_vector
11111,5,1/2,remined,0,,,,,,,,32,1,,00000000000000000000000000000000
11111,5,1/2,pinned,0,,,,,,,,32,1,,00000000000000000000000000000000
11111,5,2/3,remined,0,,,,,,,,32,1,,00000000000000000000000000000000
11111,5,2/3,pinned,0,,,,,,,,32,1,,00000000000000000000000000000000
11111,5,3/4,remined,0,,,,,,,,32,1,,00000000000000000000000000000000
11111,5,3/4,pinned,0,,,,,,,,32,1,,00000000000000000000000000000000
11111,5,4/5,remined,0,,,,,,,,32,1,,00000000000000000000000000000000
11111,5,4/5,pinned,0,,,,,,,,32,1,,00000000000000000000000000000000
11111,5,1/1,remined,0,,,,,,,,32,1,,00000000000000000000000000000000
11111,5,1/1,pinned,0,,,,,,,,32,1,,00000000000000000000000000000000
11112,5,1/2,remined,0,2,,,,,,,32,1,2,00000000010010110000000000000000
11112,5,1/2,pinned,0,,,,,,,,32,1,,00000000000000000000000000000000
11112,5,2/3,remined,0,,,,,,,,32,1,,00000000000000000000000000000000
11112,5,2/3,pinned,0,,,,,,,,32,1,,00000000000000000000000000000000
11112,5,3/4,remined,0,,,,,,,,32,1,,00000000000000000000000000000000
11112,5,3/4,pinned,0,,,,,,,,32,1,,00000000000000000000000000000000
11112,5,4/5,remined,0,,,,,,,,32,1,,00000000000000000000000000000000
11112,5,4/5,pinned,0,,,,,,,,32,1,,00000000000000000000000000000000
11112,5,1/1,remined,0,,,,,,,,32,1,,00000000000000000000000000000000
11112,5,1/1,pinned,0,,,,,,,,32,1,,00000000000000000000000000000000
11113,5,1/2,remined,0,1,,,,,,,32,1,1,00000100010010110000000000000000
11113,5,1/2,pinned,0,,,,,,,,32,1,,00000000000000000000000000000000
11113,5,2/3,remined,0,1,,,,,,,32,1,1,00000100000000000000000000000000
11113,5,2/3,pinned,0,,,,,,,,32,1,,00000000000000000000000000000000
11113,5,3/4,remined,0,1,,,,,,,32,1,1,00000100000000000000000000000000
11113,5,3/4,pinned,0,,,,,,,,32,1,,00000000000000000000000000000000
11113,5,4/5,remined,0,1,,,,,,,32,1,1,00000100000000000000000000000000
11113,5,4/5,pinned,0,,,,,,,,32,1,,00000000000000000000000000000000
11113,5,1/1,remined,0,1,,,,,,,32,1,1,00000100000000000000000000000000
11113,5,1/1,pinned,0,,,,,,,,32,1,,00000000000000000000000000000000
11121,5,1/2,remined,0,2,,,,,,,32,1,2,00000000100101010000000000000000
11121,5,1/2,pinned,0,,,,,,,,32,1,,00000000000000000000000000000000
11121,5,2/3,remined,0,,,,,,,,32,1,,00000000000000000000000000000000
11121,5,2/3,pinned,0,,,,,,,,32,1,,00000000000000000000000000000000
11121,5,3/4,remined,0,,,,,,,,32,1,,00000000000000000000000000000000
11121,5,3/4,pinned,0,,,,,,,,32,1,,00000000000000000000000000000000
11121,5,4/5,remined,0,,,,,,,,32,1,,00000000000000000000000000000000
11121,5,4/5,pinned,0,,,,,,,,32,1,,00000000000000000000000000000000
11121,5,1/1,remined,0,,,,,,,,32,1,,00000000000000000000000000000000
11121,5,1/1,pinned,0,,,,,,,,32,1,,00000000000000000000000000000000
11122,5,1/2,remined,0,2,,,,,,,32,1,2,00000000110111100000000000001110
11122,5,1/2,pinned,0,,,,,,,,32,1,,00000000000000000000000000000000
11122,5,2/3,remined,0,,,,,,,,32,1,,00000000000000000000000000000000
11122,5,2/3,pinned,0,,,,,,,,32,1,,00000000000000000000000000000000
11122,5,3/4,remined,0,,,,,,,,32,1,,00000000000000000000000000000000
11122,5,3/4,pinned,0,,,,,,,,32,1,,00000000000000000000000000000000
11122,5,4/5,remined,0,,,,,,,,32,1,,00000000000000000000000000000000
11122,5,4/5,pinned,0,,,,,,,,32,1,,00000000000000000000000000000000
11122,5,1/1,remined,0,,,,,,,,32,1,,00000000000000000000000000000000
11122,5,1/1,pinned,0,,,,,,,,32,1,,00000000000000000000000000000000
11123,5,1/2,remined,0,1,,,,,,,32,1,1,00000100110111110000010011001110
11123,5,1/2,pinned,0,,,,,,,,32,1,,00000000000000000000000000000000
11123,5,2/3,remined,0,1,,,,,,,32,1,1,00000100000000000000010011000000
11123,5,2/3,pinned,0,,,,,,,,32,1,,00000000000000000000000000000000
11123,5,3/4,remined,0,1,,,,,,,32,1,1,00000100000000000000000000000000
11123,5,3/4,pinned,0,,,,,,,,32,1,,00000000000000000000000000000000
11123,5,4/5,remined,0,1,,,,,,,32,1,1,00000100000000000000000000000000
11123,5,4/5,pinned,0,,,,,,,,32,1,,00000000000000000000000000000000
11123,5,1/1,remined,0,1,,,,,,,32,1,1,00000100000000000000000000000000
11123,5,1/1,pinned,0,,,,,,,,32,1,,00000000000000000000000000000000
11131,5,1/2,remined,0,1,,,,,,,32,1,1,00001000100101010000000000000000
11131,5,1/2,pinned,0,,,,,,,,32,1,,00000000000000000000000000000000
11131,5,2/3,remined,0,1,,,,,,,32,1,1,00001000000000000000000000000000
11131,5,2/3,pinned,0,,,,,,,,32,1,,00000000000000000000000000000000
11131,5,3/4,remined,0,1,,,,,,,32,1,1,00001000000000000000000000000000
11131,5,3/4,pinned,0,,,,,,,,32,1,,00000000000000000000000000000000
11131,5,4/5,remined,0,1,,,,,,,32,1,1,00001000000000000000000000000000
11131,5,4/5,pinned,0,,,,,,,,32,1,,00000000000000000000000000000000
11131,5,1/1,remined,0,1,,,,,,,32,1,1,00001000000000000000000000000000
11131,5,1/1,pinned,0,,,,,,,,32,1,,00000000000000000000000000000000
11132,5,1/2,remined,0,1,,,,,,,32,1,1,00001000110111110000010011001110
11132,5,1/2,pinned,0,,,,,,,,32,1,,00000000000000000000000000000000
11132,5,2/3,remined,0,1,,,,,,,32,1,1,00001000000000000000010011000000
11132,5,2/3,pinned,0,,,,,,,,32,1,,00000000000000000000000000000000
11132,5,3/4,remined,0,1,,,,,,,32,1,1,00001000000000000000000000000000
11132,5,3/4,pinned,0,,,,,,,,32,1,,00000000000000000000000000000000
11132,5,4/5,remined,0,1,,,,,,,32,1,1,00001000000000000000000000000000
11132,5,4/5,pinned,0,,,,,,,,32,1,,00000000000000000000000000000000
11132,5,1/1,remined,0,1,,,,,,,32,1,1,00001000000000000000000000000000
11132,5,1/1,pinned,0,,,,,,,,32,1,,00000000000000000000000000000000
11133,5,1/2,remined,0,1,,,,,,,32,1,1,00001100110111110000010011001110
11133,5,1/2,pinned,0,,,,,,,,32,1,,00000000000000000000000000000000
11133,5,2/3,remined,0,1,,,,,,,32,1,1,00001100000000010000010011000000
11133,5,2/3,pinned,0,,,,,,,,32,1,,00000000000000000000000000000000
11133,5,3/4,remined,0,1,,,,,,,32,1,1,00001100000000010000000000000000
11133,5,3/4,pinned,0,,,,,,,,32,1,,00000000000000000000000000000000
11133,5,4/5,remined,0,1,,,,,,,32,1,1,00001100000000010000000000000000
11133,5,4/5,pinned,0,,,,,,,,32,1,,00000000000000000000000000000000
11133,5,1/1,remined,0,1,,,,,,,32,1,1,00001100000000010000000000000000
11133,5,1/1,pinned,0,,,,,,,,32,1,,00000000000000000000000000000000
11211,5,1/2,remined,0,2,,,,,,,32,1,2,00000001001001100000000000000000
11211,5,1/2,pinned,0,,,,,,,,32,1,,00000000000000000000000000000000
11211,5,2/3,remined,0,,,,,,,,32,1,,00000000000000000000000000000000
11211,5,2/3,pinned,0,,,,,,,,32,1,,00000000000000000000000000000000
11211,5,3/4,remined,0,,,,,,,,32,1,,00000000000000000000000000000000
11211,5,3/4,pinned,0,,,,,,,,32,1,,00000000000000000000000000000000
11211,5,4/5,remined,0,,,,,,,,32,1,,00000000000000000000000000000000
11211,5,4/5,pinned,0,,,,,,,,32,1,,00000000000000000000000000000000
11211,5,1/1,remined,0,,,,,,,,32,1,,00000000000000000000000000000000
11211,5,1/1,pinned,0,,,,,,,,32,1,,00000000000000000000000000000000
11212,5,1/2,remined,0,2,,,,,,,32,1,2,00000001011011010000000000010110
11212,5,1/2,pinned,0,,,,,,,,32,1,,00000000000000000000000000000000
11212,5,2/3,remined,0,,,,,,,,32,1,,00000000000000000000000000000000
11212,5,2/3,pinned,0,,,,,,,,32,1,,00000000000000000000000000000000
11212,5,3/4,remined,0,,,,,,,,32,1,,00000000000000000000000000000000
11212,5,3/4,pinned,0,,,,,,,,32,1,,00000000000000000000000000000000
11212,5,4/5,remined,0,,,,,,,,32,1,,00000000000000000000000000000000
11212,5,4/5,pinned,0,,,,,,,,32,1,,00000000000000000000000000000000
11212,5,1/1,remined,0,,,,,,,,32,1,,00000000000000000000000000000000
11212,5,1/1,pinned,0,,,,,,,,32,1,,00000000000000000000000000000000
11213,5,1/2,remined,0,1,,,,,,,32,1,1,00000101011011110000100101010110
11213,5,1/2,pinned,0,,,,,,,,32,1,,00000000000000000000000000000000
11213,5,2/3,remined,0,1,,,,,,,32,1,1,00000100000000000000100101000000
11213,5,2/3,pinned,0,,,,,,,,32,1,,00000000000000000000000000000000
11213,5,3/4,remined,0,1,,,,,,,32,1,1,00000100000000000000000000000000
11213,5,3/4,pinned,0,,,,,,,,32,1,,00000000000000000000000000000000
11213,5,4/5,remined,0,1,,,,,,,32,1,1,00000100000000000000000000000000
11213,5,4/5,pinned,0,,,,,,,,32,1,,00000000000000000000000000000000
11213,5,1/1,remined,0,1,,,,,,,32,1,1,00000100000000000000000000000000
11213,5,1/1,pinned,0,,,,,,,,32,1,,00000000000000000000000000000000
11221,5,1/2,remined,0,2,,,,,,,32,1,2,00000001101100110000000000100110
11221,5,1/2,pinned,0,,,,,,,,32,1,,00000000000000000000000000000000
11221,5,2/3,remined,0,,,,,,,,32,1,,00000000000000000000000000000000
11221,5,2/3,pinned,0,,,,,,,,32,1,,00000000000000000000000000000000
11221,5,3/4,remined,0,,,,,,,,32,1,,00000000000000000000000000000000
11221,5,3/4,pinned,0,,,,,,,,32,1,,00000000000000000000000000000000
11221,5,4/5,remined,0,,,,,,,,32,1,,00000000000000000000000000000000
11221,5,4/5,pinned,0,,,,,,,,32,1,,00000000000000000000000000000000
11221,5,1/1,remined,0,,,,,,,,32,1,,00000000000000000000000000000000
11221,5,1/1,pinned,0,,,,,,,,32,1,,00000000000000000000000000000000
11222,5,1/2,remined,0,2,,,,,,,32,1,2,00000001111110000000000000111000
11222,5,1/2,pinned,0,,,,,,,,32,1,,00000000000000000000000000000000
11222,5,2/3,remined,0,,,,,,,,32,1,,00000000000000000000000000000000
11222,5,2/3,pinned,0,,,,,,,,32,1,,00000000000000000000000000000000
11222,5,3/4,remined,0,,,,,,,,32,1,,00000000000000000000000000000000
11222,5,3/4,pinned,0,,,,,,,,32,1,,00000000000000000000000000000000
11222,5,4/5,remined,0,,,,,,,,32,1,,00000000000000000000000000000000
11222,5,4/5,pinned,0,,,,,,,,32,1,,00000000000000000000000000000000
11222,5,1/1,remined,0,,,,,,,,32,1,,00000000000000000000000000000000
11222,5,1/1,pinned,0,,,,,,,,32,1,,00000000000000000000000000000000
11223,5,1/2,remined,1,1,2,1,0,1,0,0,32,1,1,00000101111110110000110110111111
11223,5,1/2,pinned,1,5,5,5,1,1,1,1,32,1,5,00000000000000000000000000000001
11223,5,2/3,remined,0,1,,,,,,,32,1,1,00000100000000000000110110000000
11223,5,2/3,pinned,0,,,,,,,,32,1,,00000000000000000000000000000000
11223,5,3/4,remined,0,1,,,,,,,32,1,1,00000100000000000000000000000000
11223,5,3/4,pinned,0,,,,,,,,32,1,,00000000000000000000000000000000
11223,5,4/5,remined,0,1,,,,,,,32,1,1,00000100000000000000000000000000
11223,5,4/5,pinned,0,,,,,,,,32,1,,00000000000000000000000000000000
11223,5,1/1,remined,0,1,,,,,,,32,1,1,00000100000000000000000000000000
11223,5,1/1,pinned,0,,,,,,,,32,1,,00000000000000000000000000000000
11231,5,1/2,remined,0,1,,,,,,,32,1,1,00001001101101110001001001100110
11231,5,1/2,pinned,0,,,,,,,,32,1,,00000000000000000000000000000000
11231,5,2/3,remined,0,1,,,,,,,32,1,1,00001000000000000001001001000000
11231,5,2/3,pinned,0,,,,,,,,32,1,,00000000000000000000000000000000
11231,5,3/4,remined,0,1,,,,,,,32,1,1,00001000000000000000000000000000
11231,5,3/4,pinned,0,,,,,,,,32,1,,00000000000000000000000000000000
11231,5,4/5,remined,0,1,,,,,,,32,1,1,00001000000000000000000000000000
11231,5,4/5,pinned,0,,,,,,,,32,1,,00000000000000000000000000000000
11231,5,1/1,remined,0,1,,,,,,,32,1,1,00001000000000000000000000000000
11231,5,1/1,pinned,0,,,,,,,,32,1,,00000000000000000000000000000000
11232,5,1/2,remined,1,1,2,2,1,1,0,0,32,1,1,00001001111111010001011010111111
11232,5,1/2,pinned,1,5,5,5,1,1,1,1,32,1,5,00000000000000000000000000000001
11232,5,2/3,remined,0,1,,,,,,,32,1,1,00001000000000000001011010000000
11232,5,2/3,pinned,0,,,,,,,,32,1,,00000000000000000000000000000000
11232,5,3/4,remined,0,1,,,,,,,32,1,1,00001000000000000000000000000000
11232,5,3/4,pinned,0,,,,,,,,32,1,,00000000000000000000000000000000
11232,5,4/5,remined,0,1,,,,,,,32,1,1,00001000000000000000000000000000
11232,5,4/5,pinned,0,,,,,,,,32,1,,00000000000000000000000000000000
11232,5,1/1,remined,0,1,,,,,,,32,1,1,00001000000000000000000000000000
11232,5,1/1,pinned,0,,,,,,,,32,1,,00000000000000000000000000000000
11233,5,1/2,remined,1,1,1,1,1,1,0,0,32,1,1,00001101111111110001111111111111
11233,5,1/2,pinned,1,4,4,4,1,1,0,0,32,1,4,00000000000000000000000000000111
11233,5,2/3,remined,0,1,,,,,,,32,1,1,00001100000000010001111111000110
11233,5,2/3,pinned,0,,,,,,,,32,1,,00000000000000000000000000000000
11233,5,3/4,remined,0,1,,,,,,,32,1,1,00001100000000010000000000000110
11233,5,3/4,pinned,0,,,,,,,,32,1,,00000000000000000000000000000000
11233,5,4/5,remined,0,1,,,,,,,32,1,1,00001100000000010000000000000000
11233,5,4/5,pinned,0,,,,,,,,32,1,,00000000000000000000000000000000
11233,5,1/1,remined,0,1,,,,,,,32,1,1,00001100000000010000000000000000
11233,5,1/1,pinned,0,,,,,,,,32,1,,00000000000000000000000000000000
11311,5,1/2,remined,0,1,,,,,,,32,1,1,00010001001001100000000000000000
11311,5,1/2,pinned,0,,,,,,,,32,1,,00000000000000000000000000000000
11311,5,2/3,remined,0,1,,,,,,,32,1,1,00010000000000000000000000000000
11311,5,2/3,pinned,0,,,,,,,,32,1,,00000000000000000000000000000000
11311,5,3/4,remined,0,1,,,,,,,32,1,1,00010000000000000000000000000000
11311,5,3/4,pinned,0,,,,,,,,32,1,,00000000000000000000000000000000
11311,5,4/5,remined,0,1,,,,,,,32,1,1,00010000000000000000000000000000
11311,5,4/5,pinned,0,,,,,,,,32,1,,00000000000000000000000000000000
11311,5,1/1,remined,0,1,,,,,,,32,1,1,00010000000000000000000000000000
11311,5,1/1,pinned,0,,,,,,,,32,1,,00000000000000000000000000000000
11312,5,1/2,remined,0,1,,,,,,,32,1,1,00010001011011110000100101010110
11312,5,1/2,pinned,0,,,,,,,,32,1,,00000000000000000000000000000000
11312,5,2/3,remined,0,1,,,,,,,32,1,1,00010000000000000000100101000000
11312,5,2/3,pinned,0,,,,,,,,32,1,,00000000000000000000000000000000
11312,5,3/4,remined,0,1,,,,,,,32,1,1,00010000000000000000000000000000
11312,5,3/4,pinned,0,,,,,,,,32,1,,00000000000000000000000000000000
11312,5,4/5,remined,0,1,,,,,,,32,1,1,00010000000000000000000000000000
11312,5,4/5,pinned,0,,,,,,,,32,1,,00000000000000000000000000000000
11312,5,1/1,remined,0,1,,,,,,,32,1,1,00010000000000000000000000000000
11312,5,1/1,pinned,0,,,,,,,,32,1,,00000000000000000000000000000000
11313,5,1/2,remined,0,1,,,,,,,32,1,1,00010101011011110000100101010110
11313,5,1/2,pinned,0,,,,,,,,32,1,,00000000000000000000000000000000
11313,5,2/3,remined,0,1,,,,,,,32,1,1,00010100000000100000100101000000
11313,5,2/3,pinned,0,,,,,,,,32,1,,00000000000000000000000000000000
11313,5,3/4,remined,0,1,,,,,,,32,1,1,00010100000000100000000000000000
11313,5,3/4,pinned,0,,,,,,,,32,1,,00000000000000000000000000000000
11313,5,4/5,remined,0,1,,,,,,,32,1,1,00010100000000100000000000000000
11313,5,4/5,pinned,0,,,,,,,,32,1,,00000000000000000000000000000000
11313,5,1/1,remined,0,1,,,,,,,32,1,1,00010100000000100000000000000000
11313,5,1/1,pinned,0,,,,,,,,32,1,,00000000000000000000000000000000
11321,5,1/2,remined,0,1,,,,,,,32,1,1,00010001101101110001001001100110
11321,5,1/2,pinned,0,,,,,,,,32,1,,00000000000000000000000000000000
11321,5,2/3,remined,0,1,,,,,,,32,1,1,00010000000000000001001001000000
11321,5,2/3,pinned,0,,,,,,,,32,1,,00000000000000000000000000000000
11321,5,3/4,remined,0,1,,,,,,,32,1,1,00010000000000000000000000000000
11321,5,3/4,pinned,0,,,,,,,,32,1,,00000000000000000000000000000000
11321,5,4/5,remined,0,1,,,,,,,32,1,1,00010000000000000000000000000000
11321,5,4/5,pinned,0,,,,,,,,32,1,,00000000000000000000000000000000
11321,5,1/1,remined,0,1,,,,,,,32,1,1,00010000000000000000000000000000
11321,5,1/1,pinned,0,,,,,,,,32,1,,00000000000000000000000000000000
11322,5,1/2,remined,1,1,2,1,0,1,0,0,32,1,1,00010001111111100001101100111111
11322,5,1/2,pinned,1,5,5,5,1,1,1,1,32,1,5,00000000000000000000000000000001
11322,5,2/3,remined,0,1,,,,,,,32,1,1,00010000000000000001101100000000
11322,5,2/3,pinned,0,,,,,,,,32,1,,00000000000000000000000000000000
11322,5,3/4,remined,0,1,,,,,,,32,1,1,00010000000000000000000000000000
11322,5,3/4,pinned,0,,,,,,,,32,1,,00000000000000000000000000000000
11322,5,4/5,remined,0,1,,,,,,,32,1,1,00010000000000000000000000000000
11322,5,4/5,pinned,0,,,,,,,,32,1,,00000000000000000000000000000000
11322,5,1/1,remined,0,1,,,,,,,32,1,1,00010000000000000000000000000000
11322,5,1/1,pinned,0,,,,,,,,32,1,,00000000000000000000000000000000
11323,5,1/2,remined,1,1,1,1,1,1,0,0,32,1,1,00010101111111110001111111111111
11323,5,1/2,pinned,1,4,4,4,1,1,0,0,32,1,4,00000000000000000000000000000111
11323,5,2/3,remined,0,1,,,,,,,32,1,1,00010100000000100001111111000110
11323,5,2/3,pinned,0,,,,,,,,32,1,,00000000000000000000000000000000
11323,5,3/4,remined,0,1,,,,,,,32,1,1,00010100000000100000000000000110
11323,5,3/4,pinned,0,,,,,,,,32,1,,00000000000000000000000000000000
11323,5,4/5,remined,0,1,,,,,,,32,1,1,00010100000000100000000000000000
11323,5,4/5,pinned,0,,,,,,,,32,1,,00000000000000000000000000000000
11323,5,1/1,remined,0,1,,,,,,,32,1,1,00010100000000100000000000000000
11323,5,1/1,pinned,0,,,,,,,,32,1,,00000000000000000000000000000000
11331,5,1/2,remined,0,1,,,,,,,32,1,1,00011001101101110001001001100110
11331,5,1/2,pinned,0,,,,,,,,32,1,,00000000000000000000000000000000
11331,5,2/3,remined,0,1,,,,,,,32,1,1,00011000000001000001001001000000
11331,5,2/3,pinned,0,,,,,,,,32,1,,00000000000000000000000000000000
11331,5,3/4,remined,0,1,,,,,,,32,1,1,00011000000001000000000000000000
11331,5,3/4,pinned,0,,,,,,,,32,1,,00000000000000000000000000000000
11331,5,4/5,remined,0,1,,,,,,,32,1,1,00011000000001000000000000000000
11331,5,4/5,pinned,0,,,,,,,,32,1,,00000000000000000000000000000000
11331,5,1/1,remined,0,1,,,,,,,32,1,1,00011000000001000000000000000000
11331,5,1/1,pinned,0,,,,,,,,32,1,,00000000000000000000000000000000
11332,5,1/2,remined,1,1,1,1,1,1,0,0,32,1,1,00011001111111110001111111111111
11332,5,1/2,pinned,1,4,4,4,1,1,0,0,32,1,4,00000000000000000000000000000111
11332,5,2/3,remined,0,1,,,,,,,32,1,1,00011000000001000001111111000110
11332,5,2/3,pinned,0,,,,,,,,32,1,,00000000000000000000000000000000
11332,5,3/4,remined,0,1,,,,,,,32,1,1,00011000000001000000000000000110
11332,5,3/4,pinned,0,,,,,,,,32,1,,00000000000000000000000000000000
11332,5,4/5,remined,0,1,,,,,,,32,1,1,00011000000001000000000000000000
11332,5,4/5,pinned,0,,,,,,,,32,1,,00000000000000000000000000000000
11332,5,1/1,remined,0,1,,,,,,,32,1,1,00011000000001000000000000000000
11332,5,1/1,pinned,0,,,,,,,,32,1,,00000000000000000000000000000000
11333,5,1/2,remined,1,1,1,1,1,1,0,0,32,1,1,00011101111111110001111111111111
11333,5,1/2,pinned,1,3,3,3,1,1,0,0,32,1,3,00000000000000000000000001000111
11333,5,2/3,remined,0,1,,,,,,,32,1,1,00011100000001110001111111000110
11333,5,2/3,pinned,0,,,,,,,,32,1,,00000000000000000000000000000000
11333,5,3/4,remined,0,1,,,,,,,32,1,1,00011100000001110000000001000110
11333,5,3/4,pinned,0,,,,,,,,32,1,,00000000000000000000000000000000
11333,5,4/5,remined,0,1,,,,,,,32,1,1,00011100000001110000000001000000
11333,5,4/5,pinned,0,,,,,,,,32,1,,00000000000000000000000000000000
11333,5,1/1,remined,0,1,,,,,,,32,1,1,00011100000001110000000001000000
11333,5,1/1,pinned,0,,,,,,,,32,1,,00000000000000000000000000000000
12111,5,1/2,remined,0,2,,,,,,,32,1,2,00000010001110000000000000000000
12111,5,1/2,pinned,0,,,,,,,,32,1,,00000000000000000000000000000000
12111,5,2/3,remined,0,,,,,,,,32,1,,00000000000000000000000000000000
12111,5,2/3,pinned,0,,,,,,,,32,1,,00000000000000000000000000000000
12111,5,3/4,remined,0,,,,,,,,32,1,,00000000000000000000000000000000
12111,5,3/4,pinned,0,,,,,,,,32,1,,00000000000000000000000000000000
12111,5,4/5,remined,0,,,,,,,,32,1,,00000000000000000000000000000000
12111,5,4/5,pinned,0,,,,,,,,32,1,,00000000000000000000000000000000
12111,5,1/1,remined,0,,,,,,,,32,1,,00000000000000000000000000000000
12111,5,1/1,pinned,0,,,,,,,,32,1,,00000000000000000000000000000000
12112,5,1/2,remined,0,2,,,,,,,32,1,2,00000010011100110000000000011010
12112,5,1/2,pinned,0,,,,,,,,32,1,,00000000000000000000000000000000
12112,5,2/3,remined,0,,,,,,,,32,1,,00000000000000000000000000000000
12112,5,2/3,pinned,0,,,,,,,,32,1,,00000000000000000000000000000000
12112,5,3/4,remined,0,,,,,,,,32,1,,00000000000000000000000000000000
12112,5,3/4,pinned,0,,,,,,,,32,1,,00000000000000000000000000000000
12112,5,4/5,remined,0,,,,,,,,32,1,,00000000000000000000000000000000
12112,5,4/5,pinned,0,,,,,,,,32,1,,00000000000000000000000000000000
12112,5,1/1,remined,0,,,,,,,,32,1,,00000000000000000000000000000000
12112,5,1/1,pinned,0,,,,,,,,32,1,,00000000000000000000000000000000
12113,5,1/2,remined,0,1,,,,,,,32,1,1,00000110011110110010000110011010
12113,5,1/2,pinned,0,,,,,,,,32,1,,00000000000000000000000000000000
12113,5,2/3,remined,0,1,,,,,,,32,1,1,00000100000000000010000110000000
12113,5,2/3,pinned,0,,,,,,,,32,1,,00000000000000000000000000000000
12113,5,3/4,remined,0,1,,,,,,,32,1,1,00000100000000000000000000000000
12113,5,3/4,pinned,0,,,,,,,,32,1,,00000000000000000000000000000000
12113,5,4/5,remined,0,1,,,,,,,32,1,1,00000100000000000000000000000000
12113,5,4/5,pinned,0,,,,,,,,32,1,,00000000000000000000000000000000
12113,5,1/1,remined,0,1,,,,,,,32,1,1,00000100000000000000000000000000
12113,5,1/1,pinned,0,,,,,,,,32,1,,00000000000000000000000000000000
12121,5,1/2,remined,0,2,,,,,,,32,1,2,00000010101011010000000000101010
12121,5,1/2,pinned,0,,,,,,,,32,1,,00000000000000000000000000000000
12121,5,2/3,remined,0,,,,,,,,32,1,,00000000000000000000000000000000
12121,5,2/3,pinned,0,,,,,,,,32,1,,00000000000000000000000000000000
12121,5,3/4,remined,0,,,,,,,,32,1,,00000000000000000000000000000000
12121,5,3/4,pinned,0,,,,,,,,32,1,,00000000000000000000000000000000
12121,5,4/5,remined,0,,,,,,,,32,1,,00000000000000000000000000000000
12121,5,4/5,pinned,0,,,,,,,,32,1,,00000000000000000000000000000000
12121,5,1/1,remined,0,,,,,,,,32,1,,00000000000000000000000000000000
12121,5,1/1,pinned,0,,,,,,,,32,1,,00000000000000000000000000000000
12122,5,1/2,remined,0,2,,,,,,,32,1,2,00000010111001100000000000110100
12122,5,1/2,pinned,0,,,,,,,,32,1,,00000000000000000000000000000000
12122,5,2/3,remined,0,,,,,,,,32,1,,00000000000000000000000000000000
12122,5,2/3,pinned,0,,,,,,,,32,1,,00000000000000000000000000000000
12122,5,3/4,remined,0,,,,,,,,32,1,,00000000000000000000000000000000
12122,5,3/4,pinned,0,,,,,,,,32,1,,00000000000000000000000000000000
12122,5,4/5,remined,0,,,,,,,,32,1,,00000000000000000000000000000000
12122,5,4/5,pinned,0,,,,,,,,32,1,,00000000000000000000000000000000
12122,5,1/1,remined,0,,,,,,,,32,1,,00000000000000000000000000000000
12122,5,1/1,pinned,0,,,,,,,,32,1,,00000000000000000000000000000000
12123,5,1/2,remined,1,1,1,1,1,1,0,0,32,1,1,00000110111011110010010101111111
12123,5,1/2,pinned,1,5,5,5,1,1,1,1,32,1,5,00000000000000000000000000000001
12123,5,2/3,remined,0,1,,,,,,,32,1,1,00000100000000000010010101000000
12123,5,2/3,pinned,0,,,,,,,,32,1,,00000000000000000000000000000000
12123,5,3/4,remined,0,1,,,,,,,32,1,1,00000100000000000000000000000000
12123,5,3/4,pinned,0,,,,,,,,32,1,,00000000000000000000000000000000
12123,5,4/5,remined,0,1,,,,,,,32,1,1,00000100000000000000000000000000
12123,5,4/5,pinned,0,,,,,,,,32,1,,00000000000000000000000000000000
12123,5,1/1,remined,0,1,,,,,,,32,1,1,00000100000000000000000000000000
12123,5,1/1,pinned,0,,,,,,,,32,1,,00000000000000000000000000000000
12131,5,1/2,remined,0,1,,,,,,,32,1,1,00001010101111010100001010101010
12131,5,1/2,pinned,0,,,,,,,,32,1,,00000000000000000000000000000000
12131,5,2/3,remined,0,1,,,,,,,32,1,1,00001000000000000100001010000000
12131,5,2/3,pinned,0,,,,,,,,32,1,,00000000000000000000000000000000
12131,5,3/4,remined,0,1,,,,,,,32,1,1,00001000000000000000000000000000
12131,5,3/4,pinned,0,,,,,,,,32,1,,00000000000000000000000000000000
12131,5,4/5,remined,0,1,,,,,,,32,1,1,00001000000000000000000000000000
12131,5,4/5,pinned,0,,,,,,,,32,1,,00000000000000000000000000000000
12131,5,1/1,remined,0,1,,,,,,,32,1,1,00001000000000000000000000000000
12131,5,1/1,pinned,0,,,,,,,,32,1,,00000000000000000000000000000000
12132,5,1/2,remined,1,1,1,1,1,1,0,0,32,1,1,00001010111101110100011001111111
12132,5,1/2,pinned,1,5,5,5,1,1,1,1,32,1,5,00000000000000000000000000000001
12132,5,2/3,remined,0,1,,,,,,,32,1,1,00001000000000000100011001000000
12132,5,2/3,pinned,0,,,,,,,,32,1,,00000000000000000000000000000000
12132,5,3/4,remined,0,1,,,,,,,32,1,1,00001000000000000000000000000000
12132,5,3/4,pinned,0,,,,,,,,32,1,,00000000000000000000000000000000
12132,5,4/5,remined,0,1,,,,,,,32,1,1,00001000000000000000000000000000
12132,5,4/5,pinned,0,,,,,,,,32,1,,00000000000000000000000000000000
12132,5,1/1,remined,0,1,,,,,,,32,1,1,00001000000000000000000000000000
12132,5,1/1,pinned,0,,,,,,,,32,1,,00000000000000000000000000000000
12133,5,1/2,remined,1,1,1,1,1,1,0,0,32,1,1,00001110111111110110011111111111
12133,5,1/2,pinned,1,4,4,4,1,1,0,0,32,1,4,00000000000000000000000000001011
12133,5,2/3,remined,0,1,,,,,,,32,1,1,00001100000000010110011111001010
12133,5,2/3,pinned,0,,,,,,,,32,1,,00000000000000000000000000000000
12133,5,3/4,remined,0,1,,,,,,,32,1,1,00001100000000010000000000001010
12133,5,3/4,pinned,0,,,,,,,,32,1,,00000000000000000000000000000000
12133,5,4/5,remined,0,1,,,,,,,32,1,1,00001100000000010000000000000000
12133,5,4/5,pinned,0,,,,,,,,32,1,,00000000000000000000000000000000
12133,5,1/1,remined,0,1,,,,,,,32,1,1,00001100000000010000000000000000
12133,5,1/1,pinned,0,,,,,,,,32,1,,00000000000000000000000000000000
12211,5,1/2,remined,0,2,,,,,,,32,1,2,00000011000111100000000000110010
12211,5,1/2,pinned,0,,,,,,,,32,1,,00000000000000000000000000000000
12211,5,2/3,remined,0,,,,,,,,32,1,,00000000000000000000000000000000
12211,5,2/3,pinned,0,,,,,,,,32,1,,00000000000000000000000000000000
12211,5,3/4,remined,0,,,,,,,,32,1,,00000000000000000000000000000000
12211,5,3/4,pinned,0,,,,,,,,32,1,,00000000000000000000000000000000
12211,5,4/5,remined,0,,,,,,,,32,1,,00000000000000000000000000000000
12211,5,4/5,pinned,0,,,,,,,,32,1,,00000000000000000000000000000000
12211,5,1/1,remined,0,,,,,,,,32,1,,00000000000000000000000000000000
12211,5,1/1,pinned,0,,,,,,,,32,1,,00000000000000000000000000000000
12212,5,1/2,remined,0,2,,,,,,,32,1,2,00000011010101010000000000101100
12212,5,1/2,pinned,0,,,,,,,,32,1,,00000000000000000000000000000000
12212,5,2/3,remined,0,,,,,,,,32,1,,00000000000000000000000000000000
12212,5,2/3,pinned,0,,,,,,,,32,1,,00000000000000000000000000000000
12212,5,3/4,remined,0,,,,,,,,32,1,,00000000000000000000000000000000
12212,5,3/4,pinned,0,,,,,,,,32,1,,00000000000000000000000000000000
12212,5,4/5,remined,0,,,,,,,,32,1,,00000000000000000000000000000000
12212,5,4/5,pinned,0,,,,,,,,32,1,,00000000000000000000000000000000
12212,5,1/1,remined,0,,,,,,,,32,1,,00000000000000000000000000000000
12212,5,1/1,pinned,0,,,,,,,,32,1,,00000000000000000000000000000000
12213,5,1/2,remined,1,1,1,1,1,1,0,0,32,1,1,00000111010111110010100011111111
12213,5,1/2,pinned,1,5,5,5,1,1,1,1,32,1,5,00000000000000000000000000000001
12213,5,2/3,remined,0,1,,,,,,,32,1,1,00000100000000000010100011000000
12213,5,2/3,pinned,0,,,,,,,,32,1,,00000000000000000000000000000000
12213,5,3/4,remined,0,1,,,,,,,32,1,1,00000100000000000000000000000000
12213,5,3/4,pinned,0,,,,,,,,32,1,,00000000000000000000000000000000
12213,5,4/5,remined,0,1,,,,,,,32,1,1,00000100000000000000000000000000
12213,5,4/5,pinned,0,,,,,,,,32,1,,00000000000000000000000000000000
12213,5,1/1,remined,0,1,,,,,,,32,1,1,00000100000000000000000000000000
12213,5,1/1,pinned,0,,,,,,,,32,1,,00000000000000000000000000000000
12221,5,1/2,remined,0,2,,,,,,,32,1,2,00000011100010110000000000011100
12221,5,1/2,pinned,0,,,,,,,,32,1,,00000000000000000000000000000000
12221,5,2/3,remined,0,,,,,,,,32,1,,00000000000000000000000000000000
12221,5,2/3,pinned,0,,,,,,,,32,1,,00000000000000000000000000000000
12221,5,3/4,remined,0,,,,,,,,32,1,,00000000000000000000000000000000
12221,5,3/4,pinned,0,,,,,,,,32,1,,00000000000000000000000000000000
12221,5,4/5,remined,0,,,,,,,,32,1,,00000000000000000000000000000000
12221,5,4/5,pinned,0,,,,,,,,32,1,,00000000000000000000000000000000
12221,5,1/1,remined,0,,,,,,,,32,1,,00000000000000000000000000000000
12221,5,1/1,pinned,0,,,,,,,,32,1,,00000000000000000000000000000000
12222,5,1/2,remined,0,2,,,,,,,32,1,2,00000011110000000000000000000000
12222,5,1/2,pinned,0,,,,,,,,32,1,,00000000000000000000000000000000
12222,5,2/3,remined,0,,,,,,,,32,1,,00000000000000000000000000000000
12222,5,2/3,pinned,0,,,,,,,,32,1,,00000000000000000000000000000000
12222,5,3/4,remined,0,,,,,,,,32,1,,00000000000000000000000000000000
12222,5,3/4,pinned,0,,,,,,,,32,1,,00000000000000000000000000000000
12222,5,4/5,remined,0,,,,,,,,32,1,,00000000000000000000000000000000
12222,5,4/5,pinned,0,,,,,,,,32,1,,00000000000000000000000000000000
12222,5,1/1,remined,0,,,,,,,,32,1,,00000000000000000000000000000000
12222,5,1/1,pinned,0,,,,,,,,32,1,,00000000000000000000000000000000
12223,5,1/2,remined,0,1,,,,,,,32,1,1,00000111110010110010110000011100
12223,5,1/2,pinned,0,,,,,,,,32,1,,00000000000000000000000000000000
12223,5,2/3,remined,0,1,,,,,,,32,1,1,00000100000000000010110000000000
12223,5,2/3,pinned,0,,,,,,,,32,1,,00000000000000000000000000000000
12223,5,3/4,remined,0,1,,,,,,,32,1,1,00000100000000000000000000000000
12223,5,3/4,pinned,0,,,,,,,,32,1,,00000000000000000000000000000000
12223,5,4/5,remined,0,1,,,,,,,32,1,1,00000100000000000000000000000000
12223,5,4/5,pinned,0,,,,,,,,32,1,,00000000000000000000000000000000
12223,5,1/1,remined,0,1,,,,,,,32,1,1,00000100000000000000000000000000
12223,5,1/1,pinned,0,,,,,,,,32,1,,00000000000000000000000000000000
12231,5,1/2,remined,1,1,1,1,1,1,0,0,32,1,1,00001011100111110101000011111111
12231,5,1/2,pinned,1,5,5,5,1,1,1,1,32,1,5,00000000000000000000000000000001
12231,5,2/3,remined,0,1,,,,,,,32,1,1,00001000000000000101000011000000
12231,5,2/3,pinned,0,,,,,,,,32,1,,00000000000000000000000000000000
12231,5,3/4,remined,0,1,,,,,,,32,1,1,00001000000000000000000000000000
12231,5,3/4,pinned,0,,,,,,,,32,1,,00000000000000000000000000000000
12231,5,4/5,remined,0,1,,,,,,,32,1,1,00001000000000000000000000000000
12231,5,4/5,pinned,0,,,,,,,,32,1,,00000000000000000000000000000000
12231,5,1/1,remined,0,1,,,,,,,32,1,1,00001000000000000000000000000000
12231,5,1/1,pinned,0,,,,,,,,32,1,,00000000000000000000000000000000
12232,5,1/2,remined,0,1,,,,,,,32,1,1,00001011110101010101010000101100
12232,5,1/2,pinned,0,,,,,,,,32,1,,00000000000000000000000000000000
12232,5,2/3,remined,0,1,,,,,,,32,1,1,00001000000000000101010000000000
12232,5,2/3,pinned,0,,,,,,,,32,1,,00000000000000000000000000000000
12232,5,3/4,remined,0,1,,,,,,,32,1,1,00001000000000000000000000000000
12232,5,3/4,pinned,0,,,,,,,,32,1,,00000000000000000000000000000000
12232,5,4/5,remined,0,1,,,,,,,32,1,1,00001000000000000000000000000000
12232,5,4/5,pinned,0,,,,,,,,32,1,,00000000000000000000000000000000
12232,5,1/1,remined,0,1,,,,,,,32,1,1,00001000000000000000000000000000
12232,5,1/1,pinned,0,,,,,,,,32,1,,00000000000000000000000000000000
12233,5,1/2,remined,1,1,1,1,1,1,0,0,32,1,1,00001111110111110111110011111111
12233,5,1/2,pinned,1,4,4,4,1,1,0,0,32,1,4,00000000000000000000000000001101
12233,5,2/3,remined,0,1,,,,,,,32,1,1,00001100000000010111110011001100
12233,5,2/3,pinned,0,,,,,,,,32,1,,00000000000000000000000000000000
12233,5,3/4,remined,0,1,,,,,,,32,1,1,00001100000000010000000000001100
12233,5,3/4,pinned,0,,,,,,,,32,1,,00000000000000000000000000000000
12233,5,4/5,remined,0,1,,,,,,,32,1,1,00001100000000010000000000000000
12233,5,4/5,pinned,0,,,,,,,,32,1,,00000000000000000000000000000000
12233,5,1/1,remined,0,1,,,,,,,32,1,1,00001100000000010000000000000000
12233,5,1/1,pinned,0,,,,,,,,32,1,,00000000000000000000000000000000
12311,5,1/2,remined,0,1,,,,,,,32,1,1,00010011001111101000001100110010
12311,5,1/2,pinned,0,,,,,,,,32,1,,00000000000000000000000000000000
12311,5,2/3,remined,0,1,,,,,,,32,1,1,00010000000000001000001100000000
12311,5,2/3,pinned,0,,,,,,,,32,1,,00000000000000000000000000000000
12311,5,3/4,remined,0,1,,,,,,,32,1,1,00010000000000000000000000000000
12311,5,3/4,pinned,0,,,,,,,,32,1,,00000000000000000000000000000000
12311,5,4/5,remined,0,1,,,,,,,32,1,1,00010000000000000000000000000000
12311,5,4/5,pinned,0,,,,,,,,32,1,,00000000000000000000000000000000
12311,5,1/1,remined,0,1,,,,,,,32,1,1,00010000000000000000000000000000
12311,5,1/1,pinned,0,,,,,,,,32,1,,00000000000000000000000000000000
12312,5,1/2,remined,1,1,2,2,1,1,0,0,32,1,1,00010011011101111000101001111111
12312,5,1/2,pinned,1,5,5,5,1,1,1,1,32,1,5,00000000000000000000000000000001
12312,5,2/3,remined,0,1,,,,,,,32,1,1,00010000000000001000101001000000
12312,5,2/3,pinned,0,,,,,,,,32,1,,00000000000000000000000000000000
12312,5,3/4,remined,0,1,,,,,,,32,1,1,00010000000000000000000000000000
12312,5,3/4,pinned,0,,,,,,,,32,1,,00000000000000000000000000000000
12312,5,4/5,remined,0,1,,,,,,,32,1,1,00010000000000000000000000000000
12312,5,4/5,pinned,0,,,,,,,,32,1,,00000000000000000000000000000000
12312,5,1/1,remined,0,1,,,,,,,32,1,1,00010000000000000000000000000000
12312,5,1/1,pinned,0,,,,,,,,32,1,,00000000000000000000000000000000
12313,5,1/2,remined,1,1,1,1,1,1,0,0,32,1,1,00010111011111111010101111111111
12313,5,1/2,pinned,1,4,4,4,1,1,0,0,32,1,4,00000000000000000000000000010011
12313,5,2/3,remined,0,1,,,,,,,32,1,1,00010100000000101010101111010010
12313,5,2/3,pinned,0,,,,,,,,32,1,,00000000000000000000000000000000
12313,5,3/4,remined,0,1,,,,,,,32,1,1,00010100000000100000000000010010
12313,5,3/4,pinned,0,,,,,,,,32,1,,00000000000000000000000000000000
12313,5,4/5,remined,0,1,,,,,,,32,1,1,00010100000000100000000000000000
12313,5,4/5,pinned,0,,,,,,,,32,1,,00000000000000000000000000000000
12313,5,1/1,remined,0,1,,,,,,,32,1,1,00010100000000100000000000000000
12313,5,1/1,pinned,0,,,,,,,,32,1,,00000000000000000000000000000000
12321,5,1/2,remined,1,1,2,2,1,1,0,0,32,1,1,00010011101011111001000101111111
12321,5,1/2,pinned,1,5,5,5,1,1,1,1,32,1,5,00000000000000000000000000000001
12321,5,2/3,remined,0,1,,,,,,,32,1,1,00010000000000001001000101000000
12321,5,2/3,pinned,0,,,,,,,,32,1,,00000000000000000000000000000000
12321,5,3/4,remined,0,1,,,,,,,32,1,1,00010000000000000000000000000000
12321,5,3/4,pinned,0,,,,,,,,32,1,,00000000000000000000000000000000
12321,5,4/5,remined,0,1,,,,,,,32,1,1,00010000000000000000000000000000
12321,5,4/5,pinned,0,,,,,,,,32,1,,00000000000000000000000000000000
12321,5,1/1,remined,0,1,,,,,,,32,1,1,00010000000000000000000000000000
12321,5,1/1,pinned,0,,,,,,,,32,1,,00000000000000000000000000000000
12322,5,1/2,remined,0,1,,,,,,,32,1,1,00010011111001101001100000110100
12322,5,1/2,pinned,0,,,,,,,,32,1,,00000000000000000000000000000000
12322,5,2/3,remined,0,1,,,,,,,32,1,1,00010000000000001001100000000000
12322,5,2/3,pinned,0,,,,,,,,32,1,,00000000000000000000000000000000
12322,5,3/4,remined,0,1,,,,,,,32,1,1,00010000000000000000000000000000
12322,5,3/4,pinned,0,,,,,,,,32,1,,00000000000000000000000000000000
12322,5,4/5,remined,0,1,,,,,,,32,1,1,00010000000000000000000000000000
12322,5,4/5,pinned,0,,,,,,,,32,1,,00000000000000000000000000000000
12322,5,1/1,remined,0,1,,,,,,,32,1,1,00010000000000000000000000000000
12322,5,1/1,pinned,0,,,,,,,,32,1,,00000000000000000000000000000000
12323,5,1/2,remined,1,1,1,1,1,1,0,0,32,1,1,00010111111011111011110101111111
12323,5,1/2,pinned,1,4,4,4,1,1,0,0,32,1,4,00000000000000000000000000010101
12323,5,2/3,remined,0,1,,,,,,,32,1,1,00010100000000101011110101010100
12323,5,2/3,pinned,0,,,,,,,,32,1,,00000000000000000000000000000000
12323,5,3/4,remined,0,1,,,,,,,32,1,1,00010100000000100000000000010100
12323,5,3/4,pinned,0,,,,,,,,32,1,,00000000000000000000000000000000
12323,5,4/5,remined,0,1,,,,,,,32,1,1,00010100000000100000000000000000
12323,5,4/5,pinned,0,,,,,,,,32,1,,00000000000000000000000000000000
12323,5,1/1,remined,0,1,,,,,,,32,1,1,00010100000000100000000000000000
12323,5,1/1,pinned,0,,,,,,,,32,1,,00000000000000000000000000000000
12331,5,1/2,remined,1,1,1,1,1,1,0,0,32,1,1,00011011101111111101001111111111
12331,5,1/2,pinned,1,4,4,4,1,1,0,0,32,1,4,00000000000000000000000000100011
12331,5,2/3,remined,0,1,,,,,,,32,1,1,00011000000001001101001111100010
12331,5,2/3,pinned,0,,,,,,,,32,1,,00000000000000000000000000000000
12331,5,3/4,remined,0,1,,,,,,,32,1,1,00011000000001000000000000100010
12331,5,3/4,pinned,0,,,,,,,,32,1,,00000000000000000000000000000000
12331,5,4/5,remined,0,1,,,,,,,32,1,1,00011000000001000000000000000000
12331,5,4/5,pinned,0,,,,,,,,32,1,,00000000000000000000000000000000
12331,5,1/1,remined,0,1,,,,,,,32,1,1,00011000000001000000000000000000
12331,5,1/1,pinned,0,,,,,,,,32,1,,00000000000000000000000000000000
12332,5,1/2,remined,1,1,1,1,1,1,0,0,32,1,1,00011011111101111101111001111111
12332,5,1/2,pinned,1,4,4,4,1,1,0,0,32,1,4,00000000000000000000000000100101
12332,5,2/3,remined,0,1,,,,,,,32,1,1,00011000000001001101111001100100
12332,5,2/3,pinned,0,,,,,,,,32,1,,00000000000000000000000000000000
12332,5,3/4,remined,0,1,,,,,,,32,1,1,00011000000001000000000000100100
12332,5,3/4,pinned,0,,,,,,,,32,1,,00000000000000000000000000000000
12332,5,4/5,remined,0,1,,,,,,,32,1,1,00011000000001000000000000000000
12332,5,4/5,pinned,0,,,,,,,,32,1,,00000000000000000000000000000000
12332,5,1/1,remined,0,1,,,,,,,32,1,1,00011000000001000000000000000000
12332,5,1/1,pinned,0,,,,,,,,32,1,,00000000000000000000000000000000
12333,5,1/2,remined,1,1,1,1,1,1,0,0,32,1,1,00011111111111111111111111111111
12333,5,1/2,pinned,1,3,3,3,1,1,0,0,32,1,3,00000000000000000000000001111111
12333,5,2/3,remined,1,1,1,1,1,1,0,0,32,1,1,00011100000001111111111111111111
12333,5,2/3,pinned,1,5,5,5,1,1,1,1,32,1,5,00000000000000000000000000000001
12333,5,3/4,remined,1,1,1,1,1,1,0,0,32,1,1,00011100000001110000000001111111
12333,5,3/4,pinned,1,5,5,5,1,1,1,1,32,1,5,00000000000000000000000000000001
12333,5,4/5,remined,1,1,5,5,1,0,1,0,32,1,1,00011100000001110000000001000001
12333,5,4/5,pinned,1,5,5,5,1,1,1,1,32,1,5,00000000000000000000000000000001
12333,5,1/1,remined,0,1,,,,,,,32,1,1,00011100000001110000000001000000
12333,5,1/1,pinned,0,,,,,,,,32,1,,00000000000000000000000000000000
13111,5,1/2,remined,0,1,,,,,,,32,1,1,00100010001110000000000000000000
13111,5,1/2,pinned,0,,,,,,,,32,1,,00000000000000000000000000000000
13111,5,2/3,remined,0,1,,,,,,,32,1,1,00100000000000000000000000000000
13111,5,2/3,pinned,0,,,,,,,,32,1,,00000000000000000000000000000000
13111,5,3/4,remined,0,1,,,,,,,32,1,1,00100000000000000000000000000000
13111,5,3/4,pinned,0,,,,,,,,32,1,,00000000000000000000000000000000
13111,5,4/5,remined,0,1,,,,,,,32,1,1,00100000000000000000000000000000
13111,5,4/5,pinned,0,,,,,,,,32,1,,00000000000000000000000000000000
13111,5,1/1,remined,0,1,,,,,,,32,1,1,00100000000000000000000000000000
13111,5,1/1,pinned,0,,,,,,,,32,1,,00000000000000000000000000000000
13112,5,1/2,remined,0,1,,,,,,,32,1,1,00100010011110110010000110011010
13112,5,1/2,pinned,0,,,,,,,,32,1,,00000000000000000000000000000000
13112,5,2/3,remined,0,1,,,,,,,32,1,1,00100000000000000010000110000000
13112,5,2/3,pinned,0,,,,,,,,32,1,,00000000000000000000000000000000
13112,5,3/4,remined,0,1,,,,,,,32,1,1,00100000000000000000000000000000
13112,5,3/4,pinned,0,,,,,,,,32,1,,00000000000000000000000000000000
13112,5,4/5,remined,0,1,,,,,,,32,1,1,00100000000000000000000000000000
13112,5,4/5,pinned,0,,,,,,,,32,1,,00000000000000000000000000000000
13112,5,1/1,remined,0,1,,,,,,,32,1,1,00100000000000000000000000000000
13112,5,1/1,pinned,0,,,,,,,,32,1,,00000000000000000000000000000000
13113,5,1/2,remined,0,1,,,,,,,32,1,1,00100110011110110010000110011010
13113,5,1/2,pinned,0,,,,,,,,32,1,,00000000000000000000000000000000
13113,5,2/3,remined,0,1,,,,,,,32,1,1,00100100000010000010000110000000
13113,5,2/3,pinned,0,,,,,,,,32,1,,00000000000000000000000000000000
13113,5,3/4,remined,0,1,,,,,,,32,1,1,00100100000010000000000000000000
13113,5,3/4,pinned,0,,,,,,,,32,1,,00000000000000000000000000000000
13113,5,4/5,remined,0,1,,,,,,,32,1,1,00100100000010000000000000000000
13113,5,4/5,pinned,0,,,,,,,,32,1,,00000000000000000000000000000000
13113,5,1/1,remined,0,1,,,,,,,32,1,1,00100100000010000000000000000000
13113,5,1/1,pinned,0,,,,,,,,32,1,,00000000000000000000000000000000
13121,5,1/2,remined,0,1,,,,,,,32,1,1,00100010101111010100001010101010
13121,5,1/2,pinned,0,,,,,,,,32,1,,00000000000000000000000000000000
13121,5,2/3,remined,0,1,,,,,,,32,1,1,00100000000000000100001010000000
13121,5,2/3,pinned,0,,,,,,,,32,1,,00000000000000000000000000000000
13121,5,3/4,remined,0,1,,,,,,,32,1,1,00100000000000000000000000000000
13121,5,3/4,pinned,0,,,,,,,,32,1,,00000000000000000000000000000000
13121,5,4/5,remined,0,1,,,,,,,32,1,1,00100000000000000000000000000000
13121,5,4/5,pinned,0,,,,,,,,32,1,,00000000000000000000000000000000
13121,5,1/1,remined,0,1,,,,,,,32,1,1,00100000000000000000000000000000
13121,5,1/1,pinned,0,,,,,,,,32,1,,00000000000000000000000000000000
13122,5,1/2,remined,1,1,2,1,0,1,0,0,32,1,1,00100010111111100110001100111111
13122,5,1/2,pinned,1,5,5,5,1,1,1,1,32,1,5,00000000000000000000000000000001
13122,5,2/3,remined,0,1,,,,,,,32,1,1,00100000000000000110001100000000
13122,5,2/3,pinned,0,,,,,,,,32,1,,00000000000000000000000000000000
13122,5,3/4,remined,0,1,,,,,,,32,1,1,00100000000000000000000000000000
13122,5,3/4,pinned,0,,,,,,,,32,1,,00000000000000000000000000000000
13122,5,4/5,remined,0,1,,,,,,,32,1,1,00100000000000000000000000000000
13122,5,4/5,pinned,0,,,,,,,,32,1,,00000000000000000000000000000000
13122,5,1/1,remined,0,1,,,,,,,32,1,1,00100000000000000000000000000000
13122,5,1/1,pinned,0,,,,,,,,32,1,,00000000000000000000000000000000
13123,5,1/2,remined,1,1,1,1,1,1,0,0,32,1,1,00100110111111110110011111111111
13123,5,1/2,pinned,1,4,4,4,1,1,0,0,32,1,4,00000000000000000000000000001011
13123,5,2/3,remined,0,1,,,,,,,32,1,1,00100100000010000110011111001010
13123,5,2/3,pinned,0,,,,,,,,32,1,,00000000000000000000000000000000
13123,5,3/4,remined,0,1,,,,,,,32,1,1,00100100000010000000000000001010
13123,5,3/4,pinned,0,,,,,,,,32,1,,00000000000000000000000000000000
13123,5,4/5,remined,0,1,,,,,,,32,1,1,00100100000010000000000000000000
13123,5,4/5,pinned,0,,,,,,,,32,1,,00000000000000000000000000000000
13123,5,1/1,remined,0,1,,,,,,,32,1,1,00100100000010000000000000000000
13123,5,1/1,pinned,0,,,,,,,,32,1,,00000000000000000000000000000000
13131,5,1/2,remined,0,1,,,,,,,32,1,1,00101010101111010100001010101010
13131,5,1/2,pinned,0,,,,,,,,32,1,,00000000000000000000000000000000
13131,5,2/3,remined,0,1,,,,,,,32,1,1,00101000000100000100001010000000
13131,5,2/3,pinned,0,,,,,,,,32,1,,00000000000000000000000000000000
13131,5,3/4,remined,0,1,,,,,,,32,1,1,00101000000100000000000000000000
13131,5,3/4,pinned,0,,,,,,,,32,1,,00000000000000000000000000000000
13131,5,4/5,remined,0,1,,,,,,,32,1,1,00101000000100000000000000000000
13131,5,4/5,pinned,0,,,,,,,,32,1,,00000000000000000000000000000000
13131,5,1/1,remined,0,1,,,,,,,32,1,1,00101000000100000000000000000000
13131,5,1/1,pinned,0,,,,,,,,32,1,,00000000000000000000000000000000
13132,5,1/2,remined,1,1,1,1,1,1,0,0,32,1,1,00101010111111110110011111111111
13132,5,1/2,pinned,1,4,4,4,1,1,0,0,32,1,4,00000000000000000000000000001011
13132,5,2/3,remined,0,1,,,,,,,32,1,1,00101000000100000110011111001010
13132,5,2/3,pinned,0,,,,,,,,32,1,,00000000000000000000000000000000
13132,5,3/4,remined,0,1,,,,,,,32,1,1,00101000000100000000000000001010
13132,5,3/4,pinned,0,,,,,,,,32,1,,00000000000000000000000000000000
13132,5,4/5,remined,0,1,,,,,,,32,1,1,00101000000100000000000000000000
13132,5,4/5,pinned,0,,,,,,,,32,1,,00000000000000000000000000000000
13132,5,1/1,remined,0,1,,,,,,,32,1,1,00101000000100000000000000000000
13132,5,1/1,pinned,0,,,,,,,,32,1,,00000000000000000000000000000000
13133,5,1/2,remined,1,1,1,1,1,1,0,0,32,1,1,00101110111111110110011111111111
13133,5,1/2,pinned,1,3,3,3,1,1,0,0,32,1,3,00000000000000000000000010001011
13133,5,2/3,remined,0,1,,,,,,,32,1,1,00101100000110010110011111001010
13133,5,2/3,pinned,0,,,,,,,,32,1,,00000000000000000000000000000000
13133,5,3/4,remined,0,1,,,,,,,32,1,1,00101100000110010000000010001010
13133,5,3/4,pinned,0,,,,,,,,32,1,,00000000000000000000000000000000
13133,5,4/5,remined,0,1,,,,,,,32,1,1,00101100000110010000000010000000
13133,5,4/5,pinned,0,,,,,,,,32,1,,00000000000000000000000000000000
13133,5,1/1,remined,0,1,,,,,,,32,1,1,00101100000110010000000010000000
13133,5,1/1,pinned,0,,,,,,,,32,1,,00000000000000000000000000000000
13211,5,1/2,remined,0,1,,,,,,,32,1,1,00100011001111101000001100110010
13211,5,1/2,pinned,0,,,,,,,,32,1,,00000000000000000000000000000000
13211,5,2/3,remined,0,1,,,,,,,32,1,1,00100000000000001000001100000000
13211,5,2/3,pinned,0,,,,,,,,32,1,,00000000000000000000000000000000
13211,5,3/4,remined,0,1,,,,,,,32,1,1,00100000000000000000000000000000
13211,5,3/4,pinned,0,,,,,,,,32,1,,00000000000000000000000000000000
13211,5,4/5,remined,0,1,,,,,,,32,1,1,00100000000000000000000000000000
13211,5,4/5,pinned,0,,,,,,,,32,1,,00000000000000000000000000000000
13211,5,1/1,remined,0,1,,,,,,,32,1,1,00100000000000000000000000000000
13211,5,1/1,pinned,0,,,,,,,,32,1,,00000000000000000000000000000000
13212,5,1/2,remined,1,1,1,1,1,1,0,0,32,1,1,00100011011111011010001010111111
13212,5,1/2,pinned,1,5,5,5,1,1,1,1,32,1,5,00000000000000000000000000000001
13212,5,2/3,remined,0,1,,,,,,,32,1,1,00100000000000001010001010000000
13212,5,2/3,pinned,0,,,,,,,,32,1,,00000000000000000000000000000000
13212,5,3/4,remined,0,1,,,,,,,32,1,1,00100000000000000000000000000000
13212,5,3/4,pinned,0,,,,,,,,32,1,,00000000000000000000000000000000
13212,5,4/5,remined,0,1,,,,,,,32,1,1,00100000000000000000000000000000
13212,5,4/5,pinned,0,,,,,,,,32,1,,00000000000000000000000000000000
13212,5,1/1,remined,0,1,,,,,,,32,1,1,00100000000000000000000000000000
13212,5,1/1,pinned,0,,,,,,,,32,1,,00000000000000000000000000000000
13213,5,1/2,remined,1,1,1,1,1,1,0,0,32,1,1,00100111011111111010101111111111
13213,5,1/2,pinned,1,4,4,4,1,1,0,0,32,1,4,00000000000000000000000000010011
13213,5,2/3,remined,0,1,,,,,,,32,1,1,00100100000010001010101111010010
13213,5,2/3,pinned,0,,,,,,,,32,1,,00000000000000000000000000000000
13213,5,3/4,remined,0,1,,,,,,,32,1,1,00100100000010000000000000010010
13213,5,3/4,pinned,0,,,,,,,,32,1,,00000000000000000000000000000000
13213,5,4/5,remined,0,1,,,,,,,32,1,1,00100100000010000000000000000000
13213,5,4/5,pinned,0,,,,,,,,32,1,,00000000000000000000000000000000
13213,5,1/1,remined,0,1,,,,,,,32,1,1,00100100000010000000000000000000
13213,5,1/1,pinned,0,,,,,,,,32,1,,00000000000000000000000000000000
13221,5,1/2,remined,1,1,1,1,1,1,0,0,32,1,1,00100011101110111100000110111111
13221,5,1/2,pinned,1,5,5,5,1,1,1,1,32,1,5,00000000000000000000000000000001
13221,5,2/3,remined,0,1,,,,,,,32,1,1,00100000000000001100000110000000
13221,5,2/3,pinned,0,,,,,,,,32,1,,00000000000000000000000000000000
13221,5,3/4,remined,0,1,,,,,,,32,1,1,00100000000000000000000000000000
13221,5,3/4,pinned,0,,,,,,,,32,1,,00000000000000000000000000000000
13221,5,4/5,remined,0,1,,,,,,,32,1,1,00100000000000000000000000000000
13221,5,4/5,pinned,0,,,,,,,,32,1,,00000000000000000000000000000000
13221,5,1/1,remined,0,1,,,,,,,32,1,1,00100000000000000000000000000000
13221,5,1/1,pinned,0,,,,,,,,32,1,,00000000000000000000000000000000
13222,5,1/2,remined,0,1,,,,,,,32,1,1,00100011111110001110000000111000
13222,5,1/2,pinned,0,,,,,,,,32,1,,00000000000000000000000000000000
13222,5,2/3,remined,0,1,,,,,,,32,1,1,00100000000000001110000000000000
13222,5,2/3,pinned,0,,,,,,,,32,1,,00000000000000000000000000000000
13222,5,3/4,remined,0,1,,,,,,,32,1,1,00100000000000000000000000000000
13222,5,3/4,pinned,0,,,,,,,,32,1,,00000000000000000000000000000000
13222,5,4/5,remined,0,1,,,,,,,32,1,1,00100000000000000000000000000000
13222,5,4/5,pinned,0,,,,,,,,32,1,,00000000000000000000000000000000
13222,5,1/1,remined,0,1,,,,,,,32,1,1,00100000000000000000000000000000
13222,5,1/1,pinned,0,,,,,,,,32,1,,00000000000000000000000000000000
13223,5,1/2,remined,1,1,1,1,1,1,0,0,32,1,1,00100111111110111110110110111111
13223,5,1/2,pinned,1,4,4,4,1,1,0,0,32,1,4,00000000000000000000000000011001
13223,5,2/3,remined,0,1,,,,,,,32,1,1,00100100000010001110110110011000
13223,5,2/3,pinned,0,,,,,,,,32,1,,00000000000000000000000000000000
13223,5,3/4,remined,0,1,,,,,,,32,1,1,00100100000010000000000000011000
13223,5,3/4,pinned,0,,,,,,,,32,1,,00000000000000000000000000000000
13223,5,4/5,remined,0,1,,,,,,,32,1,1,00100100000010000000000000000000
13223,5,4/5,pinned,0,,,,,,,,32,1,,00000000000000000000000000000000
13223,5,1/1,remined,0,1,,,,,,,32,1,1,00100100000010000000000000000000
13223,5,1/1,pinned,0,,,,,,,,32,1,,00000000000000000000000000000000
13231,5,1/2,remined,1,1,1,1,1,1,0,0,32,1,1,00101011101111111101001111111111
13231,5,1/2,pinned,1,4,4,4,1,1,0,0,32,1,4,00000000000000000000000000100011
13231,5,2/3,remined,0,1,,,,,,,32,1,1,00101000000100001101001111100010
13231,5,2/3,pinned,0,,,,,,,,32,1,,00000000000000000000000000000000
13231,5,3/4,remined,0,1,,,,,,,32,1,1,00101000000100000000000000100010
13231,5,3/4,pinned,0,,,,,,,,32,1,,00000000000000000000000000000000
13231,5,4/5,remined,0,1,,,,,,,32,1,1,00101000000100000000000000000000
13231,5,4/5,pinned,0,,,,,,,,32,1,,00000000000000000000000000000000
13231,5,1/1,remined,0,1,,,,,,,32,1,1,00101000000100000000000000000000
13231,5,1/1,pinned,0,,,,,,,,32,1,,00000000000000000000000000000000
13232,5,1/2,remined,1,1,1,1,1,1,0,0,32,1,1,00101011111111011111011010111111
13232,5,1/2,pinned,1,4,4,4,1,1,0,0,32,1,4,00000000000000000000000000101001
13232,5,2/3,remined,0,1,,,,,,,32,1,1,00101000000100001111011010101000
13232,5,2/3,pinned,0,,,,,,,,32,1,,00000000000000000000000000000000
13232,5,3/4,remined,0,1,,,,,,,32,1,1,00101000000100000000000000101000
13232,5,3/4,pinned,0,,,,,,,,32,1,,00000000000000000000000000000000
13232,5,4/5,remined,0,1,,,,,,,32,1,1,00101000000100000000000000000000
13232,5,4/5,pinned,0,,,,,,,,32,1,,00000000000000000000000000000000
13232,5,1/1,remined,0,1,,,,,,,32,1,1,00101000000100000000000000000000
13232,5,1/1,pinned,0,,,,,,,,32,1,,00000000000000000000000000000000
13233,5,1/2,remined,1,1,1,1,1,1,0,0,32,1,1,00101111111111111111111111111111
13233,5,1/2,pinned,1,3,3,3,1,1,0,0,32,1,3,00000000000000000000000010111111
13233,5,2/3,remined,1,1,1,1,1,1,0,0,32,1,1,00101100000110011111111111111111
13233,5,2/3,pinned,1,5,5,5,1,1,1,1,32,1,5,00000000000000000000000000000001
13233,5,3/4,remined,1,1,1,1,1,1,0,0,32,1,1,00101100000110010000000010111111
13233,5,3/4,pinned,1,5,5,5,1,1,1,1,32,1,5,00000000000000000000000000000001
13233,5,4/5,remined,1,1,5,5,1,0,1,0,32,1,1,00101100000110010000000010000001
13233,5,4/5,pinned,1,5,5,5,1,1,1,1,32,1,5,00000000000000000000000000000001
13233,5,1/1,remined,0,1,,,,,,,32,1,1,00101100000110010000000010000000
13233,5,1/1,pinned,0,,,,,,,,32,1,,00000000000000000000000000000000
13311,5,1/2,remined,0,1,,,,,,,32,1,1,00110011001111101000001100110010
13311,5,1/2,pinned,0,,,,,,,,32,1,,00000000000000000000000000000000
13311,5,2/3,remined,0,1,,,,,,,32,1,1,00110000001000001000001100000000
13311,5,2/3,pinned,0,,,,,,,,32,1,,00000000000000000000000000000000
13311,5,3/4,remined,0,1,,,,,,,32,1,1,00110000001000000000000000000000
13311,5,3/4,pinned,0,,,,,,,,32,1,,00000000000000000000000000000000
13311,5,4/5,remined,0,1,,,,,,,32,1,1,00110000001000000000000000000000
13311,5,4/5,pinned,0,,,,,,,,32,1,,00000000000000000000000000000000
13311,5,1/1,remined,0,1,,,,,,,32,1,1,00110000001000000000000000000000
13311,5,1/1,pinned,0,,,,,,,,32,1,,00000000000000000000000000000000
13312,5,1/2,remined,1,1,2,2,1,1,0,0,32,1,1,00110011011111111010101111111111
13312,5,1/2,pinned,1,4,4,4,1,1,0,0,32,1,4,00000000000000000000000000010011
13312,5,2/3,remined,0,1,,,,,,,32,1,1,00110000001000001010101111010010
13312,5,2/3,pinned,0,,,,,,,,32,1,,00000000000000000000000000000000
13312,5,3/4,remined,0,1,,,,,,,32,1,1,00110000001000000000000000010010
13312,5,3/4,pinned,0,,,,,,,,32,1,,00000000000000000000000000000000
13312,5,4/5,remined,0,1,,,,,,,32,1,1,00110000001000000000000000000000
13312,5,4/5,pinned,0,,,,,,,,32,1,,00000000000000000000000000000000
13312,5,1/1,remined,0,1,,,,,,,32,1,1,00110000001000000000000000000000
13312,5,1/1,pinned,0,,,,,,,,32,1,,00000000000000000000000000000000
13313,5,1/2,remined,1,1,1,1,1,1,0,0,32,1,1,00110111011111111010101111111111
13313,5,1/2,pinned,1,3,3,3,1,1,0,0,32,1,3,00000000000000000000000100010011
13313,5,2/3,remined,0,1,,,,,,,32,1,1,00110100001010101010101111010010
13313,5,2/3,pinned,0,,,,,,,,32,1,,00000000000000000000000000000000
13313,5,3/4,remined,0,1,,,,,,,32,1,1,00110100001010100000000100010010
13313,5,3/4,pinned,0,,,,,,,,32,1,,00000000000000000000000000000000
13313,5,4/5,remined,0,1,,,,,,,32,1,1,00110100001010100000000100000000
13313,5,4/5,pinned,0,,,,,,,,32,1,,00000000000000000000000000000000
13313,5,1/1,remined,0,1,,,,,,,32,1,1,00110100001010100000000100000000
13313,5,1/1,pinned,0,,,,,,,,32,1,,00000000000000000000000000000000
13321,5,1/2,remined,1,1,2,2,1,1,0,0,32,1,1,00110011101111111101001111111111
13321,5,1/2,pinned,1,4,4,4,1,1,0,0,32,1,4,00000000000000000000000000100011
13321,5,2/3,remined,0,1,,,,,,,32,1,1,00110000001000001101001111100010
13321,5,2/3,pinned,0,,,,,,,,32,1,,00000000000000000000000000000000
13321,5,3/4,remined,0,1,,,,,,,32,1,1,00110000001000000000000000100010
13321,5,3/4,pinned,0,,,,,,,,32,1,,00000000000000000000000000000000
13321,5,4/5,remined,0,1,,,,,,,32,1,1,00110000001000000000000000000000
13321,5,4/5,pinned,0,,,,,,,,32,1,,00000000000000000000000000000000
13321,5,1/1,remined,0,1,,,,,,,32,1,1,00110000001000000000000000000000
13321,5,1/1,pinned,0,,,,,,,,32,1,,00000000000000000000000000000000
13322,5,1/2,remined,1,1,2,1,0,1,0,0,32,1,1,00110011111111101111101100111111
13322,5,1/2,pinned,1,4,4,4,1,1,0,0,32,1,4,00000000000000000000000000110001
13322,5,2/3,remined,0,1,,,,,,,32,1,1,00110000001000001111101100110000
13322,5,2/3,pinned,0,,,,,,,,32,1,,00000000000000000000000000000000
13322,5,3/4,remined,0,1,,,,,,,32,1,1,00110000001000000000000000110000
13322,5,3/4,pinned,0,,,,,,,,32,1,,00000000000000000000000000000000
13322,5,4/5,remined,0,1,,,,,,,32,1,1,00110000001000000000000000000000
13322,5,4/5,pinned,0,,,,,,,,32,1,,00000000000000000000000000000000
13322,5,1/1,remined,0,1,,,,,,,32,1,1,00110000001000000000000000000000
13322,5,1/1,pinned,0,,,,,,,,32,1,,00000000000000000000000000000000
13323,5,1/2,remined,1,1,1,1,1,1,0,0,32,1,1,00110111111111111111111111111111
13323,5,1/2,pinned,1,3,3,3,1,1,0,0,32,1,3,00000000000000000000000100111111
13323,5,2/3,remined,1,1,1,1,1,1,0,0,32,1,1,00110100001010101111111111111111
13323,5,2/3,pinned,1,5,5,5,1,1,1,1,32,1,5,00000000000000000000000000000001
13323,5,3/4,remined,1,1,2,1,0,1,0,0,32,1,1,00110100001010100000000100111111
13323,5,3/4,pinned,1,5,5,5,1,1,1,1,32,1,5,00000000000000000000000000000001
13323,5,4/5,remined,1,1,5,5,1,0,1,0,32,1,1,00110100001010100000000100000001
13323,5,4/5,pinned,1,5,5,5,1,1,1,1,32,1,5,00000000000000000000000000000001
13323,5,1/1,remined,0,1,,,,,,,32,1,1,00110100001010100000000100000000
13323,5,1/1,pinned,0,,,,,,,,32,1,,00000000000000000000000000000000
13331,5,1/2,remined,1,1,1,1,1,1,0,0,32,1,1,00111011101111111101001111111111
13331,5,1/2,pinned,1,3,3,3,1,1,0,0,32,1,3,00000000000000000000001000100011
13331,5,2/3,remined,0,1,,,,,,,32,1,1,00111000001101001101001111100010
13331,5,2/3,pinned,0,,,,,,,,32,1,,00000000000000000000000000000000
13331,5,3/4,remined,0,1,,,,,,,32,1,1,00111000001101000000001000100010
13331,5,3/4,pinned,0,,,,,,,,32,1,,00000000000000000000000000000000
13331,5,4/5,remined,0,1,,,,,,,32,1,1,00111000001101000000001000000000
13331,5,4/5,pinned,0,,,,,,,,32,1,,00000000000000000000000000000000
13331,5,1/1,remined,0,1,,,,,,,32,1,1,00111000001101000000001000000000
13331,5,1/1,pinned,0,,,,,,,,32,1,,00000000000000000000000000000000
13332,5,1/2,remined,1,1,1,1,1,1,0,0,32,1,1,00111011111111111111111111111111
13332,5,1/2,pinned,1,3,3,3,1,1,0,0,32,1,3,00000000000000000000001000111111
13332,5,2/3,remined,1,1,2,1,0,1,0,0,32,1,1,00111000001101001111111111111111
13332,5,2/3,pinned,1,5,5,5,1,1,1,1,32,1,5,00000000000000000000000000000001
13332,5,3/4,remined,1,1,3,1,0,1,0,0,32,1,1,00111000001101000000001000111111
13332,5,3/4,pinned,1,5,5,5,1,1,1,1,32,1,5,00000000000000000000000000000001
13332,5,4/5,remined,1,1,5,5,1,0,1,0,32,1,1,00111000001101000000001000000001
13332,5,4/5,pinned,1,5,5,5,1,1,1,1,32,1,5,00000000000000000000000000000001
13332,5,1/1,remined,0,1,,,,,,,32,1,1,00111000001101000000001000000000
13332,5,1/1,pinned,0,,,,,,,,32,1,,00000000000000000000000000000000
13333,5,1/2,remined,1,1,1,1,1,1,0,0,32,1,1,00111111111111111111111111111111
13333,5,1/2,pinned,1,3,3,3,1,1,0,0,32,1,3,00000000000000000000001111111111
13333,5,2/3,remined,1,1,1,1,1,1,0,0,32,1,1,00111100001111111111111111111111
13333,5,2/3,pinned,1,4,4,4,1,1,0,0,32,1,4,00000000000000000000000000000011
13333,5,3/4,remined,1,1,1,1,1,1,0,0,32,1,1,00111100001111110000001111111111
13333,5,3/4,pinned,1,4,4,4,1,1,0,0,32,1,4,00000000000000000000000000000011
13333,5,4/5,remined,1,1,1,1,1,1,0,0,32,1,1,00111100001111110000001111000011
13333,5,4/5,pinned,1,4,4,4,1,1,0,0,32,1,4,00000000000000000000000000000011
13333,5,1/1,remined,0,1,,,,,,,32,1,1,00111100001111110000001111000010
13333,5,1/1,pinned,0,,,,,,,,32,1,,00000000000000000000000000000000
21111,5,1/2,remined,0,2,,,,,,,32,1,2,00000011110000000000000000000000
21111,5,1/2,pinned,0,,,,,,,,32,1,,00000000000000000000000000000000
21111,5,2/3,remined,0,,,,,,,,32,1,,00000000000000000000000000000000
21111,5,2/3,pinned,0,,,,,,,,32,1,,00000000000000000000000000000000
21111,5,3/4,remined,0,,,,,,,,32,1,,00000000000000000000000000000000
21111,5,3/4,pinned,0,,,,,,,,32,1,,00000000000000000000000000000000
21111,5,4/5,remined,0,,,,,,,,32,1,,00000000000000000000000000000000
21111,5,4/5,pinned,0,,,,,,,,32,1,,00000000000000000000000000000000
21111,5,1/1,remined,0,,,,,,,,32,1,,00000000000000000000000000000000
21111,5,1/1,pinned,0,,,,,,,,32,1,,00000000000000000000000000000000
21112,5,1/2,remined,0,2,,,,,,,32,1,2,00000011100010110000000000011100
21112,5,1/2,pinned,0,,,,,,,,32,1,,00000000000000000000000000000000
21112,5,2/3,remined,0,,,,,,,,32,1,,00000000000000000000000000000000
21112,5,2/3,pinned,0,,,,,,,,32,1,,00000000000000000000000000000000
21112,5,3/4,remined,0,,,,,,,,32,1,,00000000000000000000000000000000
21112,5,3/4,pinned,0,,,,,,,,32,1,,00000000000000000000000000000000
21112,5,4/5,remined,0,,,,,,,,32,1,,00000000000000000000000000000000
21112,5,4/5,pinned,0,,,,,,,,32,1,,00000000000000000000000000000000
21112,5,1/1,remined,0,,,,,,,,32,1,,00000000000000000000000000000000
21112,5,1/1,pinned,0,,,,,,,,32,1,,00000000000000000000000000000000
21113,5,1/2,remined,0,1,,,,,,,32,1,1,00000111110010110010110000011100
21113,5,1/2,pinned,0,,,,,,,,32,1,,00000000000000000000000000000000
21113,5,2/3,remined,0,1,,,,,,,32,1,1,00000100000000000010110000000000
21113,5,2/3,pinned,0,,,,,,,,32,1,,00000000000000000000000000000000
21113,5,3/4,remined,0,1,,,,,,,32,1,1,00000100000000000000000000000000
21113,5,3/4,pinned,0,,,,,,,,32,1,,00000000000000000000000000000000
21113,5,4/5,remined,0,1,,,,,,,32,1,1,00000100000000000000000000000000
21113,5,4/5,pinned,0,,,,,,,,32,1,,00000000000000000000000000000000
21113,5,1/1,remined,0,1,,,,,,,32,1,1,00000100000000000000000000000000
21113,5,1/1,pinned,0,,,,,,,,32,1,,00000000000000000000000000000000
21121,5,1/2,remined,0,2,,,,,,,32,1,2,00000011010101010000000000101100
21121,5,1/2,pinned,0,,,,,,,,32,1,,00000000000000000000000000000000
21121,5,2/3,remined,0,,,,,,,,32,1,,00000000000000000000000000000000
21121,5,2/3,pinned,0,,,,,,,,32,1,,00000000000000000000000000000000
21121,5,3/4,remined,0,,,,,,,,32,1,,00000000000000000000000000000000
21121,5,3/4,pinned,0,,,,,,,,32,1,,00000000000000000000000000000000
21121,5,4/5,remined,0,,,,,,,,32,1,,00000000000000000000000000000000
21121,5,4/5,pinned,0,,,,,,,,32,1,,00000000000000000000000000000000
21121,5,1/1,remined,0,,,,,,,,32,1,,00000000000000000000000000000000
21121,5,1/1,pinned,0,,,,,,,,32,1,,00000000000000000000000000000000
21122,5,1/2,remined,0,2,,,,,,,32,1,2,00000011000111100000000000110010
21122,5,1/2,pinned,0,,,,,,,,32,1,,00000000000000000000000000000000
21122,5,2/3,remined,0,,,,,,,,32,1,,00000000000000000000000000000000
21122,5,2/3,pinned,0,,,,,,,,32,1,,00000000000000000000000000000000
21122,5,3/4,remined,0,,,,,,,,32,1,,00000000000000000000000000000000
21122,5,3/4,pinned,0,,,,,,,,32,1,,00000000000000000000000000000000
21122,5,4/5,remined,0,,,,,,,,32,1,,00000000000000000000000000000000
21122,5,4/5,pinned,0,,,,,,,,32,1,,00000000000000000000000000000000
21122,5,1/1,remined,0,,,,,,,,32,1,,00000000000000000000000000000000
21122,5,1/1,pinned,0,,,,,,,,32,1,,00000000000000000000000000000000
21123,5,1/2,remined,1,1,1,1,1,1,0,0,32,1,1,00000111010111110010100011111111
21123,5,1/2,pinned,1,5,5,5,1,1,1,1,32,1,5,00000000000000000000000000000001
21123,5,2/3,remined,0,1,,,,,,,32,1,1,00000100000000000010100011000000
21123,5,2/3,pinned,0,,,,,,,,32,1,,00000000000000000000000000000000
21123,5,3/4,remined,0,1,,,,,,,32,1,1,00000100000000000000000000000000
21123,5,3/4,pinned,0,,,,,,,,32,1,,00000000000000000000000000000000
21123,5,4/5,remined,0,1,,,,,,,32,1,1,00000100000000000000000000000000
21123,5,4/5,pinned,0,,,,,,,,32,1,,00000000000000000000000000000000
21123,5,1/1,remined,0,1,,,,,,,32,1,1,00000100000000000000000000000000
21123,5,1/1,pinned,0,,,,,,,,32,1,,00000000000000000000000000000000
21131,5,1/2,remined,0,1,,,,,,,32,1,1,00001011110101010101010000101100
21131,5,1/2,pinned,0,,,,,,,,32,1,,00000000000000000000000000000000
21131,5,2/3,remined,0,1,,,,,,,32,1,1,00001000000000000101010000000000
21131,5,2/3,pinned,0,,,,,,,,32,1,,00000000000000000000000000000000
21131,5,3/4,remined,0,1,,,,,,,32,1,1,00001000000000000000000000000000
21131,5,3/4,pinned,0,,,,,,,,32,1,,00000000000000000000000000000000
21131,5,4/5,remined,0,1,,,,,,,32,1,1,00001000000000000000000000000000
21131,5,4/5,pinned,0,,,,,,,,32,1,,00000000000000000000000000000000
21131,5,1/1,remined,0,1,,,,,,,32,1,1,00001000000000000000000000000000
21131,5,1/1,pinned,0,,,,,,,,32,1,,00000000000000000000000000000000
21132,5,1/2,remined,1,1,1,1,1,1,0,0,32,1,1,00001011100111110101000011111111
21132,5,1/2,pinned,1,5,5,5,1,1,1,1,32,1,5,00000000000000000000000000000001
21132,5,2/3,remined,0,1,,,,,,,32,1,1,00001000000000000101000011000000
21132,5,2/3,pinned,0,,,,,,,,32,1,,00000000000000000000000000000000
21132,5,3/4,remined,0,1,,,,,,,32,1,1,00001000000000000000000000000000
21132,5,3/4,pinned,0,,,,,,,,32,1,,00000000000000000000000000000000
21132,5,4/5,remined,0,1,,,,,,,32,1,1,00001000000000000000000000000000
21132,5,4/5,pinned,0,,,,,,,,32,1,,00000000000000000000000000000000
21132,5,1/1,remined,0,1,,,,,,,32,1,1,00001000000000000000000000000000
21132,5,1/1,pinned,0,,,,,,,,32,1,,00000000000000000000000000000000
21133,5,1/2,remined,1,1,1,1,1,1,0,0,32,1,1,00001111110111110111110011111111
21133,5,1/2,pinned,1,4,4,4,1,1,0,0,32,1,4,00000000000000000000000000001101
21133,5,2/3,remined,0,1,,,,,,,32,1,1,00001100000000010111110011001100
21133,5,2/3,pinned,0,,,,,,,,32,1,,00000000000000000000000000000000
21133,5,3/4,remined,0,1,,,,,,,32,1,1,00001100000000010000000000001100
21133,5,3/4,pinned,0,,,,,,,,32,1,,00000000000000000000000000000000
21133,5,4/5,remined,0,1,,,,,,,32,1,1,00001100000000010000000000000000
21133,5,4/5,pinned,0,,,,,,,,32,1,,00000000000000000000000000000000
21133,5,1/1,remined,0,1,,,,,,,32,1,1,00001100000000010000000000000000
21133,5,1/1,pinned,0,,,,,,,,32,1,,00000000000000000000000000000000
21211,5,1/2,remined,0,2,,,,,,,32,1,2,00000010111001100000000000110100
21211,5,1/2,pinned,0,,,,,,,,32,1,,00000000000000000000000000000000
21211,5,2/3,remined,0,,,,,,,,32,1,,00000000000000000000000000000000
21211,5,2/3,pinned,0,,,,,,,,32,1,,00000000000000000000000000000000
21211,5,3/4,remined,0,,,,,,,,32,1,,00000000000000000000000000000000
21211,5,3/4,pinned,0,,,,,,,,32,1,,00000000000000000000000000000000
21211,5,4/5,remined,0,,,,,,,,32,1,,00000000000000000000000000000000
21211,5,4/5,pinned,0,,,,,,,,32,1,,00000000000000000000000000000000
21211,5,1/1,remined,0,,,,,,,,32,1,,00000000000000000000000000000000
21211,5,1/1,pinned,0,,,,,,,,32,1,,00000000000000000000000000000000
21212,5,1/2,remined,0,2,,,,,,,32,1,2,00000010101011010000000000101010
21212,5,1/2,pinned,0,,,,,,,,32,1,,00000000000000000000000000000000
21212,5,2/3,remined,0,,,,,,,,32,1,,00000000000000000000000000000000
21212,5,2/3,pinned,0,,,,,,,,32,1,,00000000000000000000000000000000
21212,5,3/4,remined,0,,,,,,,,32,1,,00000000000000000000000000000000
21212,5,3/4,pinned,0,,,,,,,,32,1,,00000000000000000000000000000000
21212,5,4/5,remined,0,,,,,,,,32,1,,00000000000000000000000000000000
21212,5,4/5,pinned,0,,,,,,,,32,1,,00000000000000000000000000000000
21212,5,1/1,remined,0,,,,,,,,32,1,,00000000000000000000000000000000
21212,5,1/1,pinned,0,,,,,,,,32,1,,00000000000000000000000000000000
21213,5,1/2,remined,1,1,1,1,1,1,0,0,32,1,1,00000110111011110010010101111111
21213,5,1/2,pinned,1,5,5,5,1,1,1,1,32,1,5,00000000000000000000000000000001
21213,5,2/3,remined,0,1,,,,,,,32,1,1,00000100000000000010010101000000
21213,5,2/3,pinned,0,,,,,,,,32,1,,00000000000000000000000000000000
21213,5,3/4,remined,0,1,,,,,,,32,1,1,00000100000000000000000000000000
21213,5,3/4,pinned,0,,,,,,,,32,1,,00000000000000000000000000000000
21213,5,4/5,remined,0,1,,,,,,,32,1,1,00000100000000000000000000000000
21213,5,4/5,pinned,0,,,,,,,,32,1,,00000000000000000000000000000000
21213,5,1/1,remined,0,1,,,,,,,32,1,1,00000100000000000000000000000000
21213,5,1/1,pinned,0,,,,,,,,32,1,,00000000000000000000000000000000
21221,5,1/2,remined,0,2,,,,,,,32,1,2,00000010011100110000000000011010
21221,5,1/2,pinned,0,,,,,,,,32,1,,00000000000000000000000000000000
21221,5,2/3,remined,0,,,,,,,,32,1,,00000000000000000000000000000000
21221,5,2/3,pinned,0,,,,,,,,32,1,,00000000000000000000000000000000
21221,5,3/4,remined,0,,,,,,,,32,1,,00000000000000000000000000000000
21221,5,3/4,pinned,0,,,,,,,,32,1,,00000000000000000000000000000000
21221,5,4/5,remined,0,,,,,,,,32,1,,00000000000000000000000000000000
21221,5,4/5,pinned,0,,,,,,,,32,1,,00000000000000000000000000000000
21221,5,1/1,remined,0,,,,,,,,32,1,,00000000000000000000000000000000
21221,5,1/1,pinned,0,,,,,,,,32,1,,00000000000000000000000000000000
21222,5,1/2,remined,0,2,,,,,,,32,1,2,00000010001110000000000000000000
21222,5,1/2,pinned,0,,,,,,,,32,1,,00000000000000000000000000000000
21222,5,2/3,remined,0,,,,,,,,32,1,,00000000000000000000000000000000
21222,5,2/3,pinned,0,,,,,,,,32,1,,00000000000000000000000000000000
21222,5,3/4,remined,0,,,,,,,,32,1,,00000000000000000000000000000000
21222,5,3/4,pinned,0,,,,,,,,32,1,,00000000000000000000000000000000
21222,5,4/5,remined,0,,,,,,,,32,1,,00000000000000000000000000000000
21222,5,4/5,pinned,0,,,,,,,,32,1,,00000000000000000000000000000000
21222,5,1/1,remined,0,,,,,,,,32,1,,00000000000000000000000000000000
21222,5,1/1,pinned,0,,,,,,,,32,1,,00000000000000000000000000000000
21223,5,1/2,remined,0,1,,,,,,,32,1,1,00000110011110110010000110011010
21223,5,1/2,pinned,0,,,,,,,,32,1,,00000000000000000000000000000000
21223,5,2/3,remined,0,1,,,,,,,32,1,1,00000100000000000010000110000000
21223,5,2/3,pinned,0,,,,,,,,32,1,,00000000000000000000000000000000
21223,5,3/4,remined,0,1,,,,,,,32,1,1,00000100000000000000000000000000
21223,5,3/4,pinned,0,,,,,,,,32,1,,00000000000000000000000000000000
21223,5,4/5,remined,0,1,,,,,,,32,1,1,00000100000000000000000000000000
21223,5,4/5,pinned,0,,,,,,,,32,1,,00000000000000000000000000000000
21223,5,1/1,remined,0,1,,,,,,,32,1,1,00000100000000000000000000000000
21223,5,1/1,pinned,0,,,,,,,,32,1,,00000000000000000000000000000000
21231,5,1/2,remined,1,1,1,1,1,1,0,0,32,1,1,00001010111101110100011001111111
21231,5,1/2,pinned,1,5,5,5,1,1,1,1,32,1,5,00000000000000000000000000000001
21231,5,2/3,remined,0,1,,,,,,,32,1,1,00001000000000000100011001000000
21231,5,2/3,pinned,0,,,,,,,,32,1,,00000000000000000000000000000000
21231,5,3/4,remined,0,1,,,,,,,32,1,1,00001000000000000000000000000000
21231,5,3/4,pinned,0,,,,,,,,32,1,,00000000000000000000000000000000
21231,5,4/5,remined,0,1,,,,,,,32,1,1,00001000000000000000000000000000
21231,5,4/5,pinned,0,,,,,,,,32,1,,00000000000000000000000000000000
21231,5,1/1,remined,0,1,,,,,,,32,1,1,00001000000000000000000000000000
21231,5,1/1,pinned,0,,,,,,,,32,1,,00000000000000000000000000000000
21232,5,1/2,remined,0,1,,,,,,,32,1,1,00001010101111010100001010101010
21232,5,1/2,pinned,0,,,,,,,,32,1,,00000000000000000000000000000000
21232,5,2/3,remined,0,1,,,,,,,32,1,1,00001000000000000100001010000000
21232,5,2/3,pinned,0,,,,,,,,32,1,,00000000000000000000000000000000
21232,5,3/4,remined,0,1,,,,,,,32,1,1,00001000000000000000000000000000
21232,5,3/4,pinned,0,,,,,,,,32,1,,00000000000000000000000000000000
21232,5,4/5,remined,0,1,,,,,,,32,1,1,00001000000000000000000000000000
21232,5,4/5,pinned,0,,,,,,,,32,1,,00000000000000000000000000000000
21232,5,1/1,remined,0,1,,,,,,,32,1,1,00001000000000000000000000000000
21232,5,1/1,pinned,0,,,,,,,,32,1,,00000000000000000000000000000000
21233,5,1/2,remined,1,1,1,1,1,1,0,0,32,1,1,00001110111111110110011111111111
21233,5,1/2,pinned,1,4,4,4,1,1,0,0,32,1,4,00000000000000000000000000001011
21233,5,2/3,remined,0,1,,,,,,,32,1,1,00001100000000010110011111001010
21233,5,2/3,pinned,0,,,,,,,,32,1,,00000000000000000000000000000000
21233,5,3/4,remined,0,1,,,,,,,32,1,1,00001100000000010000000000001010
21233,5,3/4,pinned,0,,,,,,,,32,1,,00000000000000000000000000000000
21233,5,4/5,remined,0,1,,,,,,,32,1,1,00001100000000010000000000000000
21233,5,4/5,pinned,0,,,,,,,,32,1,,00000000000000000000000000000000
21233,5,1/1,remined,0,1,,,,,,,32,1,1,00001100000000010000000000000000
21233,5,1/1,pinned,0,,,,,,,,32,1,,00000000000000000000000000000000
21311,5,1/2,remined,0,1,,,,,,,32,1,1,00010011111001101001100000110100
21311,5,1/2,pinned,0,,,,,,,,32,1,,00000000000000000000000000000000
21311,5,2/3,remined,0,1,,,,,,,32,1,1,00010000000000001001100000000000
21311,5,2/3,pinned,0,,,,,,,,32,1,,00000000000000000000000000000000
21311,5,3/4,remined,0,1,,,,,,,32,1,1,00010000000000000000000000000000
21311,5,3/4,pinned,0,,,,,,,,32,1,,00000000000000000000000000000000
21311,5,4/5,remined,0,1,,,,,,,32,1,1,00010000000000000000000000000000
21311,5,4/5,pinned,0,,,,,,,,32,1,,00000000000000000000000000000000
21311,5,1/1,remined,0,1,,,,,,,32,1,1,00010000000000000000000000000000
21311,5,1/1,pinned,0,,,,,,,,32,1,,00000000000000000000000000000000
21312,5,1/2,remined,1,1,2,2,1,1,0,0,32,1,1,00010011101011111001000101111111
21312,5,1/2,pinned,1,5,5,5,1,1,1,1,32,1,5,00000000000000000000000000000001
21312,5,2/3,remined,0,1,,,,,,,32,1,1,00010000000000001001000101000000
21312,5,2/3,pinned,0,,,,,,,,32,1,,00000000000000000000000000000000
21312,5,3/4,remined,0,1,,,,,,,32,1,1,00010000000000000000000000000000
21312,5,3/4,pinned,0,,,,,,,,32,1,,00000000000000000000000000000000
21312,5,4/5,remined,0,1,,,,,,,32,1,1,00010000000000000000000000000000
21312,5,4/5,pinned,0,,,,,,,,32,1,,00000000000000000000000000000000
21312,5,1/1,remined,0,1,,,,,,,32,1,1,00010000000000000000000000000000
21312,5,1/1,pinned,0,,,,,,,,32,1,,00000000000000000000000000000000
21313,5,1/2,remined,1,1,1,1,1,1,0,0,32,1,1,00010111111011111011110101111111
21313,5,1/2,pinned,1,4,4,4,1,1,0,0,32,1,4,00000000000000000000000000010101
21313,5,2/3,remined,0,1,,,,,,,32,1,1,00010100000000101011110101010100
21313,5,2/3,pinned,0,,,,,,,,32,1,,00000000000000000000000000000000
21313,5,3/4,remined,0,1,,,,,,,32,1,1,00010100000000100000000000010100
21313,5,3/4,pinned,0,,,,,,,,32,1,,00000000000000000000000000000000
21313,5,4/5,remined,0,1,,,,,,,32,1,1,00010100000000100000000000000000
21313,5,4/5,pinned,0,,,,,,,,32,1,,00000000000000000000000000000000
21313,5,1/1,remined,0,1,,,,,,,32,1,1,00010100000000100000000000000000
21313,5,1/1,pinned,0,,,,,,,,32,1,,00000000000000000000000000000000
21321,5,1/2,remined,1,1,2,2,1,1,0,0,32,1,1,00010011011101111000101001111111
21321,5,1/2,pinned,1,5,5,5,1,1,1,1,32,1,5,00000000000000000000000000000001
21321,5,2/3,remined,0,1,,,,,,,32,1,1,00010000000000001000101001000000
21321,5,2/3,pinned,0,,,,,,,,32,1,,00000000000000000000000000000000
21321,5,3/4,remined,0,1,,,,,,,32,1,1,00010000000000000000000000000000
21321,5,3/4,pinned,0,,,,,,,,32,1,,00000000000000000000000000000000
21321,5,4/5,remined,0,1,,,,,,,32,1,1,00010000000000000000000000000000
21321,5,4/5,pinned,0,,,,,,,,32,1,,00000000000000000000000000000000
21321,5,1/1,remined,0,1,,,,,,,32,1,1,00010000000000000000000000000000
21321,5,1/1,pinned,0,,,,,,,,32,1,,00000000000000000000000000000000
21322,5,1/2,remined,0,1,,,,,,,32,1,1,00010011001111101000001100110010
21322,5,1/2,pinned,0,,,,,,,,32,1,,00000000000000000000000000000000
21322,5,2/3,remined,0,1,,,,,,,32,1,1,00010000000000001000001100000000
21322,5,2/3,pinned,0,,,,,,,,32,1,,00000000000000000000000000000000
21322,5,3/4,remined,0,1,,,,,,,32,1,1,00010000000000000000000000000000
21322,5,3/4,pinned,0,,,,,,,,32,1,,00000000000000000000000000000000
21322,5,4/5,remined,0,1,,,,,,,32,1,1,00010000000000000000000000000000
21322,5,4/5,pinned,0,,,,,,,,32,1,,00000000000000000000000000000000
21322,5,1/1,remined,0,1,,,,,,,32,1,1,00010000000000000000000000000000
21322,5,1/1,pinned,0,,,,,,,,32,1,,00000000000000000000000000000000
21323,5,1/2,remined,1,1,1,1,1,1,0,0,32,1,1,00010111011111111010101111111111
21323,5,1/2,pinned,1,4,4,4,1,1,0,0,32,1,4,00000000000000000000000000010011
21323,5,2/3,remined,0,1,,,,,,,32,1,1,00010100000000101010101111010010
21323,5,2/3,pinned,0,,,,,,,,32,1,,00000000000000000000000000000000
21323,5,3/4,remined,0,1,,,,,,,32,1,1,00010100000000100000000000010010
21323,5,3/4,pinned,0,,,,,,,,32,1,,00000000000000000000000000000000
21323,5,4/5,remined,0,1,,,,,,,32,1,1,00010100000000100000000000000000
21323,5,4/5,pinned,0,,,,,,,,32,1,,00000000000000000000000000000000
21323,5,1/1,remined,0,1,,,,,,,32,1,1,00010100000000100000000000000000
21323,5,1/1,pinned,0,,,,,,,,32,1,,00000000000000000000000000000000
21331,5,1/2,remined,1,1,1,1,1,1,0,0,32,1,1,00011011111101111101111001111111
21331,5,1/2,pinned,1,4,4,4,1,1,0,0,32,1,4,00000000000000000000000000100101
21331,5,2/3,remined,0,1,,,,,,,32,1,1,00011000000001001101111001100100
21331,5,2/3,pinned,0,,,,,,,,32,1,,00000000000000000000000000000000
21331,5,3/4,remined,0,1,,,,,,,32,1,1,00011000000001000000000000100100
21331,5,3/4,pinned,0,,,,,,,,32,1,,00000000000000000000000000000000
21331,5,4/5,remined,0,1,,,,,,,32,1,1,00011000000001000000000000000000
21331,5,4/5,pinned,0,,,,,,,,32,1,,00000000000000000000000000000000
21331,5,1/1,remined,0,1,,,,,,,32,1,1,00011000000001000000000000000000
21331,5,1/1,pinned,0,,,,,,,,32,1,,00000000000000000000000000000000
21332,5,1/2,remined,1,1,1,1,1,1,0,0,32,1,1,00011011101111111101001111111111
21332,5,1/2,pinned,1,4,4,4,1,1,0,0,32,1,4,00000000000000000000000000100011
21332,5,2/3,remined,0,1,,,,,,,32,1,1,00011000000001001101001111100010
21332,5,2/3,pinned,0,,,,,,,,32,1,,00000000000000000000000000000000
21332,5,3/4,remined,0,1,,,,,,,32,1,1,00011000000001000000000000100010
21332,5,3/4,pinned,0,,,,,,,,32,1,,00000000000000000000000000000000
21332,5,4/5,remined,0,1,,,,,,,32,1,1,00011000000001000000000000000000
21332,5,4/5,pinned,0,,,,,,,,32,1,,00000000000000000000000000000000
21332,5,1/1,remined,0,1,,,,,,,32,1,1,00011000000001000000000000000000
21332,5,1/1,pinned,0,,,,,,,,32,1,,00000000000000000000000000000000
21333,5,1/2,remined,1,1,1,1,1,1,0,0,32,1,1,00011111111111111111111111111111
21333,5,1/2,pinned,1,3,3,3,1,1,0,0,32,1,3,00000000000000000000000001111111
21333,5,2/3,remined,1,1,1,1,1,1,0,0,32,1,1,00011100000001111111111111111111
21333,5,2/3,pinned,1,5,5,5,1,1,1,1,32,1,5,00000000000000000000000000000001
21333,5,3/4,remined,1,1,1,1,1,1,0,0,32,1,1,00011100000001110000000001111111
21333,5,3/4,pinned,1,5,5,5,1,1,1,1,32,1,5,00000000000000000000000000000001
21333,5,4/5,remined,1,1,5,5,1,0,1,0,32,1,1,00011100000001110000000001000001
21333,5,4/5,pinned,1,5,5,5,1,1,1,1,32,1,5,00000000000000000000000000000001
21333,5,1/1,remined,0,1,,,,,,,32,1,1,00011100000001110000000001000000
21333,5,1/1,pinned,0,,,,,,,,32,1,,00000000000000000000000000000000
22111,5,1/2,remined,0,2,,,,,,,32,1,2,00000001111110000000000000111000
22111,5,1/2,pinned,0,,,,,,,,32,1,,00000000000000000000000000000000
22111,5,2/3,remined,0,,,,,,,,32,1,,00000000000000000000000000000000
22111,5,2/3,pinned,0,,,,,,,,32,1,,00000000000000000000000000000000
22111,5,3/4,remined,0,,,,,,,,32,1,,00000000000000000000000000000000
22111,5,3/4,pinned,0,,,,,,,,32,1,,00000000000000000000000000000000
22111,5,4/5,remined,0,,,,,,,,32,1,,00000000000000000000000000000000
22111,5,4/5,pinned,0,,,,,,,,32,1,,00000000000000000000000000000000
22111,5,1/1,remined,0,,,,,,,,32,1,,00000000000000000000000000000000
22111,5,1/1,pinned,0,,,,,,,,32,1,,00000000000000000000000000000000
22112,5,1/2,remined,0,2,,,,,,,32,1,2,00000001101100110000000000100110
22112,5,1/2,pinned,0,,,,,,,,32,1,,00000000000000000000000000000000
22112,5,2/3,remined,0,,,,,,,,32,1,,00000000000000000000000000000000
22112,5,2/3,pinned,0,,,,,,,,32,1,,00000000000000000000000000000000
22112,5,3/4,remined,0,,,,,,,,32,1,,00000000000000000000000000000000
22112,5,3/4,pinned,0,,,,,,,,32,1,,00000000000000000000000000000000
22112,5,4/5,remined,0,,,,,,,,32,1,,00000000000000000000000000000000
22112,5,4/5,pinned,0,,,,,,,,32,1,,00000000000000000000000000000000
22112,5,1/1,remined,0,,,,,,,,32,1,,00000000000000000000000000000000
22112,5,1/1,pinned,0,,,,,,,,32,1,,00000000000000000000000000000000
22113,5,1/2,remined,1,1,2,1,0,1,0,0,32,1,1,00000101111110110000110110111111
22113,5,1/2,pinned,1,5,5,5,1,1,1,1,32,1,5,00000000000000000000000000000001
22113,5,2/3,remined,0,1,,,,,,,32,1,1,00000100000000000000110110000000
22113,5,2/3,pinned,0,,,,,,,,32,1,,00000000000000000000000000000000
22113,5,3/4,remined,0,1,,,,,,,32,1,1,00000100000000000000000000000000
22113,5,3/4,pinned,0,,,,,,,,32,1,,00000000000000000000000000000000
22113,5,4/5,remined,0,1,,,,,,,32,1,1,00000100000000000000000000000000
22113,5,4/5,pinned,0,,,,,,,,32,1,,00000000000000000000000000000000
22113,5,1/1,remined,0,1,,,,,,,32,1,1,00000100000000000000000000000000
22113,5,1/1,pinned,0,,,,,,,,32,1,,00000000000000000000000000000000
22121,5,1/2,remined,0,2,,,,,,,32,1,2,00000001011011010000000000010110
22121,5,1/2,pinned,0,,,,,,,,32,1,,00000000000000000000000000000000
22121,5,2/3,remined,0,,,,,,,,32,1,,00000000000000000000000000000000
22121,5,2/3,pinned,0,,,,,,,,32,1,,00000000000000000000000000000000
22121,5,3/4,remined,0,,,,,,,,32,1,,00000000000000000000000000000000
22121,5,3/4,pinned,0,,,,,,,,32,1,,00000000000000000000000000000000
22121,5,4/5,remined,0,,,,,,,,32,1,,00000000000000000000000000000000
22121,5,4/5,pinned,0,,,,,,,,32,1,,00000000000000000000000000000000
22121,5,1/1,remined,0,,,,,,,,32,1,,00000000000000000000000000000000
22121,5,1/1,pinned,0,,,,,,,,32,1,,00000000000000000000000000000000
22122,5,1/2,remined,0,2,,,,,,,32,1,2,00000001001001100000000000000000
22122,5,1/2,pinned,0,,,,,,,,32,1,,00000000000000000000000000000000
22122,5,2/3,remined,0,,,,,,,,32,1,,00000000000000000000000000000000
22122,5,2/3,pinned,0,,,,,,,,32,1,,00000000000000000000000000000000
22122,5,3/4,remined,0,,,,,,,,32,1,,00000000000000000000000000000000
22122,5,3/4,pinned,0,,,,,,,,32,1,,00000000000000000000000000000000
22122,5,4/5,remined,0,,,,,,,,32,1,,00000000000000000000000000000000
22122,5,4/5,pinned,0,,,,,,,,32,1,,00000000000000000000000000000000
22122,5,1/1,remined,0,,,,,,,,32,1,,00000000000000000000000000000000
22122,5,1/1,pinned,0,,,,,,,,32,1,,00000000000000000000000000000000
22123,5,1/2,remined,0,1,,,,,,,32,1,1,00000101011011110000100101010110
22123,5,1/2,pinned,0,,,,,,,,32,1,,00000000000000000000000000000000
22123,5,2/3,remined,0,1,,,,,,,32,1,1,00000100000000000000100101000000
22123,5,2/3,pinned,0,,,,,,,,32,1,,00000000000000000000000000000000
22123,5,3/4,remined,0,1,,,,,,,32,1,1,00000100000000000000000000000000
22123,5,3/4,pinned,0,,,,,,,,32,1,,00000000000000000000000000000000
22123,5,4/5,remined,0,1,,,,,,,32,1,1,00000100000000000000000000000000
22123,5,4/5,pinned,0,,,,,,,,32,1,,00000000000000000000000000000000
22123,5,1/1,remined,0,1,,,,,,,32,1,1,00000100000000000000000000000000
22123,5,1/1,pinned,0,,,,,,,,32,1,,00000000000000000000000000000000
22131,5,1/2,remined,1,1,2,2,1,1,0,0,32,1,1,00001001111111010001011010111111
22131,5,1/2,pinned,1,5,5,5,1,1,1,1,32,1,5,00000000000000000000000000000001
22131,5,2/3,remined,0,1,,,,,,,32,1,1,00001000000000000001011010000000
22131,5,2/3,pinned,0,,,,,,,,32,1,,00000000000000000000000000000000
22131,5,3/4,remined,0,1,,,,,,,32,1,1,00001000000000000000000000000000
22131,5,3/4,pinned,0,,,,,,,,32,1,,00000000000000000000000000000000
22131,5,4/5,remined,0,1,,,,,,,32,1,1,00001000000000000000000000000000
22131,5,4/5,pinned,0,,,,,,,,32,1,,00000000000000000000000000000000
22131,5,1/1,remined,0,1,,,,,,,32,1,1,00001000000000000000000000000000
22131,5,1/1,pinned,0,,,,,,,,32,1,,00000000000000000000000000000000
22132,5,1/2,remined,0,1,,,,,,,32,1,1,00001001101101110001001001100110
22132,5,1/2,pinned,0,,,,,,,,32,1,,00000000000000000000000000000000
22132,5,2/3,remined,0,1,,,,,,,32,1,1,00001000000000000001001001000000
22132,5,2/3,pinned,0,,,,,,,,32,1,,00000000000000000000000000000000
22132,5,3/4,remined,0,1,,,,,,,32,1,1,00001000000000000000000000000000
22132,5,3/4,pinned,0,,,,,,,,32,1,,00000000000000000000000000000000
22132,5,4/5,remined,0,1,,,,,,,32,1,1,00001000000000000000000000000000
22132,5,4/5,pinned,0,,,,,,,,32,1,,00000000000000000000000000000000
22132,5,1/1,remined,0,1,,,,,,,32,1,1,00001000000000000000000000000000
22132,5,1/1,pinned,0,,,,,,,,32,1,,00000000000000000000000000000000
22133,5,1/2,remined,1,1,1,1,1,1,0,0,32,1,1,00001101111111110001111111111111
22133,5,1/2,pinned,1,4,4,4,1,1,0,0,32,1,4,00000000000000000000000000000111
22133,5,2/3,remined,0,1,,,,,,,32,1,1,00001100000000010001111111000110
22133,5,2/3,pinned,0,,,,,,,,32,1,,00000000000000000000000000000000
22133,5,3/4,remined,0,1,,,,,,,32,1,1,00001100000000010000000000000110
22133,5,3/4,pinned,0,,,,,,,,32,1,,00000000000000000000000000000000
22133,5,4/5,remined,0,1,,,,,,,32,1,1,00001100000000010000000000000000
22133,5,4/5,pinned,0,,,,,,,,32,1,,00000000000000000000000000000000
22133,5,1/1,remined,0,1,,,,,,,32,1,1,00001100000000010000000000000000
22133,5,1/1,pinned,0,,,,,,,,32,1,,00000000000000000000000000000000
22211,5,1/2,remined,0,2,,,,,,,32,1,2,00000000110111100000000000001110
22211,5,1/2,pinned,0,,,,,,,,32,1,,00000000000000000000000000000000
22211,5,2/3,remined,0,,,,,,,,32,1,,00000000000000000000000000000000
22211,5,2/3,pinned,0,,,,,,,,32,1,,00000000000000000000000000000000
22211,5,3/4,remined,0,,,,,,,,32,1,,00000000000000000000000000000000
22211,5,3/4,pinned,0,,,,,,,,32,1,,00000000000000000000000000000000
22211,5,4/5,remined,0,,,,,,,,32,1,,00000000000000000000000000000000
22211,5,4/5,pinned,0,,,,,,,,32,1,,00000000000000000000000000000000
22211,5,1/1,remined,0,,,,,,,,32,1,,00000000000000000000000000000000
22211,5,1/1,pinned,0,,,,,,,,32,1,,00000000000000000000000000000000
22212,5,1/2,remined,0,2,,,,,,,32,1,2,00000000100101010000000000000000
22212,5,1/2,pinned,0,,,,,,,,32,1,,00000000000000000000000000000000
22212,5,2/3,remined,0,,,,,,,,32,1,,00000000000000000000000000000000
22212,5,2/3,pinned,0,,,,,,,,32,1,,00000000000000000000000000000000
22212,5,3/4,remined,0,,,,,,,,32,1,,00000000000000000000000000000000
22212,5,3/4,pinned,0,,,,,,,,32,1,,00000000000000000000000000000000
22212,5,4/5,remined,0,,,,,,,,32,1,,00000000000000000000000000000000
22212,5,4/5,pinned,0,,,,,,,,32,1,,00000000000000000000000000000000
22212,5,1/1,remined,0,,,,,,,,32,1,,00000000000000000000000000000000
22212,5,1/1,pinned,0,,,,,,,,32,1,,00000000000000000000000000000000
22213,5,1/2,remined,0,1,,,,,,,32,1,1,00000100110111110000010011001110
22213,5,1/2,pinned,0,,,,,,,,32,1,,00000000000000000000000000000000
22213,5,2/3,remined,0,1,,,,,,,32,1,1,00000100000000000000010011000000
22213,5,2/3,pinned,0,,,,,,,,32,1,,00000000000000000000000000000000
22213,5,3/4,remined,0,1,,,,,,,32,1,1,00000100000000000000000000000000
22213,5,3/4,pinned,0,,,,,,,,32,1,,00000000000000000000000000000000
22213,5,4/5,remined,0,1,,,,,,,32,1,1,00000100000000000000000000000000
22213,5,4/5,pinned,0,,,,,,,,32,1,,00000000000000000000000000000000
22213,5,1/1,remined,0,1,,,,,,,32,1,1,00000100000000000000000000000000
22213,5,1/1,pinned,0,,,,,,,,32,1,,00000000000000000000000000000000
22221,5,1/2,remined,0,2,,,,,,,32,1,2,00000000010010110000000000000000
22221,5,1/2,pinned,0,,,,,,,,32,1,,00000000000000000000000000000000
22221,5,2/3,remined,0,,,,,,,,32,1,,00000000000000000000000000000000
22221,5,2/3,pinned,0,,,,,,,,32,1,,00000000000000000000000000000000
22221,5,3/4,remined,0,,,,,,,,32,1,,00000000000000000000000000000000
22221,5,3/4,pinned,0,,,,,,,,32,1,,00000000000000000000000000000000
22221,5,4/5,remined,0,,,,,,,,32,1,,00000000000000000000000000000000
22221,5,4/5,pinned,0,,,,,,,,32,1,,00000000000000000000000000000000
22221,5,1/1,remined,0,,,,,,,,32,1,,00000000000000000000000000000000
22221,5,1/1,pinned,0,,,,,,,,32,1,,00000000000000000000000000000000
22222,5,1/2,remined,0,,,,,,,,32,1,,00000000000000000000000000000000
22222,5,1/2,pinned,0,,,,,,,,32,1,,00000000000000000000000000000000
22222,5,2/3,remined,0,,,,,,,,32,1,,00000000000000000000000000000000
22222,5,2/3,pinned,0,,,,,,,,32,1,,00000000000000000000000000000000
22222,5,3/4,remined,0,,,,,,,,32,1,,00000000000000000000000000000000
22222,5,3/4,pinned,0,,,,,,,,32,1,,00000000000000000000000000000000
22222,5,4/5,remined,0,,,,,,,,32,1,,00000000000000000000000000000000
22222,5,4/5,pinned,0,,,,,,,,32,1,,00000000000000000000000000000000
22222,5,1/1,remined,0,,,,,,,,32,1,,00000000000000000000000000000000
22222,5,1/1,pinned,0,,,,,,,,32,1,,00000000000000000000000000000000
22223,5,1/2,remined,0,1,,,,,,,32,1,1,00000100010010110000000000000000
22223,5,1/2,pinned,0,,,,,,,,32,1,,00000000000000000000000000000000
22223,5,2/3,remined,0,1,,,,,,,32,1,1,00000100000000000000000000000000
22223,5,2/3,pinned,0,,,,,,,,32,1,,00000000000000000000000000000000
22223,5,3/4,remined,0,1,,,,,,,32,1,1,00000100000000000000000000000000
22223,5,3/4,pinned,0,,,,,,,,32,1,,00000000000000000000000000000000
22223,5,4/5,remined,0,1,,,,,,,32,1,1,00000100000000000000000000000000
22223,5,4/5,pinned,0,,,,,,,,32,1,,00000000000000000000000000000000
22223,5,1/1,remined,0,1,,,,,,,32,1,1,00000100000000000000000000000000
22223,5,1/1,pinned,0,,,,,,,,32,1,,00000000000000000000000000000000
22231,5,1/2,remined,0,1,,,,,,,32,1,1,00001000110111110000010011001110
22231,5,1/2,pinned,0,,,,,,,,32,1,,00000000000000000000000000000000
22231,5,2/3,remined,0,1,,,,,,,32,1,1,00001000000000000000010011000000
22231,5,2/3,pinned,0,,,,,,,,32,1,,00000000000000000000000000000000
22231,5,3/4,remined,0,1,,,,,,,32,1,1,00001000000000000000000000000000
22231,5,3/4,pinned,0,,,,,,,,32,1,,00000000000000000000000000000000
22231,5,4/5,remined,0,1,,,,,,,32,1,1,00001000000000000000000000000000
22231,5,4/5,pinned,0,,,,,,,,32,1,,00000000000000000000000000000000
22231,5,1/1,remined,0,1,,,,,,,32,1,1,00001000000000000000000000000000
22231,5,1/1,pinned,0,,,,,,,,32,1,,00000000000000000000000000000000
22232,5,1/2,remined,0,1,,,,,,,32,1,1,00001000100101010000000000000000
22232,5,1/2,pinned,0,,,,,,,,32,1,,00000000000000000000000000000000
22232,5,2/3,remined,0,1,,,,,,,32,1,1,00001000000000000000000000000000
22232,5,2/3,pinned,0,,,,,,,,32,1,,00000000000000000000000000000000
22232,5,3/4,remined,0,1,,,,,,,32,1,1,00001000000000000000000000000000
22232,5,3/4,pinned,0,,,,,,,,32,1,,00000000000000000000000000000000
22232,5,4/5,remined,0,1,,,,,,,32,1,1,00001000000000000000000000000000
22232,5,4/5,pinned,0,,,,,,,,32,1,,00000000000000000000000000000000
22232,5,1/1,remined,0,1,,,,,,,32,1,1,00001000000000000000000000000000
22232,5,1/1,pinned,0,,,,,,,,32,1,,00000000000000000000000000000000
22233,5,1/2,remined,0,1,,,,,,,32,1,1,00001100110111110000010011001110
22233,5,1/2,pinned,0,,,,,,,,32,1,,00000000000000000000000000000000
22233,5,2/3,remined,0,1,,,,,,,32,1,1,00001100000000010000010011000000
22233,5,2/3,pinned,0,,,,,,,,32,1,,00000000000000000000000000000000
22233,5,3/4,remined,0,1,,,,,,,32,1,1,00001100000000010000000000000000
22233,5,3/4,pinned,0,,,,,,,,32,1,,00000000000000000000000000000000
22233,5,4/5,remined,0,1,,,,,,,32,1,1,00001100000000010000000000000000
22233,5,4/5,pinned,0,,,,,,,,32,1,,00000000000000000000000000000000
22233,5,1/1,remined,0,1,,,,,,,32,1,1,00001100000000010000000000000000
22233,5,1/1,pinned,0,,,,,,,,32,1,,00000000000000000000000000000000
22311,5,1/2,remined,1,1,2,1,0,1,0,0,32,1,1,00010001111111100001101100111111
22311,5,1/2,pinned,1,5,5,5,1,1,1,1,32,1,5,00000000000000000000000000000001
22311,5,2/3,remined,0,1,,,,,,,32,1,1,00010000000000000001101100000000
22311,5,2/3,pinned,0,,,,,,,,32,1,,00000000000000000000000000000000
22311,5,3/4,remined,0,1,,,,,,,32,1,1,00010000000000000000000000000000
22311,5,3/4,pinned,0,,,,,,,,32,1,,00000000000000000000000000000000
22311,5,4/5,remined,0,1,,,,,,,32,1,1,00010000000000000000000000000000
22311,5,4/5,pinned,0,,,,,,,,32,1,,00000000000000000000000000000000
22311,5,1/1,remined,0,1,,,,,,,32,1,1,00010000000000000000000000000000
22311,5,1/1,pinned,0,,,,,,,,32,1,,00000000000000000000000000000000
22312,5,1/2,remined,0,1,,,,,,,32,1,1,00010001101101110001001001100110
22312,5,1/2,pinned,0,,,,,,,,32,1,,00000000000000000000000000000000
22312,5,2/3,remined,0,1,,,,,,,32,1,1,00010000000000000001001001000000
22312,5,2/3,pinned,0,,,,,,,,32,1,,00000000000000000000000000000000
22312,5,3/4,remined,0,1,,,,,,,32,1,1,00010000000000000000000000000000
22312,5,3/4,pinned,0,,,,,,,,32,1,,00000000000000000000000000000000
22312,5,4/5,remined,0,1,,,,,,,32,1,1,00010000000000000000000000000000
22312,5,4/5,pinned,0,,,,,,,,32,1,,00000000000000000000000000000000
22312,5,1/1,remined,0,1,,,,,,,32,1,1,00010000000000000000000000000000
22312,5,1/1,pinned,0,,,,,,,,32,1,,00000000000000000000000000000000
22313,5,1/2,remined,1,1,1,1,1,1,0,0,32,1,1,00010101111111110001111111111111
22313,5,1/2,pinned,1,4,4,4,1,1,0,0,32,1,4,00000000000000000000000000000111
22313,5,2/3,remined,0,1,,,,,,,32,1,1,00010100000000100001111111000110
22313,5,2/3,pinned,0,,,,,,,,32,1,,00000000000000000000000000000000
22313,5,3/4,remined,0,1,,,,,,,32,1,1,00010100000000100000000000000110
22313,5,3/4,pinned,0,,,,,,,,32,1,,00000000000000000000000000000000
22313,5,4/5,remined,0,1,,,,,,,32,1,1,00010100000000100000000000000000
22313,5,4/5,pinned,0,,,,,,,,32,1,,00000000000000000000000000000000
22313,5,1/1,remined,0,1,,,,,,,32,1,1,00010100000000100000000000000000
22313,5,1/1,pinned,0,,,,,,,,32,1,,00000000000000000000000000000000
22321,5,1/2,remined,0,1,,,,,,,32,1,1,00010001011011110000100101010110
22321,5,1/2,pinned,0,,,,,,,,32,1,,00000000000000000000000000000000
22321,5,2/3,remined,0,1,,,,,,,32,1,1,00010000000000000000100101000000
22321,5,2/3,pinned,0,,,,,,,,32,1,,00000000000000000000000000000000
22321,5,3/4,remined,0,1,,,,,,,32,1,1,00010000000000000000000000000000
22321,5,3/4,pinned,0,,,,,,,,32,1,,00000000000000000000000000000000
22321,5,4/5,remined,0,1,,,,,,,32,1,1,00010000000000000000000000000000
22321,5,4/5,pinned,0,,,,,,,,32,1,,00000000000000000000000000000000
22321,5,1/1,remined,0,1,,,,,,,32,1,1,00010000000000000000000000000000
22321,5,1/1,pinned,0,,,,,,,,32,1,,00000000000000000000000000000000
22322,5,1/2,remined,0,1,,,,,,,32,1,1,00010001001001100000000000000000
22322,5,1/2,pinned,0,,,,,,,,32,1,,00000000000000000000000000000000
22322,5,2/3,remined,0,1,,,,,,,32,1,1,00010000000000000000000000000000
22322,5,2/3,pinned,0,,,,,,,,32,1,,00000000000000000000000000000000
22322,5,3/4,remined,0,1,,,,,,,32,1,1,00010000000000000000000000000000
22322,5,3/4,pinned,0,,,,,,,,32,1,,00000000000000000000000000000000
22322,5,4/5,remined,0,1,,,,,,,32,1,1,00010000000000000000000000000000
22322,5,4/5,pinned,0,,,,,,,,32,1,,00000000000000000000000000000000
22322,5,1/1,remined,0,1,,,,,,,32,1,1,00010000000000000000000000000000
22322,5,1/1,pinned,0,,,,,,,,32,1,,00000000000000000000000000000000
22323,5,1/2,remined,0,1,,,,,,,32,1,1,00010101011011110000100101010110
22323,5,1/2,pinned,0,,,,,,,,32,1,,00000000000000000000000000000000
22323,5,2/3,remined,0,1,,,,,,,32,1,1,00010100000000100000100101000000
22323,5,2/3,pinned,0,,,,,,,,32,1,,00000000000000000000000000000000
22323,5,3/4,remined,0,1,,,,,,,32,1,1,00010100000000100000000000000000
22323,5,3/4,pinned,0,,,,,,,,32,1,,00000000000000000000000000000000
22323,5,4/5,remined,0,1,,,,,,,32,1,1,00010100000000100000000000000000
22323,5,4/5,pinned,0,,,,,,,,32,1,,00000000000000000000000000000000
22323,5,1/1,remined,0,1,,,,,,,32,1,1,00010100000000100000000000000000
22323,5,1/1,pinned,0,,,,,,,,32,1,,00000000000000000000000000000000
22331,5,1/2,remined,1,1,1,1,1,1,0,0,32,1,1,00011001111111110001111111111111
22331,5,1/2,pinned,1,4,4,4,1,1,0,0,32,1,4,00000000000000000000000000000111
22331,5,2/3,remined,0,1,,,,,,,32,1,1,00011000000001000001111111000110
22331,5,2/3,pinned,0,,,,,,,,32,1,,00000000000000000000000000000000
22331,5,3/4,remined,0,1,,,,,,,32,1,1,00011000000001000000000000000110
22331,5,3/4,pinned,0,,,,,,,,32,1,,00000000000000000000000000000000
22331,5,4/5,remined,0,1,,,,,,,32,1,1,00011000000001000000000000000000
22331,5,4/5,pinned,0,,,,,,,,32,1,,00000000000000000000000000000000
22331,5,1/1,remined,0,1,,,,,,,32,1,1,00011000000001000000000000000000
22331,5,1/1,pinned,0,,,,,,,,32,1,,00000000000000000000000000000000
22332,5,1/2,remined,0,1,,,,,,,32,1,1,00011001101101110001001001100110
22332,5,1/2,pinned,0,,,,,,,,32,1,,00000000000000000000000000000000
22332,5,2/3,remined,0,1,,,,,,,32,1,1,00011000000001000001001001000000
22332,5,2/3,pinned,0,,,,,,,,32,1,,00000000000000000000000000000000
22332,5,3/4,remined,0,1,,,,,,,32,1,1,00011000000001000000000000000000
22332,5,3/4,pinned,0,,,,,,,,32,1,,00000000000000000000000000000000
22332,5,4/5,remined,0,1,,,,,,,32,1,1,00011000000001000000000000000000
22332,5,4/5,pinned,0,,,,,,,,32,1,,00000000000000000000000000000000
22332,5,1/1,remined,0,1,,,,,,,32,1,1,00011000000001000000000000000000
22332,5,1/1,pinned,0,,,,,,,,32,1,,00000000000000000000000000000000
22333,5,1/2,remined,1,1,1,1,1,1,0,0,32,1,1,00011101111111110001111111111111
22333,5,1/2,pinned,1,3,3,3,1,1,0,0,32,1,3,00000000000000000000000001000111
22333,5,2/3,remined,0,1,,,,,,,32,1,1,00011100000001110001111111000110
22333,5,2/3,pinned,0,,,,,,,,32,1,,00000000000000000000000000000000
22333,5,3/4,remined,0,1,,,,,,,32,1,1,00011100000001110000000001000110
22333,5,3/4,pinned,0,,,,,,,,32,1,,00000000000000000000000000000000
22333,5,4/5,remined,0,1,,,,,,,32,1,1,00011100000001110000000001000000
22333,5,4/5,pinned,0,,,,,,,,32,1,,00000000000000000000000000000000
22333,5,1/1,remined,0,1,,,,,,,32,1,1,00011100000001110000000001000000
22333,5,1/1,pinned,0,,,,,,,,32,1,,00000000000000000000000000000000
23111,5,1/2,remined,0,1,,,,,,,32,1,1,00100011111110001110000000111000
23111,5,1/2,pinned,0,,,,,,,,32,1,,00000000000000000000000000000000
23111,5,2/3,remined,0,1,,,,,,,32,1,1,00100000000000001110000000000000
23111,5,2/3,pinned,0,,,,,,,,32,1,,00000000000000000000000000000000
23111,5,3/4,remined,0,1,,,,,,,32,1,1,00100000000000000000000000000000
23111,5,3/4,pinned,0,,,,,,,,32,1,,00000000000000000000000000000000
23111,5,4/5,remined,0,1,,,,,,,32,1,1,00100000000000000000000000000000
23111,5,4/5,pinned,0,,,,,,,,32,1,,00000000000000000000000000000000
23111,5,1/1,remined,0,1,,,,,,,32,1,1,00100000000000000000000000000000
23111,5,1/1,pinned,0,,,,,,,,32,1,,00000000000000000000000000000000
23112,5,1/2,remined,1,1,1,1,1,1,0,0,32,1,1,00100011101110111100000110111111
23112,5,1/2,pinned,1,5,5,5,1,1,1,1,32,1,5,00000000000000000000000000000001
23112,5,2/3,remined,0,1,,,,,,,32,1,1,00100000000000001100000110000000
23112,5,2/3,pinned,0,,,,,,,,32,1,,00000000000000000000000000000000
23112,5,3/4,remined,0,1,,,,,,,32,1,1,00100000000000000000000000000000
23112,5,3/4,pinned,0,,,,,,,,32,1,,00000000000000000000000000000000
23112,5,4/5,remined,0,1,,,,,,,32,1,1,00100000000000000000000000000000
23112,5,4/5,pinned,0,,,,,,,,32,1,,00000000000000000000000000000000
23112,5,1/1,remined,0,1,,,,,,,32,1,1,00100000000000000000000000000000
23112,5,1/1,pinned,0,,,,,,,,32,1,,00000000000000000000000000000000
23113,5,1/2,remined,1,1,1,1,1,1,0,0,32,1,1,00100111111110111110110110111111
23113,5,1/2,pinned,1,4,4,4,1,1,0,0,32,1,4,00000000000000000000000000011001
23113,5,2/3,remined,0,1,,,,,,,32,1,1,00100100000010001110110110011000
23113,5,2/3,pinned,0,,,,,,,,32,1,,00000000000000000000000000000000
23113,5,3/4,remined,0,1,,,,,,,32,1,1,00100100000010000000000000011000
23113,5,3/4,pinned,0,,,,,,,,32,1,,00000000000000000000000000000000
23113,5,4/5,remined,0,1,,,,,,,32,1,1,00100100000010000000000000000000
23113,5,4/5,pinned,0,,,,,,,,32,1,,00000000000000000000000000000000
23113,5,1/1,remined,0,1,,,,,,,32,1,1,00100100000010000000000000000000
23113,5,1/1,pinned,0,,,,,,,,32,1,,00000000000000000000000000000000
23121,5,1/2,remined,1,1,1,1,1,1,0,0,32,1,1,00100011011111011010001010111111
23121,5,1/2,pinned,1,5,5,5,1,1,1,1,32,1,5,00000000000000000000000000000001
23121,5,2/3,remined,0,1,,,,,,,32,1,1,00100000000000001010001010000000
23121,5,2/3,pinned,0,,,,,,,,32,1,,00000000000000000000000000000000
23121,5,3/4,remined,0,1,,,,,,,32,1,1,00100000000000000000000000000000
23121,5,3/4,pinned,0,,,,,,,,32,1,,00000000000000000000000000000000
23121,5,4/5,remined,0,1,,,,,,,32,1,1,00100000000000000000000000000000
23121,5,4/5,pinned,0,,,,,,,,32,1,,00000000000000000000000000000000
23121,5,1/1,remined,0,1,,,,,,,32,1,1,00100000000000000000000000000000
23121,5,1/1,pinned,0,,,,,,,,32,1,,00000000000000000000000000000000
23122,5,1/2,remined,0,1,,,,,,,32,1,1,00100011001111101000001100110010
23122,5,1/2,pinned,0,,,,,,,,32,1,,00000000000000000000000000000000
23122,5,2/3,remined,0,1,,,,,,,32,1,1,00100000000000001000001100000000
23122,5,2/3,pinned,0,,,,,,,,32,1,,00000000000000000000000000000000
23122,5,3/4,remined,0,1,,,,,,,32,1,1,00100000000000000000000000000000
23122,5,3/4,pinned,0,,,,,,,,32,1,,00000000000000000000000000000000
23122,5,4/5,remined,0,1,,,,,,,32,1,1,00100000000000000000000000000000
23122,5,4/5,pinned,0,,,,,,,,32,1,,00000000000000000000000000000000
23122,5,1/1,remined,0,1,,,,,,,32,1,1,00100000000000000000000000000000
23122,5,1/1,pinned,0,,,,,,,,32,1,,00000000000000000000000000000000
23123,5,1/2,remined,1,1,1,1,1,1,0,0,32,1,1,00100111011111111010101111111111
23123,5,1/2,pinned,1,4,4,4,1,1,0,0,32,1,4,00000000000000000000000000010011
23123,5,2/3,remined,0,1,,,,,,,32,1,1,00100100000010001010101111010010
23123,5,2/3,pinned,0,,,,,,,,32,1,,00000000000000000000000000000000
23123,5,3/4,remined,0,1,,,,,,,32,1,1,00100100000010000000000000010010
23123,5,3/4,pinned,0,,,,,,,,32,1,,00000000000000000000000000000000
23123,5,4/5,remined,0,1,,,,,,,32,1,1,00100100000010000000000000000000
23123,5,4/5,pinned,0,,,,,,,,32,1,,00000000000000000000000000000000
23123,5,1/1,remined,0,1,,,,,,,32,1,1,00100100000010000000000000000000
23123,5,1/1,pinned,0,,,,,,,,32,1,,00000000000000000000000000000000
23131,5,1/2,remined,1,1,1,1,1,1,0,0,32,1,1,00101011111111011111011010111111
23131,5,1/2,pinned,1,4,4,4,1,1,0,0,32,1,4,00000000000000000000000000101001
23131,5,2/3,remined,0,1,,,,,,,32,1,1,00101000000100001111011010101000
23131,5,2/3,pinned,0,,,,,,,,32,1,,00000000000000000000000000000000
23131,5,3/4,remined,0,1,,,,,,,32,1,1,00101000000100000000000000101000
23131,5,3/4,pinned,0,,,,,,,,32,1,,00000000000000000000000000000000
23131,5,4/5,remined,0,1,,,,,,,32,1,1,00101000000100000000000000000000
23131,5,4/5,pinned,0,,,,,,,,32,1,,00000000000000000000000000000000
23131,5,1/1,remined,0,1,,,,,,,32,1,1,00101000000100000000000000000000
23131,5,1/1,pinned,0,,,,,,,,32,1,,00000000000000000000000000000000
23132,5,1/2,remined,1,1,1,1,1,1,0,0,32,1,1,00101011101111111101001111111111
23132,5,1/2,pinned,1,4,4,4,1,1,0,0,32,1,4,00000000000000000000000000100011
23132,5,2/3,remined,0,1,,,,,,,32,1,1,00101000000100001101001111100010
23132,5,2/3,pinned,0,,,,,,,,32,1,,00000000000000000000000000000000
23132,5,3/4,remined,0,1,,,,,,,32,1,1,00101000000100000000000000100010
23132,5,3/4,pinned,0,,,,,,,,32,1,,00000000000000000000000000000000
23132,5,4/5,remined,0,1,,,,,,,32,1,1,00101000000100000000000000000000
23132,5,4/5,pinned,0,,,,,,,,32,1,,00000000000000000000000000000000
23132,5,1/1,remined,0,1,,,,,,,32,1,1,00101000000100000000000000000000
23132,5,1/1,pinned,0,,,,,,,,32,1,,00000000000000000000000000000000
23133,5,1/2,remined,1,1,1,1,1,1,0,0,32,1,1,00101111111111111111111111111111
23133,5,1/2,pinned,1,3,3,3,1,1,0,0,32,1,3,00000000000000000000000010111111
23133,5,2/3,remined,1,1,1,1,1,1,0,0,32,1,1,00101100000110011111111111111111
23133,5,2/3,pinned,1,5,5,5,1,1,1,1,32,1,5,00000000000000000000000000000001
23133,5,3/4,remined,1,1,1,1,1,1,0,0,32,1,1,00101100000110010000000010111111
23133,5,3/4,pinned,1,5,5,5,1,1,1,1,32,1,5,00000000000000000000000000000001
23133,5,4/5,remined,1,1,5,5,1,0,1,0,32,1,1,00101100000110010000000010000001
23133,5,4/5,pinned,1,5,5,5,1,1,1,1,32,1,5,00000000000000000000000000000001
23133,5,1/1,remined,0,1,,,,,,,32,1,1,00101100000110010000000010000000
23133,5,1/1,pinned,0,,,,,,,,32,1,,00000000000000000000000000000000
23211,5,1/2,remined,1,1,2,1,0,1,0,0,32,1,1,00100010111111100110001100111111
23211,5,1/2,pinned,1,5,5,5,1,1,1,1,32,1,5,00000000000000000000000000000001
23211,5,2/3,remined,0,1,,,,,,,32,1,1,00100000000000000110001100000000
23211,5,2/3,pinned,0,,,,,,,,32,1,,00000000000000000000000000000000
23211,5,3/4,remined,0,1,,,,,,,32,1,1,00100000000000000000000000000000
23211,5,3/4,pinned,0,,,,,,,,32,1,,00000000000000000000000000000000
23211,5,4/5,remined,0,1,,,,,,,32,1,1,00100000000000000000000000000000
23211,5,4/5,pinned,0,,,,,,,,32,1,,00000000000000000000000000000000
23211,5,1/1,remined,0,1,,,,,,,32,1,1,00100000000000000000000000000000
23211,5,1/1,pinned,0,,,,,,,,32,1,,00000000000000000000000000000000
23212,5,1/2,remined,0,1,,,,,,,32,1,1,00100010101111010100001010101010
23212,5,1/2,pinned,0,,,,,,,,32,1,,00000000000000000000000000000000
23212,5,2/3,remined,0,1,,,,,,,32,1,1,00100000000000000100001010000000
23212,5,2/3,pinned,0,,,,,,,,32,1,,00000000000000000000000000000000
23212,5,3/4,remined,0,1,,,,,,,32,1,1,00100000000000000000000000000000
23212,5,3/4,pinned,0,,,,,,,,32,1,,00000000000000000000000000000000
23212,5,4/5,remined,0,1,,,,,,,32,1,1,00100000000000000000000000000000
23212,5,4/5,pinned,0,,,,,,,,32,1,,00000000000000000000000000000000
23212,5,1/1,remined,0,1,,,,,,,32,1,1,00100000000000000000000000000000
23212,5,1/1,pinned,0,,,,,,,,32,1,,00000000000000000000000000000000
23213,5,1/2,remined,1,1,1,1,1,1,0,0,32,1,1,00100110111111110110011111111111
23213,5,1/2,pinned,1,4,4,4,1,1,0,0,32,1,4,00000000000000000000000000001011
23213,5,2/3,remined,0,1,,,,,,,32,1,1,00100100000010000110011111001010
23213,5,2/3,pinned,0,,,,,,,,32,1,,00000000000000000000000000000000
23213,5,3/4,remined,0,1,,,,,,,32,1,1,00100100000010000000000000001010
23213,5,3/4,pinned,0,,,,,,,,32,1,,00000000000000000000000000000000
23213,5,4/5,remined,0,1,,,,,,,32,1,1,00100100000010000000000000000000
23213,5,4/5,pinned,0,,,,,,,,32,1,,00000000000000000000000000000000
23213,5,1/1,remined,0,1,,,,,,,32,1,1,00100100000010000000000000000000
23213,5,1/1,pinned,0,,,,,,,,32,1,,00000000000000000000000000000000
23221,5,1/2,remined,0,1,,,,,,,32,1,1,00100010011110110010000110011010
23221,5,1/2,pinned,0,,,,,,,,32,1,,00000000000000000000000000000000
23221,5,2/3,remined,0,1,,,,,,,32,1,1,00100000000000000010000110000000
23221,5,2/3,pinned,0,,,,,,,,32,1,,00000000000000000000000000000000
23221,5,3/4,remined,0,1,,,,,,,32,1,1,00100000000000000000000000000000
23221,5,3/4,pinned,0,,,,,,,,32,1,,00000000000000000000000000000000
23221,5,4/5,remined,0,1,,,,,,,32,1,1,00100000000000000000000000000000
23221,5,4/5,pinned,0,,,,,,,,32,1,,00000000000000000000000000000000
23221,5,1/1,remined,0,1,,,,,,,32,1,1,00100000000000000000000000000000
23221,5,1/1,pinned,0,,,,,,,,32,1,,00000000000000000000000000000000
23222,5,1/2,remined,0,1,,,,,,,32,1,1,00100010001110000000000000000000
23222,5,1/2,pinned,0,,,,,,,,32,1,,00000000000000000000000000000000
23222,5,2/3,remined,0,1,,,,,,,32,1,1,00100000000000000000000000000000
23222,5,2/3,pinned,0,,,,,,,,32,1,,00000000000000000000000000000000
23222,5,3/4,remined,0,1,,,,,,,32,1,1,00100000000000000000000000000000
23222,5,3/4,pinned,0,,,,,,,,32,1,,00000000000000000000000000000000
23222,5,4/5,remined,0,1,,,,,,,32,1,1,00100000000000000000000000000000
23222,5,4/5,pinned,0,,,,,,,,32,1,,00000000000000000000000000000000
23222,5,1/1,remined,0,1,,,,,,,32,1,1,00100000000000000000000000000000
23222,5,1/1,pinned,0,,,,,,,,32,1,,00000000000000000000000000000000
23223,5,1/2,remined,0,1,,,,,,,32,1,1,00100110011110110010000110011010
23223,5,1/2,pinned,0,,,,,,,,32,1,,00000000000000000000000000000000
23223,5,2/3,remined,0,1,,,,,,,32,1,1,00100100000010000010000110000000
23223,5,2/3,pinned,0,,,,,,,,32,1,,00000000000000000000000000000000
23223,5,3/4,remined,0,1,,,,,,,32,1,1,00100100000010000000000000000000
23223,5,3/4,pinned,0,,,,,,,,32,1,,00000000000000000000000000000000
23223,5,4/5,remined,0,1,,,,,,,32,1,1,00100100000010000000000000000000
23223,5,4/5,pinned,0,,,,,,,,32,1,,00000000000000000000000000000000
23223,5,1/1,remined,0,1,,,,,,,32,1,1,00100100000010000000000000000000
23223,5,1/1,pinned,0,,,,,,,,32,1,,00000000000000000000000000000000
23231,5,1/2,remined,1,1,1,1,1,1,0,0,32,1,1,00101010111111110110011111111111
23231,5,1/2,pinned,1,4,4,4,1,1,0,0,32,1,4,00000000000000000000000000001011
23231,5,2/3,remined,0,1,,,,,,,32,1,1,00101000000100000110011111001010
23231,5,2/3,pinned,0,,,,,,,,32,1,,00000000000000000000000000000000
23231,5,3/4,remined,0,1,,,,,,,32,1,1,00101000000100000000000000001010
23231,5,3/4,pinned,0,,,,,,,,32,1,,00000000000000000000000000000000
23231,5,4/5,remined,0,1,,,,,,,32,1,1,00101000000100000000000000000000
23231,5,4/5,pinned,0,,,,,,,,32,1,,00000000000000000000000000000000
23231,5,1/1,remined,0,1,,,,,,,32,1,1,00101000000100000000000000000000
23231,5,1/1,pinned,0,,,,,,,,32,1,,00000000000000000000000000000000
23232,5,1/2,remined,0,1,,,,,,,32,1,1,00101010101111010100001010101010
23232,5,1/2,pinned,0,,,,,,,,32,1,,00000000000000000000000000000000
23232,5,2/3,remined,0,1,,,,,,,32,1,1,00101000000100000100001010000000
23232,5,2/3,pinned,0,,,,,,,,32,1,,00000000000000000000000000000000
23232,5,3/4,remined,0,1,,,,,,,32,1,1,00101000000100000000000000000000
23232,5,3/4,pinned,0,,,,,,,,32,1,,00000000000000000000000000000000
23232,5,4/5,remined,0,1,,,,,,,32,1,1,00101000000100000000000000000000
23232,5,4/5,pinned,0,,,,,,,,32,1,,00000000000000000000000000000000
23232,5,1/1,remined,0,1,,,,,,,32,1,1,00101000000100000000000000000000
23232,5,1/1,pinned,0,,,,,,,,32,1,,00000000000000000000000000000000
23233,5,1/2,remined,1,1,1,1,1,1,0,0,32,1,1,00101110111111110110011111111111
23233,5,1/2,pinned,1,3,3,3,1,1,0,0,32,1,3,00000000000000000000000010001011
23233,5,2/3,remined,0,1,,,,,,,32,1,1,00101100000110010110011111001010
23233,5,2/3,pinned,0,,,,,,,,32,1,,00000000000000000000000000000000
23233,5,3/4,remined,0,1,,,,,,,32,1,1,00101100000110010000000010001010
23233,5,3/4,pinned,0,,,,,,,,32,1,,00000000000000000000000000000000
23233,5,4/5,remined,0,1,,,,,,,32,1,1,00101100000110010000000010000000
23233,5,4/5,pinned,0,,,,,,,,32,1,,00000000000000000000000000000000
23233,5,1/1,remined,0,1,,,,,,,32,1,1,00101100000110010000000010000000
23233,5,1/1,pinned,0,,,,,,,,32,1,,00000000000000000000000000000000
23311,5,1/2,remined,1,1,2,1,0,1,0,0,32,1,1,00110011111111101111101100111111
23311,5,1/2,pinned,1,4,4,4,1,1,0,0,32,1,4,00000000000000000000000000110001
23311,5,2/3,remined,0,1,,,,,,,32,1,1,00110000001000001111101100110000
23311,5,2/3,pinned,0,,,,,,,,32,1,,00000000000000000000000000000000
23311,5,3/4,remined,0,1,,,,,,,32,1,1,00110000001000000000000000110000
23311,5,3/4,pinned,0,,,,,,,,32,1,,00000000000000000000000000000000
23311,5,4/5,remined,0,1,,,,,,,32,1,1,00110000001000000000000000000000
23311,5,4/5,pinned,0,,,,,,,,32,1,,00000000000000000000000000000000
23311,5,1/1,remined,0,1,,,,,,,32,1,1,00110000001000000000000000000000
23311,5,1/1,pinned,0,,,,,,,,32,1,,00000000000000000000000000000000
23312,5,1/2,remined,1,1,2,2,1,1,0,0,32,1,1,00110011101111111101001111111111
23312,5,1/2,pinned,1,4,4,4,1,1,0,0,32,1,4,00000000000000000000000000100011
23312,5,2/3,remined,0,1,,,,,,,32,1,1,00110000001000001101001111100010
23312,5,2/3,pinned,0,,,,,,,,32,1,,00000000000000000000000000000000
23312,5,3/4,remined,0,1,,,,,,,32,1,1,00110000001000000000000000100010
23312,5,3/4,pinned,0,,,,,,,,32,1,,00000000000000000000000000000000
23312,5,4/5,remined,0,1,,,,,,,32,1,1,00110000001000000000000000000000
23312,5,4/5,pinned,0,,,,,,,,32,1,,00000000000000000000000000000000
23312,5,1/1,remined,0,1,,,,,,,32,1,1,00110000001000000000000000000000
23312,5,1/1,pinned,0,,,,,,,,32,1,,00000000000000000000000000000000
23313,5,1/2,remined,1,1,1,1,1,1,0,0,32,1,1,00110111111111111111111111111111
23313,5,1/2,pinned,1,3,3,3,1,1,0,0,32,1,3,00000000000000000000000100111111
23313,5,2/3,remined,1,1,1,1,1,1,0,0,32,1,1,00110100001010101111111111111111
23313,5,2/3,pinned,1,5,5,5,1,1,1,1,32,1,5,00000000000000000000000000000001
23313,5,3/4,remined,1,1,2,1,0,1,0,0,32,1,1,00110100001010100000000100111111
23313,5,3/4,pinned,1,5,5,5,1,1,1,1,32,1,5,00000000000000000000000000000001
23313,5,4/5,remined,1,1,5,5,1,0,1,0,32,1,1,00110100001010100000000100000001
23313,5,4/5,pinned,1,5,5,5,1,1,1,1,32,1,5,00000000000000000000000000000001
23313,5,1/1,remined,0,1,,,,,,,32,1,1,00110100001010100000000100000000
23313,5,1/1,pinned,0,,,,,,,,32,1,,00000000000000000000000000000000
23321,5,1/2,remined,1,1,2,2,1,1,0,0,32,1,1,00110011011111111010101111111111
23321,5,1/2,pinned,1,4,4,4,1,1,0,0,32,1,4,00000000000000000000000000010011
23321,5,2/3,remined,0,1,,,,,,,32,1,1,00110000001000001010101111010010
23321,5,2/3,pinned,0,,,,,,,,32,1,,00000000000000000000000000000000
23321,5,3/4,remined,0,1,,,,,,,32,1,1,00110000001000000000000000010010
23321,5,3/4,pinned,0,,,,,,,,32,1,,00000000000000000000000000000000
23321,5,4/5,remined,0,1,,,,,,,32,1,1,00110000001000000000000000000000
23321,5,4/5,pinned,0,,,,,,,,32,1,,00000000000000000000000000000000
23321,5,1/1,remined,0,1,,,,,,,32,1,1,00110000001000000000000000000000
23321,5,1/1,pinned,0,,,,,,,,32,1,,00000000000000000000000000000000
23322,5,1/2,remined,0,1,,,,,,,32,1,1,00110011001111101000001100110010
23322,5,1/2,pinned,0,,,,,,,,32,1,,00000000000000000000000000000000
23322,5,2/3,remined,0,1,,,,,,,32,1,1,00110000001000001000001100000000
23322,5,2/3,pinned,0,,,,,,,,32,1,,00000000000000000000000000000000
23322,5,3/4,remined,0,1,,,,,,,32,1,1,00110000001000000000000000000000
23322,5,3/4,pinned,0,,,,,,,,32,1,,00000000000000000000000000000000
23322,5,4/5,remined,0,1,,,,,,,32,1,1,00110000001000000000000000000000
23322,5,4/5,pinned,0,,,,,,,,32,1,,00000000000000000000000000000000
23322,5,1/1,remined,0,1,,,,,,,32,1,1,00110000001000000000000000000000
23322,5,1/1,pinned,0,,,,,,,,32,1,,00000000000000000000000000000000
23323,5,1/2,remined,1,1,1,1,1,1,0,0,32,1,1,00110111011111111010101111111111
23323,5,1/2,pinned,1,3,3,3,1,1,0,0,32,1,3,00000000000000000000000100010011
23323,5,2/3,remined,0,1,,,,,,,32,1,1,00110100001010101010101111010010
23323,5,2/3,pinned,0,,,,,,,,32,1,,00000000000000000000000000000000
23323,5,3/4,remined,0,1,,,,,,,32,1,1,00110100001010100000000100010010
23323,5,3/4,pinned,0,,,,,,,,32,1,,00000000000000000000000000000000
23323,5,4/5,remined,0,1,,,,,,,32,1,1,00110100001010100000000100000000
23323,5,4/5,pinned,0,,,,,,,,32,1,,00000000000000000000000000000000
23323,5,1/1,remined,0,1,,,,,,,32,1,1,00110100001010100000000100000000
23323,5,1/1,pinned,0,,,,,,,,32,1,,00000000000000000000000000000000
23331,5,1/2,remined,1,1,1,1,1,1,0,0,32,1,1,00111011111111111111111111111111
23331,5,1/2,pinned,1,3,3,3,1,1,0,0,32,1,3,00000000000000000000001000111111
23331,5,2/3,remined,1,1,2,1,0,1,0,0,32,1,1,00111000001101001111111111111111
23331,5,2/3,pinned,1,5,5,5,1,1,1,1,32,1,5,00000000000000000000000000000001
23331,5,3/4,remined,1,1,3,1,0,1,0,0,32,1,1,00111000001101000000001000111111
23331,5,3/4,pinned,1,5,5,5,1,1,1,1,32,1,5,00000000000000000000000000000001
23331,5,4/5,remined,1,1,5,5,1,0,1,0,32,1,1,00111000001101000000001000000001
23331,5,4/5,pinned,1,5,5,5,1,1,1,1,32,1,5,00000000000000000000000000000001
23331,5,1/1,remined,0,1,,,,,,,32,1,1,00111000001101000000001000000000
23331,5,1/1,pinned,0,,,,,,,,32,1,,00000000000000000000000000000000
23332,5,1/2,remined,1,1,1,1,1,1,0,0,32,1,1,00111011101111111101001111111111
23332,5,1/2,pinned,1,3,3,3,1,1,0,0,32,1,3,00000000000000000000001000100011
23332,5,2/3,remined,0,1,,,,,,,32,1,1,00111000001101001101001111100010
23332,5,2/3,pinned,0,,,,,,,,32,1,,00000000000000000000000000000000
23332,5,3/4,remined,0,1,,,,,,,32,1,1,00111000001101000000001000100010
23332,5,3/4,pinned,0,,,,,,,,32,1,,00000000000000000000000000000000
23332,5,4/5,remined,0,1,,,,,,,32,1,1,00111000001101000000001000000000
23332,5,4/5,pinned,0,,,,,,,,32,1,,00000000000000000000000000000000
23332,5,1/1,remined,0,1,,,,,,,32,1,1,00111000001101000000001000000000
23332,5,1/1,pinned,0,,,,,,,,32,1,,00000000000000000000000000000000
23333,5,1/2,remined,1,1,1,1,1,1,0,0,32,1,1,00111111111111111111111111111111
23333,5,1/2,pinned,1,3,3,3,1,1,0,0,32,1,3,00000000000000000000001111111111
23333,5,2/3,remined,1,1,1,1,1,1,0,0,32,1,1,00111100001111111111111111111111
23333,5,2/3,pinned,1,4,4,4,1,1,0,0,32,1,4,00000000000000000000000000000011
23333,5,3/4,remined,1,1,1,1,1,1,0,0,32,1,1,00111100001111110000001111111111
23333,5,3/4,pinned,1,4,4,4,1,1,0,0,32,1,4,00000000000000000000000000000011
23333,5,4/5,remined,1,1,1,1,1,1,0,0,32,1,1,00111100001111110000001111000011
23333,5,4/5,pinned,1,4,4,4,1,1,0,0,32,1,4,00000000000000000000000000000011
23333,5,1/1,remined,0,1,,,,,,,32,1,1,00111100001111110000001111000010
23333,5,1/1,pinned,0,,,,,,,,32,1,,00000000000000000000000000000000
31111,5,1/2,remined,0,1,,,,,,,32,1,1,01000011110000000000000000000000
31111,5,1/2,pinned,0,,,,,,,,32,1,,00000000000000000000000000000000
31111,5,2/3,remined,0,1,,,,,,,32,1,1,01000000000000000000000000000000
31111,5,2/3,pinned,0,,,,,,,,32,1,,00000000000000000000000000000000
31111,5,3/4,remined,0,1,,,,,,,32,1,1,01000000000000000000000000000000
31111,5,3/4,pinned,0,,,,,,,,32,1,,00000000000000000000000000000000
31111,5,4/5,remined,0,1,,,,,,,32,1,1,01000000000000000000000000000000
31111,5,4/5,pinned,0,,,,,,,,32,1,,00000000000000000000000000000000
31111,5,1/1,remined,0,1,,,,,,,32,1,1,01000000000000000000000000000000
31111,5,1/1,pinned,0,,,,,,,,32,1,,00000000000000000000000000000000
31112,5,1/2,remined,0,1,,,,,,,32,1,1,01000011110010110010110000011100
31112,5,1/2,pinned,0,,,,,,,,32,1,,00000000000000000000000000000000
31112,5,2/3,remined,0,1,,,,,,,32,1,1,01000000000000000010110000000000
31112,5,2/3,pinned,0,,,,,,,,32,1,,00000000000000000000000000000000
31112,5,3/4,remined,0,1,,,,,,,32,1,1,01000000000000000000000000000000
31112,5,3/4,pinned,0,,,,,,,,32,1,,00000000000000000000000000000000
31112,5,4/5,remined,0,1,,,,,,,32,1,1,01000000000000000000000000000000
31112,5,4/5,pinned,0,,,,,,,,32,1,,00000000000000000000000000000000
31112,5,1/1,remined,0,1,,,,,,,32,1,1,01000000000000000000000000000000
31112,5,1/1,pinned,0,,,,,,,,32,1,,00000000000000000000000000000000
31113,5,1/2,remined,0,1,,,,,,,32,1,1,01000111110010110010110000011100
31113,5,1/2,pinned,0,,,,,,,,32,1,,00000000000000000000000000000000
31113,5,2/3,remined,0,1,,,,,,,32,1,1,01000100010000000010110000000000
31113,5,2/3,pinned,0,,,,,,,,32,1,,00000000000000000000000000000000
31113,5,3/4,remined,0,1,,,,,,,32,1,1,01000100010000000000000000000000
31113,5,3/4,pinned,0,,,,,,,,32,1,,00000000000000000000000000000000
31113,5,4/5,remined,0,1,,,,,,,32,1,1,01000100010000000000000000000000
31113,5,4/5,pinned,0,,,,,,,,32,1,,00000000000000000000000000000000
31113,5,1/1,remined,0,1,,,,,,,32,1,1,01000100010000000000000000000000
31113,5,1/1,pinned,0,,,,,,,,32,1,,00000000000000000000000000000000
31121,5,1/2,remined,0,1,,,,,,,32,1,1,01000011110101010101010000101100
31121,5,1/2,pinned,0,,,,,,,,32,1,,00000000000000000000000000000000
31121,5,2/3,remined,0,1,,,,,,,32,1,1,01000000000000000101010000000000
31121,5,2/3,pinned,0,,,,,,,,32,1,,00000000000000000000000000000000
31121,5,3/4,remined,0,1,,,,,,,32,1,1,01000000000000000000000000000000
31121,5,3/4,pinned,0,,,,,,,,32,1,,00000000000000000000000000000000
31121,5,4/5,remined,0,1,,,,,,,32,1,1,01000000000000000000000000000000
31121,5,4/5,pinned,0,,,,,,,,32,1,,00000000000000000000000000000000
31121,5,1/1,remined,0,1,,,,,,,32,1,1,01000000000000000000000000000000
31121,5,1/1,pinned,0,,,,,,,,32,1,,00000000000000000000000000000000
31122,5,1/2,remined,1,1,4,4,1,0,0,0,32,1,1,01000011110111100111100000111111
31122,5,1/2,pinned,1,5,5,5,1,1,1,1,32,1,5,00000000000000000000000000000001
31122,5,2/3,remined,0,1,,,,,,,32,1,1,01000000000000000111100000000000
31122,5,2/3,pinned,0,,,,,,,,32,1,,00000000000000000000000000000000
31122,5,3/4,remined,0,1,,,,,,,32,1,1,01000000000000000000000000000000
31122,5,3/4,pinned,0,,,,,,,,32,1,,00000000000000000000000000000000
31122,5,4/5,remined,0,1,,,,,,,32,1,1,01000000000000000000000000000000
31122,5,4/5,pinned,0,,,,,,,,32,1,,00000000000000000000000000000000
31122,5,1/1,remined,0,1,,,,,,,32,1,1,01000000000000000000000000000000
31122,5,1/1,pinned,0,,,,,,,,32,1,,00000000000000000000000000000000
31123,5,1/2,remined,1,1,1,1,1,1,0,0,32,1,1,01000111110111110111110011111111
31123,5,1/2,pinned,1,4,4,4,1,1,0,0,32,1,4,00000000000000000000000000001101
31123,5,2/3,remined,0,1,,,,,,,32,1,1,01000100010000000111110011001100
31123,5,2/3,pinned,0,,,,,,,,32,1,,00000000000000000000000000000000
31123,5,3/4,remined,0,1,,,,,,,32,1,1,01000100010000000000000000001100
31123,5,3/4,pinned,0,,,,,,,,32,1,,00000000000000000000000000000000
31123,5,4/5,remined,0,1,,,,,,,32,1,1,01000100010000000000000000000000
31123,5,4/5,pinned,0,,,,,,,,32,1,,00000000000000000000000000000000
31123,5,1/1,remined,0,1,,,,,,,32,1,1,01000100010000000000000000000000
31123,5,1/1,pinned,0,,,,,,,,32,1,,00000000000000000000000000000000
31131,5,1/2,remined,0,1,,,,,,,32,1,1,01001011110101010101010000101100
31131,5,1/2,pinned,0,,,,,,,,32,1,,00000000000000000000000000000000
31131,5,2/3,remined,0,1,,,,,,,32,1,1,01001000100000000101010000000000
31131,5,2/3,pinned,0,,,,,,,,32,1,,00000000000000000000000000000000
31131,5,3/4,remined,0,1,,,,,,,32,1,1,01001000100000000000000000000000
31131,5,3/4,pinned,0,,,,,,,,32,1,,00000000000000000000000000000000
31131,5,4/5,remined,0,1,,,,,,,32,1,1,01001000100000000000000000000000
31131,5,4/5,pinned,0,,,,,,,,32,1,,00000000000000000000000000000000
31131,5,1/1,remined,0,1,,,,,,,32,1,1,01001000100000000000000000000000
31131,5,1/1,pinned,0,,,,,,,,32,1,,00000000000000000000000000000000
31132,5,1/2,remined,1,1,1,1,1,1,0,0,32,1,1,01001011110111110111110011111111
31132,5,1/2,pinned,1,4,4,4,1,1,0,0,32,1,4,00000000000000000000000000001101
31132,5,2/3,remined,0,1,,,,,,,32,1,1,01001000100000000111110011001100
31132,5,2/3,pinned,0,,,,,,,,32,1,,00000000000000000000000000000000
31132,5,3/4,remined,0,1,,,,,,,32,1,1,01001000100000000000000000001100
31132,5,3/4,pinned,0,,,,,,,,32,1,,00000000000000000000000000000000
31132,5,4/5,remined,0,1,,,,,,,32,1,1,01001000100000000000000000000000
31132,5,4/5,pinned,0,,,,,,,,32,1,,00000000000000000000000000000000
31132,5,1/1,remined,0,1,,,,,,,32,1,1,01001000100000000000000000000000
31132,5,1/1,pinned,0,,,,,,,,32,1,,00000000000000000000000000000000
31133,5,1/2,remined,1,1,1,1,1,1,0,0,32,1,1,01001111110111110111110011111111
31133,5,1/2,pinned,1,3,3,3,1,1,0,0,32,1,3,00000000000000000000010000001101
31133,5,2/3,remined,0,1,,,,,,,32,1,1,01001100110000010111110011001100
31133,5,2/3,pinned,0,,,,,,,,32,1,,00000000000000000000000000000000
31133,5,3/4,remined,0,1,,,,,,,32,1,1,01001100110000010000010000001100
31133,5,3/4,pinned,0,,,,,,,,32,1,,00000000000000000000000000000000
31133,5,4/5,remined,0,1,,,,,,,32,1,1,01001100110000010000010000000000
31133,5,4/5,pinned,0,,,,,,,,32,1,,00000000000000000000000000000000
31133,5,1/1,remined,0,1,,,,,,,32,1,1,01001100110000010000010000000000
31133,5,1/1,pinned,0,,,,,,,,32,1,,00000000000000000000000000000000
31211,5,1/2,remined,0,1,,,,,,,32,1,1,01000011111001101001100000110100
31211,5,1/2,pinned,0,,,,,,,,32,1,,00000000000000000000000000000000
31211,5,2/3,remined,0,1,,,,,,,32,1,1,01000000000000001001100000000000
31211,5,2/3,pinned,0,,,,,,,,32,1,,00000000000000000000000000000000
31211,5,3/4,remined,0,1,,,,,,,32,1,1,01000000000000000000000000000000
31211,5,3/4,pinned,0,,,,,,,,32,1,,00000000000000000000000000000000
31211,5,4/5,remined,0,1,,,,,,,32,1,1,01000000000000000000000000000000
31211,5,4/5,pinned,0,,,,,,,,32,1,,00000000000000000000000000000000
31211,5,1/1,remined,0,1,,,,,,,32,1,1,01000000000000000000000000000000
31211,5,1/1,pinned,0,,,,,,,,32,1,,00000000000000000000000000000000
31212,5,1/2,remined,1,1,4,4,1,0,0,0,32,1,1,01000011111011011011010000111111
31212,5,1/2,pinned,1,5,5,5,1,1,1,1,32,1,5,00000000000000000000000000000001
31212,5,2/3,remined,0,1,,,,,,,32,1,1,01000000000000001011010000000000
31212,5,2/3,pinned,0,,,,,,,,32,1,,00000000000000000000000000000000
31212,5,3/4,remined,0,1,,,,,,,32,1,1,01000000000000000000000000000000
31212,5,3/4,pinned,0,,,,,,,,32,1,,00000000000000000000000000000000
31212,5,4/5,remined,0,1,,,,,,,32,1,1,01000000000000000000000000000000
31212,5,4/5,pinned,0,,,,,,,,32,1,,00000000000000000000000000000000
31212,5,1/1,remined,0,1,,,,,,,32,1,1,01000000000000000000000000000000
31212,5,1/1,pinned,0,,,,,,,,32,1,,00000000000000000000000000000000
31213,5,1/2,remined,1,1,1,1,1,1,0,0,32,1,1,01000111111011111011110101111111
31213,5,1/2,pinned,1,4,4,4,1,1,0,0,32,1,4,00000000000000000000000000010101
31213,5,2/3,remined,0,1,,,,,,,32,1,1,01000100010000001011110101010100
31213,5,2/3,pinned,0,,,,,,,,32,1,,00000000000000000000000000000000
31213,5,3/4,remined,0,1,,,,,,,32,1,1,01000100010000000000000000010100
31213,5,3/4,pinned,0,,,,,,,,32,1,,00000000000000000000000000000000
31213,5,4/5,remined,0,1,,,,,,,32,1,1,01000100010000000000000000000000
31213,5,4/5,pinned,0,,,,,,,,32,1,,00000000000000000000000000000000
31213,5,1/1,remined,0,1,,,,,,,32,1,1,01000100010000000000000000000000
31213,5,1/1,pinned,0,,,,,,,,32,1,,00000000000000000000000000000000
31221,5,1/2,remined,1,1,4,4,1,0,0,0,32,1,1,01000011111100111100110000111111
31221,5,1/2,pinned,1,5,5,5,1,1,1,1,32,1,5,00000000000000000000000000000001
31221,5,2/3,remined,0,1,,,,,,,32,1,1,01000000000000001100110000000000
31221,5,2/3,pinned,0,,,,,,,,32,1,,00000000000000000000000000000000
31221,5,3/4,remined,0,1,,,,,,,32,1,1,01000000000000000000000000000000
31221,5,3/4,pinned,0,,,,,,,,32,1,,00000000000000000000000000000000
31221,5,4/5,remined,0,1,,,,,,,32,1,1,01000000000000000000000000000000
31221,5,4/5,pinned,0,,,,,,,,32,1,,00000000000000000000000000000000
31221,5,1/1,remined,0,1,,,,,,,32,1,1,01000000000000000000000000000000
31221,5,1/1,pinned,0,,,,,,,,32,1,,00000000000000000000000000000000
31222,5,1/2,remined,0,1,,,,,,,32,1,1,01000011111110001110000000111000
31222,5,1/2,pinned,0,,,,,,,,32,1,,00000000000000000000000000000000
31222,5,2/3,remined,0,1,,,,,,,32,1,1,01000000000000001110000000000000
31222,5,2/3,pinned,0,,,,,,,,32,1,,00000000000000000000000000000000
31222,5,3/4,remined,0,1,,,,,,,32,1,1,01000000000000000000000000000000
31222,5,3/4,pinned,0,,,,,,,,32,1,,00000000000000000000000000000000
31222,5,4/5,remined,0,1,,,,,,,32,1,1,01000000000000000000000000000000
31222,5,4/5,pinned,0,,,,,,,,32,1,,00000000000000000000000000000000
31222,5,1/1,remined,0,1,,,,,,,32,1,1,01000000000000000000000000000000
31222,5,1/1,pinned,0,,,,,,,,32,1,,00000000000000000000000000000000
31223,5,1/2,remined,1,1,2,1,0,1,0,0,32,1,1,01000111111110111110110110111111
31223,5,1/2,pinned,1,4,4,4,1,1,0,0,32,1,4,00000000000000000000000000011001
31223,5,2/3,remined,0,1,,,,,,,32,1,1,01000100010000001110110110011000
31223,5,2/3,pinned,0,,,,,,,,32,1,,00000000000000000000000000000000
31223,5,3/4,remined,0,1,,,,,,,32,1,1,01000100010000000000000000011000
31223,5,3/4,pinned,0,,,,,,,,32,1,,00000000000000000000000000000000
31223,5,4/5,remined,0,1,,,,,,,32,1,1,01000100010000000000000000000000
31223,5,4/5,pinned,0,,,,,,,,32,1,,00000000000000000000000000000000
31223,5,1/1,remined,0,1,,,,,,,32,1,1,01000100010000000000000000000000
31223,5,1/1,pinned,0,,,,,,,,32,1,,00000000000000000000000000000000
31231,5,1/2,remined,1,1,1,1,1,1,0,0,32,1,1,01001011111101111101111001111111
31231,5,1/2,pinned,1,4,4,4,1,1,0,0,32,1,4,00000000000000000000000000100101
31231,5,2/3,remined,0,1,,,,,,,32,1,1,01001000100000001101111001100100
31231,5,2/3,pinned,0,,,,,,,,32,1,,00000000000000000000000000000000
31231,5,3/4,remined,0,1,,,,,,,32,1,1,01001000100000000000000000100100
31231,5,3/4,pinned,0,,,,,,,,32,1,,00000000000000000000000000000000
31231,5,4/5,remined,0,1,,,,,,,32,1,1,01001000100000000000000000000000
31231,5,4/5,pinned,0,,,,,,,,32,1,,00000000000000000000000000000000
31231,5,1/1,remined,0,1,,,,,,,32,1,1,01001000100000000000000000000000
31231,5,1/1,pinned,0,,,,,,,,32,1,,00000000000000000000000000000000
31232,5,1/2,remined,1,1,2,2,1,1,0,0,32,1,1,01001011111111011111011010111111
31232,5,1/2,pinned,1,4,4,4,1,1,0,0,32,1,4,00000000000000000000000000101001
31232,5,2/3,remined,0,1,,,,,,,32,1,1,01001000100000001111011010101000
31232,5,2/3,pinned,0,,,,,,,,32,1,,00000000000000000000000000000000
31232,5,3/4,remined,0,1,,,,,,,32,1,1,01001000100000000000000000101000
31232,5,3/4,pinned,0,,,,,,,,32,1,,00000000000000000000000000000000
31232,5,4/5,remined,0,1,,,,,,,32,1,1,01001000100000000000000000000000
31232,5,4/5,pinned,0,,,,,,,,32,1,,00000000000000000000000000000000
31232,5,1/1,remined,0,1,,,,,,,32,1,1,01001000100000000000000000000000
31232,5,1/1,pinned,0,,,,,,,,32,1,,00000000000000000000000000000000
31233,5,1/2,remined,1,1,1,1,1,1,0,0,32,1,1,01001111111111111111111111111111
31233,5,1/2,pinned,1,3,4,4,1,1,0,0,32,1,3,00000000000000000000010000111111
31233,5,2/3,remined,1,1,1,1,1,1,0,0,32,1,1,01001100110000011111111111111111
31233,5,2/3,pinned,1,5,5,5,1,1,1,1,32,1,5,00000000000000000000000000000001
31233,5,3/4,remined,1,1,4,4,1,0,0,0,32,1,1,01001100110000010000010000111111
31233,5,3/4,pinned,1,5,5,5,1,1,1,1,32,1,5,00000000000000000000000000000001
31233,5,4/5,remined,1,1,5,5,1,0,1,0,32,1,1,01001100110000010000010000000001
31233,5,4/5,pinned,1,5,5,5,1,1,1,1,32,1,5,00000000000000000000000000000001
31233,5,1/1,remined,0,1,,,,,,,32,1,1,01001100110000010000010000000000
31233,5,1/1,pinned,0,,,,,,,,32,1,,00000000000000000000000000000000
31311,5,1/2,remined,0,1,,,,,,,32,1,1,01010011111001101001100000110100
31311,5,1/2,pinned,0,,,,,,,,32,1,,00000000000000000000000000000000
31311,5,2/3,remined,0,1,,,,,,,32,1,1,01010001000000001001100000000000
31311,5,2/3,pinned,0,,,,,,,,32,1,,00000000000000000000000000000000
31311,5,3/4,remined,0,1,,,,,,,32,1,1,01010001000000000000000000000000
31311,5,3/4,pinned,0,,,,,,,,32,1,,00000000000000000000000000000000
31311,5,4/5,remined,0,1,,,,,,,32,1,1,01010001000000000000000000000000
31311,5,4/5,pinned,0,,,,,,,,32,1,,00000000000000000000000000000000
31311,5,1/1,remined,0,1,,,,,,,32,1,1,01010001000000000000000000000000
31311,5,1/1,pinned,0,,,,,,,,32,1,,00000000000000000000000000000000
31312,5,1/2,remined,1,1,2,2,1,1,0,0,32,1,1,01010011111011111011110101111111
31312,5,1/2,pinned,1,4,4,4,1,1,0,0,32,1,4,00000000000000000000000000010101
31312,5,2/3,remined,0,1,,,,,,,32,1,1,01010001000000001011110101010100
31312,5,2/3,pinned,0,,,,,,,,32,1,,00000000000000000000000000000000
31312,5,3/4,remined,0,1,,,,,,,32,1,1,01010001000000000000000000010100
31312,5,3/4,pinned,0,,,,,,,,32,1,,00000000000000000000000000000000
31312,5,4/5,remined,0,1,,,,,,,32,1,1,01010001000000000000000000000000
31312,5,4/5,pinned,0,,,,,,,,32,1,,00000000000000000000000000000000
31312,5,1/1,remined,0,1,,,,,,,32,1,1,01010001000000000000000000000000
31312,5,1/1,pinned,0,,,,,,,,32,1,,00000000000000000000000000000000
31313,5,1/2,remined,1,1,1,1,1,1,0,0,32,1,1,01010111111011111011110101111111
31313,5,1/2,pinned,1,3,3,3,1,1,0,0,32,1,3,00000000000000000000100000010101
31313,5,2/3,remined,0,1,,,,,,,32,1,1,01010101010000101011110101010100
31313,5,2/3,pinned,0,,,,,,,,32,1,,00000000000000000000000000000000
31313,5,3/4,remined,0,1,,,,,,,32,1,1,01010101010000100000100000010100
31313,5,3/4,pinned,0,,,,,,,,32,1,,00000000000000000000000000000000
31313,5,4/5,remined,0,1,,,,,,,32,1,1,01010101010000100000100000000000
31313,5,4/5,pinned,0,,,,,,,,32,1,,00000000000000000000000000000000
31313,5,1/1,remined,0,1,,,,,,,32,1,1,01010101010000100000100000000000
31313,5,1/1,pinned,0,,,,,,,,32,1,,00000000000000000000000000000000
31321,5,1/2,remined,1,1,2,2,1,1,0,0,32,1,1,01010011111101111101111001111111
31321,5,1/2,pinned,1,4,4,4,1,1,0,0,32,1,4,00000000000000000000000000100101
31321,5,2/3,remined,0,1,,,,,,,32,1,1,01010001000000001101111001100100
31321,5,2/3,pinned,0,,,,,,,,32,1,,00000000000000000000000000000000
31321,5,3/4,remined,0,1,,,,,,,32,1,1,01010001000000000000000000100100
31321,5,3/4,pinned,0,,,,,,,,32,1,,00000000000000000000000000000000
31321,5,4/5,remined,0,1,,,,,,,32,1,1,01010001000000000000000000000000
31321,5,4/5,pinned,0,,,,,,,,32,1,,00000000000000000000000000000000
31321,5,1/1,remined,0,1,,,,,,,32,1,1,01010001000000000000000000000000
31321,5,1/1,pinned,0,,,,,,,,32,1,,00000000000000000000000000000000
31322,5,1/2,remined,1,1,2,1,0,1,0,0,32,1,1,01010011111111101111101100111111
31322,5,1/2,pinned,1,4,4,4,1,1,0,0,32,1,4,00000000000000000000000000110001
31322,5,2/3,remined,0,1,,,,,,,32,1,1,01010001000000001111101100110000
31322,5,2/3,pinned,0,,,,,,,,32,1,,00000000000000000000000000000000
31322,5,3/4,remined,0,1,,,,,,,32,1,1,01010001000000000000000000110000
31322,5,3/4,pinned,0,,,,,,,,32,1,,00000000000000000000000000000000
31322,5,4/5,remined,0,1,,,,,,,32,1,1,01010001000000000000000000000000
31322,5,4/5,pinned,0,,,,,,,,32,1,,00000000000000000000000000000000
31322,5,1/1,remined,0,1,,,,,,,32,1,1,01010001000000000000000000000000
31322,5,1/1,pinned,0,,,,,,,,32,1,,00000000000000000000000000000000
31323,5,1/2,remined,1,1,1,1,1,1,0,0,32,1,1,01010111111111111111111111111111
31323,5,1/2,pinned,1,3,4,4,1,1,0,0,32,1,3,00000000000000000000100000111111
31323,5,2/3,remined,1,1,1,1,1,1,0,0,32,1,1,01010101010000101111111111111111
31323,5,2/3,pinned,1,5,5,5,1,1,1,1,32,1,5,00000000000000000000000000000001
31323,5,3/4,remined,1,1,4,4,1,0,0,0,32,1,1,01010101010000100000100000111111
31323,5,3/4,pinned,1,5,5,5,1,1,1,1,32,1,5,00000000000000000000000000000001
31323,5,4/5,remined,1,1,5,5,1,0,1,0,32,1,1,01010101010000100000100000000001
31323,5,4/5,pinned,1,5,5,5,1,1,1,1,32,1,5,00000000000000000000000000000001
31323,5,1/1,remined,0,1,,,,,,,32,1,1,01010101010000100000100000000000
31323,5,1/1,pinned,0,,,,,,,,32,1,,00000000000000000000000000000000
31331,5,1/2,remined,1,1,1,1,1,1,0,0,32,1,1,01011011111101111101111001111111
31331,5,1/2,pinned,1,3,3,3,1,1,0,0,32,1,3,00000000000000000001000000100101
31331,5,2/3,remined,0,1,,,,,,,32,1,1,01011001100001001101111001100100
31331,5,2/3,pinned,0,,,,,,,,32,1,,00000000000000000000000000000000
31331,5,3/4,remined,0,1,,,,,,,32,1,1,01011001100001000001000000100100
31331,5,3/4,pinned,0,,,,,,,,32,1,,00000000000000000000000000000000
31331,5,4/5,remined,0,1,,,,,,,32,1,1,01011001100001000001000000000000
31331,5,4/5,pinned,0,,,,,,,,32,1,,00000000000000000000000000000000
31331,5,1/1,remined,0,1,,,,,,,32,1,1,01011001100001000001000000000000
31331,5,1/1,pinned,0,,,,,,,,32,1,,00000000000000000000000000000000
31332,5,1/2,remined,1,1,1,1,1,1,0,0,32,1,1,01011011111111111111111111111111
31332,5,1/2,pinned,1,3,4,4,1,1,0,0,32,1,3,00000000000000000001000000111111
31332,5,2/3,remined,1,1,2,1,0,1,0,0,32,1,1,01011001100001001111111111111111
31332,5,2/3,pinned,1,5,5,5,1,1,1,1,32,1,5,00000000000000000000000000000001
31332,5,3/4,remined,1,1,4,4,1,0,0,0,32,1,1,01011001100001000001000000111111
31332,5,3/4,pinned,1,5,5,5,1,1,1,1,32,1,5,00000000000000000000000000000001
31332,5,4/5,remined,1,1,5,5,1,0,1,0,32,1,1,01011001100001000001000000000001
31332,5,4/5,pinned,1,5,5,5,1,1,1,1,32,1,5,00000000000000000000000000000001
31332,5,1/1,remined,0,1,,,,,,,32,1,1,01011001100001000001000000000000
31332,5,1/1,pinned,0,,,,,,,,32,1,,00000000000000000000000000000000
31333,5,1/2,remined,1,1,1,1,1,1,0,0,32,1,1,01011111111111111111111111111111
31333,5,1/2,pinned,1,3,3,3,1,1,0,0,32,1,3,00000000000000000001110001111111
31333,5,2/3,remined,1,1,1,1,1,1,0,0,32,1,1,01011101110001111111111111111111
31333,5,2/3,pinned,1,4,4,4,1,1,0,0,32,1,4,00000000000000000000000000000101
31333,5,3/4,remined,1,1,1,1,1,1,0,0,32,1,1,01011101110001110001110001111111
31333,5,3/4,pinned,1,4,4,4,1,1,0,0,32,1,4,00000000000000000000000000000101
31333,5,4/5,remined,1,1,1,1,1,1,0,0,32,1,1,01011101110001110001110001000101
31333,5,4/5,pinned,1,4,4,4,1,1,0,0,32,1,4,00000000000000000000000000000101
31333,5,1/1,remined,0,1,,,,,,,32,1,1,01011101110001110001110001000100
31333,5,1/1,pinned,0,,,,,,,,32,1,,00000000000000000000000000000000
32111,5,1/2,remined,0,1,,,,,,,32,1,1,01000011111110001110000000111000
32111,5,1/2,pinned,0,,,,,,,,32,1,,00000000000000000000000000000000
32111,5,2/3,remined,0,1,,,,,,,32,1,1,01000000000000001110000000000000
32111,5,2/3,pinned,0,,,,,,,,32,1,,00000000000000000000000000000000
32111,5,3/4,remined,0,1,,,,,,,32,1,1,01000000000000000000000000000000
32111,5,3/4,pinned,0,,,,,,,,32,1,,00000000000000000000000000000000
32111,5,4/5,remined,0,1,,,,,,,32,1,1,01000000000000000000000000000000
32111,5,4/5,pinned,0,,,,,,,,32,1,,00000000000000000000000000000000
32111,5,1/1,remined,0,1,,,,,,,32,1,1,01000000000000000000000000000000
32111,5,1/1,pinned,0,,,,,,,,32,1,,00000000000000000000000000000000
32112,5,1/2,remined,1,1,4,4,1,0,0,0,32,1,1,01000011111100111100110000111111
32112,5,1/2,pinned,1,5,5,5,1,1,1,1,32,1,5,00000000000000000000000000000001
32112,5,2/3,remined,0,1,,,,,,,32,1,1,01000000000000001100110000000000
32112,5,2/3,pinned,0,,,,,,,,32,1,,00000000000000000000000000000000
32112,5,3/4,remined,0,1,,,,,,,32,1,1,01000000000000000000000000000000
32112,5,3/4,pinned,0,,,,,,,,32,1,,00000000000000000000000000000000
32112,5,4/5,remined,0,1,,,,,,,32,1,1,01000000000000000000000000000000
32112,5,4/5,pinned,0,,,,,,,,32,1,,00000000000000000000000000000000
32112,5,1/1,remined,0,1,,,,,,,32,1,1,01000000000000000000000000000000
32112,5,1/1,pinned,0,,,,,,,,32,1,,00000000000000000000000000000000
32113,5,1/2,remined,1,1,2,1,0,1,0,0,32,1,1,01000111111110111110110110111111
32113,5,1/2,pinned,1,4,4,4,1,1,0,0,32,1,4,00000000000000000000000000011001
32113,5,2/3,remined,0,1,,,,,,,32,1,1,01000100010000001110110110011000
32113,5,2/3,pinned,0,,,,,,,,32,1,,00000000000000000000000000000000
32113,5,3/4,remined,0,1,,,,,,,32,1,1,01000100010000000000000000011000
32113,5,3/4,pinned,0,,,,,,,,32,1,,00000000000000000000000000000000
32113,5,4/5,remined,0,1,,,,,,,32,1,1,01000100010000000000000000000000
32113,5,4/5,pinned,0,,,,,,,,32,1,,00000000000000000000000000000000
32113,5,1/1,remined,0,1,,,,,,,32,1,1,01000100010000000000000000000000
32113,5,1/1,pinned,0,,,,,,,,32,1,,00000000000000000000000000000000
32121,5,1/2,remined,1,1,4,4,1,0,0,0,32,1,1,01000011111011011011010000111111
32121,5,1/2,pinned,1,5,5,5,1,1,1,1,32,1,5,00000000000000000000000000000001
32121,5,2/3,remined,0,1,,,,,,,32,1,1,01000000000000001011010000000000
32121,5,2/3,pinned,0,,,,,,,,32,1,,00000000000000000000000000000000
32121,5,3/4,remined,0,1,,,,,,,32,1,1,01000000000000000000000000000000
32121,5,3/4,pinned,0,,,,,,,,32,1,,00000000000000000000000000000000
32121,5,4/5,remined,0,1,,,,,,,32,1,1,01000000000000000000000000000000
32121,5,4/5,pinned,0,,,,,,,,32,1,,00000000000000000000000000000000
32121,5,1/1,remined,0,1,,,,,,,32,1,1,01000000000000000000000000000000
32121,5,1/1,pinned,0,,,,,,,,32,1,,00000000000000000000000000000000
32122,5,1/2,remined,0,1,,,,,,,32,1,1,01000011111001101001100000110100
32122,5,1/2,pinned,0,,,,,,,,32,1,,00000000000000000000000000000000
32122,5,2/3,remined,0,1,,,,,,,32,1,1,01000000000000001001100000000000
32122,5,2/3,pinned,0,,,,,,,,32,1,,00000000000000000000000000000000
32122,5,3/4,remined,0,1,,,,,,,32,1,1,01000000000000000000000000000000
32122,5,3/4,pinned,0,,,,,,,,32,1,,00000000000000000000000000000000
32122,5,4/5,remined,0,1,,,,,,,32,1,1,01000000000000000000000000000000
32122,5,4/5,pinned,0,,,,,,,,32,1,,00000000000000000000000000000000
32122,5,1/1,remined,0,1,,,,,,,32,1,1,01000000000000000000000000000000
32122,5,1/1,pinned,0,,,,,,,,32,1,,00000000000000000000000000000000
32123,5,1/2,remined,1,1,1,1,1,1,0,0,32,1,1,01000111111011111011110101111111
32123,5,1/2,pinned,1,4,4,4,1,1,0,0,32,1,4,00000000000000000000000000010101
32123,5,2/3,remined,0,1,,,,,,,32,1,1,01000100010000001011110101010100
32123,5,2/3,pinned,0,,,,,,,,32,1,,00000000000000000000000000000000
32123,5,3/4,remined,0,1,,,,,,,32,1,1,01000100010000000000000000010100
32123,5,3/4,pinned,0,,,,,,,,32,1,,00000000000000000000000000000000
32123,5,4/5,remined,0,1,,,,,,,32,1,1,01000100010000000000000000000000
32123,5,4/5,pinned,0,,,,,,,,32,1,,00000000000000000000000000000000
32123,5,1/1,remined,0,1,,,,,,,32,1,1,01000100010000000000000000000000
32123,5,1/1,pinned,0,,,,,,,,32,1,,00000000000000000000000000000000
32131,5,1/2,remined,1,1,2,2,1,1,0,0,32,1,1,01001011111111011111011010111111
32131,5,1/2,pinned,1,4,4,4,1,1,0,0,32,1,4,00000000000000000000000000101001
32131,5,2/3,remined,0,1,,,,,,,32,1,1,01001000100000001111011010101000
32131,5,2/3,pinned,0,,,,,,,,32,1,,00000000000000000000000000000000
32131,5,3/4,remined,0,1,,,,,,,32,1,1,01001000100000000000000000101000
32131,5,3/4,pinned,0,,,,,,,,32,1,,00000000000000000000000000000000
32131,5,4/5,remined,0,1,,,,,,,32,1,1,01001000100000000000000000000000
32131,5,4/5,pinned,0,,,,,,,,32,1,,00000000000000000000000000000000
32131,5,1/1,remined,0,1,,,,,,,32,1,1,01001000100000000000000000000000
32131,5,1/1,pinned,0,,,,,,,,32,1,,00000000000000000000000000000000
32132,5,1/2,remined,1,1,1,1,1,1,0,0,32,1,1,01001011111101111101111001111111
32132,5,1/2,pinned,1,4,4,4,1,1,0,0,32,1,4,00000000000000000000000000100101
32132,5,2/3,remined,0,1,,,,,,,32,1,1,01001000100000001101111001100100
32132,5,2/3,pinned,0,,,,,,,,32,1,,00000000000000000000000000000000
32132,5,3/4,remined,0,1,,,,,,,32,1,1,01001000100000000000000000100100
32132,5,3/4,pinned,0,,,,,,,,32,1,,00000000000000000000000000000000
32132,5,4/5,remined,0,1,,,,,,,32,1,1,01001000100000000000000000000000
32132,5,4/5,pinned,0,,,,,,,,32,1,,00000000000000000000000000000000
32132,5,1/1,remined,0,1,,,,,,,32,1,1,01001000100000000000000000000000
32132,5,1/1,pinned,0,,,,,,,,32,1,,00000000000000000000000000000000
32133,5,1/2,remined,1,1,1,1,1,1,0,0,32,1,1,01001111111111111111111111111111
32133,5,1/2,pinned,1,3,4,4,1,1,0,0,32,1,3,00000000000000000000010000111111
32133,5,2/3,remined,1,1,1,1,1,1,0,0,32,1,1,01001100110000011111111111111111
32133,5,2/3,pinned,1,5,5,5,1,1,1,1,32,1,5,00000000000000000000000000000001
32133,5,3/4,remined,1,1,4,4,1,0,0,0,32,1,1,01001100110000010000010000111111
32133,5,3/4,pinned,1,5,5,5,1,1,1,1,32,1,5,00000000000000000000000000000001
32133,5,4/5,remined,1,1,5,5,1,0,1,0,32,1,1,01001100110000010000010000000001
32133,5,4/5,pinned,1,5,5,5,1,1,1,1,32,1,5,00000000000000000000000000000001
32133,5,1/1,remined,0,1,,,,,,,32,1,1,01001100110000010000010000000000
32133,5,1/1,pinned,0,,,,,,,,32,1,,00000000000000000000000000000000
32211,5,1/2,remined,1,1,4,4,1,0,0,0,32,1,1,01000011110111100111100000111111
32211,5,1/2,pinned,1,5,5,5,1,1,1,1,32,1,5,00000000000000000000000000000001
32211,5,2/3,remined,0,1,,,,,,,32,1,1,01000000000000000111100000000000
32211,5,2/3,pinned,0,,,,,,,,32,1,,00000000000000000000000000000000
32211,5,3/4,remined,0,1,,,,,,,32,1,1,01000000000000000000000000000000
32211,5,3/4,pinned,0,,,,,,,,32,1,,00000000000000000000000000000000
32211,5,4/5,remined,0,1,,,,,,,32,1,1,01000000000000000000000000000000
32211,5,4/5,pinned,0,,,,,,,,32,1,,00000000000000000000000000000000
32211,5,1/1,remined,0,1,,,,,,,32,1,1,01000000000000000000000000000000
32211,5,1/1,pinned,0,,,,,,,,32,1,,00000000000000000000000000000000
32212,5,1/2,remined,0,1,,,,,,,32,1,1,01000011110101010101010000101100
32212,5,1/2,pinned,0,,,,,,,,32,1,,00000000000000000000000000000000
32212,5,2/3,remined,0,1,,,,,,,32,1,1,01000000000000000101010000000000
32212,5,2/3,pinned,0,,,,,,,,32,1,,00000000000000000000000000000000
32212,5,3/4,remined,0,1,,,,,,,32,1,1,01000000000000000000000000000000
32212,5,3/4,pinned,0,,,,,,,,32,1,,00000000000000000000000000000000
32212,5,4/5,remined,0,1,,,,,,,32,1,1,01000000000000000000000000000000
32212,5,4/5,pinned,0,,,,,,,,32,1,,00000000000000000000000000000000
32212,5,1/1,remined,0,1,,,,,,,32,1,1,01000000000000000000000000000000
32212,5,1/1,pinned,0,,,,,,,,32,1,,00000000000000000000000000000000
32213,5,1/2,remined,1,1,1,1,1,1,0,0,32,1,1,01000111110111110111110011111111
32213,5,1/2,pinned,1,4,4,4,1,1,0,0,32,1,4,00000000000000000000000000001101
32213,5,2/3,remined,0,1,,,,,,,32,1,1,01000100010000000111110011001100
32213,5,2/3,pinned,0,,,,,,,,32,1,,00000000000000000000000000000000
32213,5,3/4,remined,0,1,,,,,,,32,1,1,01000100010000000000000000001100
32213,5,3/4,pinned,0,,,,,,,,32,1,,00000000000000000000000000000000
32213,5,4/5,remined,0,1,,,,,,,32,1,1,01000100010000000000000000000000
32213,5,4/5,pinned,0,,,,,,,,32,1,,00000000000000000000000000000000
32213,5,1/1,remined,0,1,,,,,,,32,1,1,01000100010000000000000000000000
32213,5,1/1,pinned,0,,,,,,,,32,1,,00000000000000000000000000000000
32221,5,1/2,remined,0,1,,,,,,,32,1,1,01000011110010110010110000011100
32221,5,1/2,pinned,0,,,,,,,,32,1,,00000000000000000000000000000000
32221,5,2/3,remined,0,1,,,,,,,32,1,1,01000000000000000010110000000000
32221,5,2/3,pinned,0,,,,,,,,32,1,,00000000000000000000000000000000
32221,5,3/4,remined,0,1,,,,,,,32,1,1,01000000000000000000000000000000
32221,5,3/4,pinned,0,,,,,,,,32,1,,00000000000000000000000000000000
32221,5,4/5,remined,0,1,,,,,,,32,1,1,01000000000000000000000000000000
32221,5,4/5,pinned,0,,,,,,,,32,1,,00000000000000000000000000000000
32221,5,1/1,remined,0,1,,,,,,,32,1,1,01000000000000000000000000000000
32221,5,1/1,pinned,0,,,,,,,,32,1,,00000000000000000000000000000000
32222,5,1/2,remined,0,1,,,,,,,32,1,1,01000011110000000000000000000000
32222,5,1/2,pinned,0,,,,,,,,32,1,,00000000000000000000000000000000
32222,5,2/3,remined,0,1,,,,,,,32,1,1,01000000000000000000000000000000
32222,5,2/3,pinned,0,,,,,,,,32,1,,00000000000000000000000000000000
32222,5,3/4,remined,0,1,,,,,,,32,1,1,01000000000000000000000000000000
32222,5,3/4,pinned,0,,,,,,,,32,1,,00000000000000000000000000000000
32222,5,4/5,remined,0,1,,,,,,,32,1,1,01000000000000000000000000000000
32222,5,4/5,pinned,0,,,,,,,,32,1,,00000000000000000000000000000000
32222,5,1/1,remined,0,1,,,,,,,32,1,1,01000000000000000000000000000000
32222,5,1/1,pinned,0,,,,,,,,32,1,,00000000000000000000000000000000
32223,5,1/2,remined,0,1,,,,,,,32,1,1,01000111110010110010110000011100
32223,5,1/2,pinned,0,,,,,,,,32,1,,00000000000000000000000000000000
32223,5,2/3,remined,0,1,,,,,,,32,1,1,01000100010000000010110000000000
32223,5,2/3,pinned,0,,,,,,,,32,1,,00000000000000000000000000000000
32223,5,3/4,remined,0,1,,,,,,,32,1,1,01000100010000000000000000000000
32223,5,3/4,pinned,0,,,,,,,,32,1,,00000000000000000000000000000000
32223,5,4/5,remined,0,1,,,,,,,32,1,1,01000100010000000000000000000000
32223,5,4/5,pinned,0,,,,,,,,32,1,,00000000000000000000000000000000
32223,5,1/1,remined,0,1,,,,,,,32,1,1,01000100010000000000000000000000
32223,5,1/1,pinned,0,,,,,,,,32,1,,00000000000000000000000000000000
32231,5,1/2,remined,1,1,1,1,1,1,0,0,32,1,1,01001011110111110111110011111111
32231,5,1/2,pinned,1,4,4,4,1,1,0,0,32,1,4,00000000000000000000000000001101
32231,5,2/3,remined,0,1,,,,,,,32,1,1,01001000100000000111110011001100
32231,5,2/3,pinned,0,,,,,,,,32,1,,00000000000000000000000000000000
32231,5,3/4,remined,0,1,,,,,,,32,1,1,01001000100000000000000000001100
32231,5,3/4,pinned,0,,,,,,,,32,1,,00000000000000000000000000000000
32231,5,4/5,remined,0,1,,,,,,,32,1,1,01001000100000000000000000000000
32231,5,4/5,pinned,0,,,,,,,,32,1,,00000000000000000000000000000000
32231,5,1/1,remined,0,1,,,,,,,32,1,1,01001000100000000000000000000000
32231,5,1/1,pinned,0,,,,,,,,32,1,,00000000000000000000000000000000
32232,5,1/2,remined,0,1,,,,,,,32,1,1,01001011110101010101010000101100
32232,5,1/2,pinned,0,,,,,,,,32,1,,00000000000000000000000000000000
32232,5,2/3,remined,0,1,,,,,,,32,1,1,01001000100000000101010000000000
32232,5,2/3,pinned,0,,,,,,,,32,1,,00000000000000000000000000000000
32232,5,3/4,remined,0,1,,,,,,,32,1,1,01001000100000000000000000000000
32232,5,3/4,pinned,0,,,,,,,,32,1,,00000000000000000000000000000000
32232,5,4/5,remined,0,1,,,,,,,32,1,1,01001000100000000000000000000000
32232,5,4/5,pinned,0,,,,,,,,32,1,,00000000000000000000000000000000
32232,5,1/1,remined,0,1,,,,,,,32,1,1,01001000100000000000000000000000
32232,5,1/1,pinned,0,,,,,,,,32,1,,00000000000000000000000000000000
32233,5,1/2,remined,1,1,1,1,1,1,0,0,32,1,1,01001111110111110111110011111111
32233,5,1/2,pinned,1,3,3,3,1,1,0,0,32,1,3,00000000000000000000010000001101
32233,5,2/3,remined,0,1,,,,,,,32,1,1,01001100110000010111110011001100
32233,5,2/3,pinned,0,,,,,,,,32,1,,00000000000000000000000000000000
32233,5,3/4,remined,0,1,,,,,,,32,1,1,01001100110000010000010000001100
32233,5,3/4,pinned,0,,,,,,,,32,1,,00000000000000000000000000000000
32233,5,4/5,remined,0,1,,,,,,,32,1,1,01001100110000010000010000000000
32233,5,4/5,pinned,0,,,,,,,,32,1,,00000000000000000000000000000000
32233,5,1/1,remined,0,1,,,,,,,32,1,1,01001100110000010000010000000000
32233,5,1/1,pinned,0,,,,,,,,32,1,,00000000000000000000000000000000
32311,5,1/2,remined,1,1,2,1,0,1,0,0,32,1,1,01010011111111101111101100111111
32311,5,1/2,pinned,1,4,4,4,1,1,0,0,32,1,4,00000000000000000000000000110001
32311,5,2/3,remined,0,1,,,,,,,32,1,1,01010001000000001111101100110000
32311,5,2/3,pinned,0,,,,,,,,32,1,,00000000000000000000000000000000
32311,5,3/4,remined,0,1,,,,,,,32,1,1,01010001000000000000000000110000
32311,5,3/4,pinned,0,,,,,,,,32,1,,00000000000000000000000000000000
32311,5,4/5,remined,0,1,,,,,,,32,1,1,01010001000000000000000000000000
32311,5,4/5,pinned,0,,,,,,,,32,1,,00000000000000000000000000000000
32311,5,1/1,remined,0,1,,,,,,,32,1,1,01010001000000000000000000000000
32311,5,1/1,pinned,0,,,,,,,,32,1,,00000000000000000000000000000000
32312,5,1/2,remined,1,1,2,2,1,1,0,0,32,1,1,01010011111101111101111001111111
32312,5,1/2,pinned,1,4,4,4,1,1,0,0,32,1,4,00000000000000000000000000100101
32312,5,2/3,remined,0,1,,,,,,,32,1,1,01010001000000001101111001100100
32312,5,2/3,pinned,0,,,,,,,,32,1,,00000000000000000000000000000000
32312,5,3/4,remined,0,1,,,,,,,32,1,1,01010001000000000000000000100100
32312,5,3/4,pinned,0,,,,,,,,32,1,,00000000000000000000000000000000
32312,5,4/5,remined,0,1,,,,,,,32,1,1,01010001000000000000000000000000
32312,5,4/5,pinned,0,,,,,,,,32,1,,00000000000000000000000000000000
32312,5,1/1,remined,0,1,,,,,,,32,1,1,01010001000000000000000000000000
32312,5,1/1,pinned,0,,,,,,,,32,1,,00000000000000000000000000000000
32313,5,1/2,remined,1,1,1,1,1,1,0,0,32,1,1,01010111111111111111111111111111
32313,5,1/2,pinned,1,3,4,4,1,1,0,0,32,1,3,00000000000000000000100000111111
32313,5,2/3,remined,1,1,1,1,1,1,0,0,32,1,1,01010101010000101111111111111111
32313,5,2/3,pinned,1,5,5,5,1,1,1,1,32,1,5,00000000000000000000000000000001
32313,5,3/4,remined,1,1,4,4,1,0,0,0,32,1,1,01010101010000100000100000111111
32313,5,3/4,pinned,1,5,5,5,1,1,1,1,32,1,5,00000000000000000000000000000001
32313,5,4/5,remined,1,1,5,5,1,0,1,0,32,1,1,01010101010000100000100000000001
32313,5,4/5,pinned,1,5,5,5,1,1,1,1,32,1,5,00000000000000000000000000000001
32313,5,1/1,remined,0,1,,,,,,,32,1,1,01010101010000100000100000000000
32313,5,1/1,pinned,0,,,,,,,,32,1,,00000000000000000000000000000000
32321,5,1/2,remined,1,1,2,2,1,1,0,0,32,1,1,01010011111011111011110101111111
32321,5,1/2,pinned,1,4,4,4,1,1,0,0,32,1,4,00000000000000000000000000010101
32321,5,2/3,remined,0,1,,,,,,,32,1,1,01010001000000001011110101010100
32321,5,2/3,pinned,0,,,,,,,,32,1,,00000000000000000000000000000000
32321,5,3/4,remined,0,1,,,,,,,32,1,1,01010001000000000000000000010100
32321,5,3/4,pinned,0,,,,,,,,32,1,,00000000000000000000000000000000
32321,5,4/5,remined,0,1,,,,,,,32,1,1,01010001000000000000000000000000
32321,5,4/5,pinned,0,,,,,,,,32,1,,00000000000000000000000000000000
32321,5,1/1,remined,0,1,,,,,,,32,1,1,01010001000000000000000000000000
32321,5,1/1,pinned,0,,,,,,,,32,1,,00000000000000000000000000000000
32322,5,1/2,remined,0,1,,,,,,,32,1,1,01010011111001101001100000110100
32322,5,1/2,pinned,0,,,,,,,,32,1,,00000000000000000000000000000000
32322,5,2/3,remined,0,1,,,,,,,32,1,1,01010001000000001001100000000000
32322,5,2/3,pinned,0,,,,,,,,32,1,,00000000000000000000000000000000
32322,5,3/4,remined,0,1,,,,,,,32,1,1,01010001000000000000000000000000
32322,5,3/4,pinned,0,,,,,,,,32,1,,00000000000000000000000000000000
32322,5,4/5,remined,0,1,,,,,,,32,1,1,01010001000000000000000000000000
32322,5,4/5,pinned,0,,,,,,,,32,1,,00000000000000000000000000000000
32322,5,1/1,remined,0,1,,,,,,,32,1,1,01010001000000000000000000000000
32322,5,1/1,pinned,0,,,,,,,,32,1,,00000000000000000000000000000000
32323,5,1/2,remined,1,1,1,1,1,1,0,0,32,1,1,01010111111011111011110101111111
32323,5,1/2,pinned,1,3,3,3,1,1,0,0,32,1,3,00000000000000000000100000010101
32323,5,2/3,remined,0,1,,,,,,,32,1,1,01010101010000101011110101010100
32323,5,2/3,pinned,0,,,,,,,,32,1,,00000000000000000000000000000000
32323,5,3/4,remined,0,1,,,,,,,32,1,1,01010101010000100000100000010100
32323,5,3/4,pinned,0,,,,,,,,32,1,,00000000000000000000000000000000
32323,5,4/5,remined,0,1,,,,,,,32,1,1,01010101010000100000100000000000
32323,5,4/5,pinned,0,,,,,,,,32,1,,00000000000000000000000000000000
32323,5,1/1,remined,0,1,,,,,,,32,1,1,01010101010000100000100000000000
32323,5,1/1,pinned,0,,,,,,,,32,1,,00000000000000000000000000000000
32331,5,1/2,remined,1,1,1,1,1,1,0,0,32,1,1,01011011111111111111111111111111
32331,5,1/2,pinned,1,3,4,4,1,1,0,0,32,1,3,00000000000000000001000000111111
32331,5,2/3,remined,1,1,2,1,0,1,0,0,32,1,1,01011001100001001111111111111111
32331,5,2/3,pinned,1,5,5,5,1,1,1,1,32,1,5,00000000000000000000000000000001
32331,5,3/4,remined,1,1,4,4,1,0,0,0,32,1,1,01011001100001000001000000111111
32331,5,3/4,pinned,1,5,5,5,1,1,1,1,32,1,5,00000000000000000000000000000001
32331,5,4/5,remined,1,1,5,5,1,0,1,0,32,1,1,01011001100001000001000000000001
32331,5,4/5,pinned,1,5,5,5,1,1,1,1,32,1,5,00000000000000000000000000000001
32331,5,1/1,remined,0,1,,,,,,,32,1,1,01011001100001000001000000000000
32331,5,1/1,pinned,0,,,,,,,,32,1,,00000000000000000000000000000000
32332,5,1/2,remined,1,1,1,1,1,1,0,0,32,1,1,01011011111101111101111001111111
32332,5,1/2,pinned,1,3,3,3,1,1,0,0,32,1,3,00000000000000000001000000100101
32332,5,2/3,remined,0,1,,,,,,,32,1,1,01011001100001001101111001100100
32332,5,2/3,pinned,0,,,,,,,,32,1,,00000000000000000000000000000000
32332,5,3/4,remined,0,1,,,,,,,32,1,1,01011001100001000001000000100100
32332,5,3/4,pinned,0,,,,,,,,32,1,,00000000000000000000000000000000
32332,5,4/5,remined,0,1,,,,,,,32,1,1,01011001100001000001000000000000
32332,5,4/5,pinned,0,,,,,,,,32,1,,00000000000000000000000000000000
32332,5,1/1,remined,0,1,,,,,,,32,1,1,01011001100001000001000000000000
32332,5,1/1,pinned,0,,,,,,,,32,1,,00000000000000000000000000000000
32333,5,1/2,remined,1,1,1,1,1,1,0,0,32,1,1,01011111111111111111111111111111
32333,5,1/2,pinned,1,3,3,3,1,1,0,0,32,1,3,00000000000000000001110001111111
32333,5,2/3,remined,1,1,1,1,1,1,0,0,32,1,1,01011101110001111111111111111111
32333,5,2/3,pinned,1,4,4,4,1,1,0,0,32,1,4,00000000000000000000000000000101
32333,5,3/4,remined,1,1,1,1,1,1,0,0,32,1,1,01011101110001110001110001111111
32333,5,3/4,pinned,1,4,4,4,1,1,0,0,32,1,4,00000000000000000000000000000101
32333,5,4/5,remined,1,1,1,1,1,1,0,0,32,1,1,01011101110001110001110001000101
32333,5,4/5,pinned,1,4,4,4,1,1,0,0,32,1,4,00000000000000000000000000000101
32333,5,1/1,remined,0,1,,,,,,,32,1,1,01011101110001110001110001000100
32333,5,1/1,pinned,0,,,,,,,,32,1,,00000000000000000000000000000000
33111,5,1/2,remined,0,1,,,,,,,32,1,1,01100011111110001110000000111000
33111,5,1/2,pinned,0,,,,,,,,32,1,,00000000000000000000000000000000
33111,5,2/3,remined,0,1,,,,,,,32,1,1,01100010000000001110000000000000
33111,5,2/3,pinned,0,,,,,,,,32,1,,00000000000000000000000000000000
33111,5,3/4,remined,0,1,,,,,,,32,1,1,01100010000000000000000000000000
33111,5,3/4,pinned,0,,,,,,,,32,1,,00000000000000000000000000000000
33111,5,4/5,remined,0,1,,,,,,,32,1,1,01100010000000000000000000000000
33111,5,4/5,pinned,0,,,,,,,,32,1,,00000000000000000000000000000000
33111,5,1/1,remined,0,1,,,,,,,32,1,1,01100010000000000000000000000000
33111,5,1/1,pinned,0,,,,,,,,32,1,,00000000000000000000000000000000
33112,5,1/2,remined,1,1,1,1,1,1,0,0,32,1,1,01100011111110111110110110111111
33112,5,1/2,pinned,1,4,4,4,1,1,0,0,32,1,4,00000000000000000000000000011001
33112,5,2/3,remined,0,1,,,,,,,32,1,1,01100010000000001110110110011000
33112,5,2/3,pinned,0,,,,,,,,32,1,,00000000000000000000000000000000
33112,5,3/4,remined,0,1,,,,,,,32,1,1,01100010000000000000000000011000
33112,5,3/4,pinned,0,,,,,,,,32,1,,00000000000000000000000000000000
33112,5,4/5,remined,0,1,,,,,,,32,1,1,01100010000000000000000000000000
33112,5,4/5,pinned,0,,,,,,,,32,1,,00000000000000000000000000000000
33112,5,1/1,remined,0,1,,,,,,,32,1,1,01100010000000000000000000000000
33112,5,1/1,pinned,0,,,,,,,,32,1,,00000000000000000000000000000000
33113,5,1/2,remined,1,1,1,1,1,1,0,0,32,1,1,01100111111110111110110110111111
33113,5,1/2,pinned,1,3,3,3,1,1,0,0,32,1,3,00000000000000000010000000011001
33113,5,2/3,remined,0,1,,,,,,,32,1,1,01100110010010001110110110011000
33113,5,2/3,pinned,0,,,,,,,,32,1,,00000000000000000000000000000000
33113,5,3/4,remined,0,1,,,,,,,32,1,1,01100110010010000010000000011000
33113,5,3/4,pinned,0,,,,,,,,32,1,,00000000000000000000000000000000
33113,5,4/5,remined,0,1,,,,,,,32,1,1,01100110010010000010000000000000
33113,5,4/5,pinned,0,,,,,,,,32,1,,00000000000000000000000000000000
33113,5,1/1,remined,0,1,,,,,,,32,1,1,01100110010010000010000000000000
33113,5,1/1,pinned,0,,,,,,,,32,1,,00000000000000000000000000000000
33121,5,1/2,remined,1,1,1,1,1,1,0,0,32,1,1,01100011111111011111011010111111
33121,5,1/2,pinned,1,4,4,4,1,1,0,0,32,1,4,00000000000000000000000000101001
33121,5,2/3,remined,0,1,,,,,,,32,1,1,01100010000000001111011010101000
33121,5,2/3,pinned,0,,,,,,,,32,1,,00000000000000000000000000000000
33121,5,3/4,remined,0,1,,,,,,,32,1,1,01100010000000000000000000101000
33121,5,3/4,pinned,0,,,,,,,,32,1,,00000000000000000000000000000000
33121,5,4/5,remined,0,1,,,,,,,32,1,1,01100010000000000000000000000000
33121,5,4/5,pinned,0,,,,,,,,32,1,,00000000000000000000000000000000
33121,5,1/1,remined,0,1,,,,,,,32,1,1,01100010000000000000000000000000
33121,5,1/1,pinned,0,,,,,,,,32,1,,00000000000000000000000000000000
33122,5,1/2,remined,1,1,2,1,0,1,0,0,32,1,1,01100011111111101111101100111111
33122,5,1/2,pinned,1,4,4,4,1,1,0,0,32,1,4,00000000000000000000000000110001
33122,5,2/3,remined,0,1,,,,,,,32,1,1,01100010000000001111101100110000
33122,5,2/3,pinned,0,,,,,,,,32,1,,00000000000000000000000000000000
33122,5,3/4,remined,0,1,,,,,,,32,1,1,01100010000000000000000000110000
33122,5,3/4,pinned,0,,,,,,,,32,1,,00000000000000000000000000000000
33122,5,4/5,remined,0,1,,,,,,,32,1,1,01100010000000000000000000000000
33122,5,4/5,pinned,0,,,,,,,,32,1,,00000000000000000000000000000000
33122,5,1/1,remined,0,1,,,,,,,32,1,1,01100010000000000000000000000000
33122,5,1/1,pinned,0,,,,,,,,32,1,,00000000000000000000000000000000
33123,5,1/2,remined,1,1,1,1,1,1,0,0,32,1,1,01100111111111111111111111111111
33123,5,1/2,pinned,1,3,4,4,1,1,0,0,32,1,3,00000000000000000010000000111111
33123,5,2/3,remined,1,1,3,3,1,0,0,0,32,1,1,01100110010010001111111111111111
33123,5,2/3,pinned,1,5,5,5,1,1,1,1,32,1,5,00000000000000000000000000000001
33123,5,3/4,remined,1,1,4,4,1,0,0,0,32,1,1,01100110010010000010000000111111
33123,5,3/4,pinned,1,5,5,5,1,1,1,1,32,1,5,00000000000000000000000000000001
33123,5,4/5,remined,1,1,5,5,1,0,1,0,32,1,1,01100110010010000010000000000001
33123,5,4/5,pinned,1,5,5,5,1,1,1,1,32,1,5,00000000000000000000000000000001
33123,5,1/1,remined,0,1,,,,,,,32,1,1,01100110010010000010000000000000
33123,5,1/1,pinned,0,,,,,,,,32,1,,00000000000000000000000000000000
33131,5,1/2,remined,1,1,1,1,1,1,0,0,32,1,1,01101011111111011111011010111111
33131,5,1/2,pinned,1,3,3,3,1,1,0,0,32,1,3,00000000000000000100000000101001
33131,5,2/3,remined,0,1,,,,,,,32,1,1,01101010100100001111011010101000
33131,5,2/3,pinned,0,,,,,,,,32,1,,00000000000000000000000000000000
33131,5,3/4,remined,0,1,,,,,,,32,1,1,01101010100100000100000000101000
33131,5,3/4,pinned,0,,,,,,,,32,1,,00000000000000000000000000000000
33131,5,4/5,remined,0,1,,,,,,,32,1,1,01101010100100000100000000000000
33131,5,4/5,pinned,0,,,,,,,,32,1,,00000000000000000000000000000000
33131,5,1/1,remined,0,1,,,,,,,32,1,1,01101010100100000100000000000000
33131,5,1/1,pinned,0,,,,,,,,32,1,,00000000000000000000000000000000
33132,5,1/2,remined,1,1,1,1,1,1,0,0,32,1,1,01101011111111111111111111111111
33132,5,1/2,pinned,1,3,4,4,1,1,0,0,32,1,3,00000000000000000100000000111111
33132,5,2/3,remined,1,1,3,3,1,0,0,0,32,1,1,01101010100100001111111111111111
33132,5,2/3,pinned,1,5,5,5,1,1,1,1,32,1,5,00000000000000000000000000000001
33132,5,3/4,remined,1,1,4,4,1,0,0,0,32,1,1,01101010100100000100000000111111
33132,5,3/4,pinned,1,5,5,5,1,1,1,1,32,1,5,00000000000000000000000000000001
33132,5,4/5,remined,1,1,5,5,1,0,1,0,32,1,1,01101010100100000100000000000001
33132,5,4/5,pinned,1,5,5,5,1,1,1,1,32,1,5,00000000000000000000000000000001
33132,5,1/1,remined,0,1,,,,,,,32,1,1,01101010100100000100000000000000
33132,5,1/1,pinned,0,,,,,,,,32,1,,00000000000000000000000000000000
33133,5,1/2,remined,1,1,1,1,1,1,0,0,32,1,1,01101111111111111111111111111111
33133,5,1/2,pinned,1,3,3,3,1,1,0,0,32,1,3,00000000000000000110010010111111
33133,5,2/3,remined,1,1,1,1,1,1,0,0,32,1,1,01101110110110011111111111111111
33133,5,2/3,pinned,1,4,4,4,1,1,0,0,32,1,4,00000000000000000000000000001001
33133,5,3/4,remined,1,1,1,1,1,1,0,0,32,1,1,01101110110110010110010010111111
33133,5,3/4,pinned,1,4,4,4,1,1,0,0,32,1,4,00000000000000000000000000001001
33133,5,4/5,remined,1,1,2,1,0,1,0,0,32,1,1,01101110110110010110010010001001
33133,5,4/5,pinned,1,4,4,4,1,1,0,0,32,1,4,00000000000000000000000000001001
33133,5,1/1,remined,0,1,,,,,,,32,1,1,01101110110110010110010010001000
33133,5,1/1,pinned,0,,,,,,,,32,1,,00000000000000000000000000000000
33211,5,1/2,remined,1,1,2,1,0,1,0,0,32,1,1,01100011111111101111101100111111
33211,5,1/2,pinned,1,4,4,4,1,1,0,0,32,1,4,00000000000000000000000000110001
33211,5,2/3,remined,0,1,,,,,,,32,1,1,01100010000000001111101100110000
33211,5,2/3,pinned,0,,,,,,,,32,1,,00000000000000000000000000000000
33211,5,3/4,remined,0,1,,,,,,,32,1,1,01100010000000000000000000110000
33211,5,3/4,pinned,0,,,,,,,,32,1,,00000000000000000000000000000000
33211,5,4/5,remined,0,1,,,,,,,32,1,1,01100010000000000000000000000000
33211,5,4/5,pinned,0,,,,,,,,32,1,,00000000000000000000000000000000
33211,5,1/1,remined,0,1,,,,,,,32,1,1,01100010000000000000000000000000
33211,5,1/1,pinned,0,,,,,,,,32,1,,00000000000000000000000000000000
33212,5,1/2,remined,1,1,1,1,1,1,0,0,32,1,1,01100011111111011111011010111111
33212,5,1/2,pinned,1,4,4,4,1,1,0,0,32,1,4,00000000000000000000000000101001
33212,5,2/3,remined,0,1,,,,,,,32,1,1,01100010000000001111011010101000
33212,5,2/3,pinned,0,,,,,,,,32,1,,00000000000000000000000000000000
33212,5,3/4,remined,0,1,,,,,,,32,1,1,01100010000000000000000000101000
33212,5,3/4,pinned,0,,,,,,,,32,1,,00000000000000000000000000000000
33212,5,4/5,remined,0,1,,,,,,,32,1,1,01100010000000000000000000000000
33212,5,4/5,pinned,0,,,,,,,,32,1,,00000000000000000000000000000000
33212,5,1/1,remined,0,1,,,,,,,32,1,1,01100010000000000000000000000000
33212,5,1/1,pinned,0,,,,,,,,32,1,,00000000000000000000000000000000
33213,5,1/2,remined,1,1,1,1,1,1,0,0,32,1,1,01100111111111111111111111111111
33213,5,1/2,pinned,1,3,4,4,1,1,0,0,32,1,3,00000000000000000010000000111111
33213,5,2/3,remined,1,1,3,3,1,0,0,0,32,1,1,01100110010010001111111111111111
33213,5,2/3,pinned,1,5,5,5,1,1,1,1,32,1,5,00000000000000000000000000000001
33213,5,3/4,remined,1,1,4,4,1,0,0,0,32,1,1,01100110010010000010000000111111
33213,5,3/4,pinned,1,5,5,5,1,1,1,1,32,1,5,00000000000000000000000000000001
33213,5,4/5,remined,1,1,5,5,1,0,1,0,32,1,1,01100110010010000010000000000001
33213,5,4/5,pinned,1,5,5,5,1,1,1,1,32,1,5,00000000000000000000000000000001
33213,5,1/1,remined,0,1,,,,,,,32,1,1,01100110010010000010000000000000
33213,5,1/1,pinned,0,,,,,,,,32,1,,00000000000000000000000000000000
33221,5,1/2,remined,1,1,1,1,1,1,0,0,32,1,1,01100011111110111110110110111111
33221,5,1/2,pinned,1,4,4,4,1,1,0,0,32,1,4,00000000000000000000000000011001
33221,5,2/3,remined,0,1,,,,,,,32,1,1,01100010000000001110110110011000
33221,5,2/3,pinned,0,,,,,,,,32,1,,00000000000000000000000000000000
33221,5,3/4,remined,0,1,,,,,,,32,1,1,01100010000000000000000000011000
33221,5,3/4,pinned,0,,,,,,,,32,1,,00000000000000000000000000000000
33221,5,4/5,remined,0,1,,,,,,,32,1,1,01100010000000000000000000000000
33221,5,4/5,pinned,0,,,,,,,,32,1,,00000000000000000000000000000000
33221,5,1/1,remined,0,1,,,,,,,32,1,1,01100010000000000000000000000000
33221,5,1/1,pinned,0,,,,,,,,32,1,,00000000000000000000000000000000
33222,5,1/2,remined,0,1,,,,,,,32,1,1,01100011111110001110000000111000
33222,5,1/2,pinned,0,,,,,,,,32,1,,00000000000000000000000000000000
33222,5,2/3,remined,0,1,,,,,,,32,1,1,01100010000000001110000000000000
33222,5,2/3,pinned,0,,,,,,,,32,1,,00000000000000000000000000000000
33222,5,3/4,remined,0,1,,,,,,,32,1,1,01100010000000000000000000000000
33222,5,3/4,pinned,0,,,,,,,,32,1,,00000000000000000000000000000000
33222,5,4/5,remined,0,1,,,,,,,32,1,1,01100010000000000000000000000000
33222,5,4/5,pinned,0,,,,,,,,32,1,,00000000000000000000000000000000
33222,5,1/1,remined,0,1,,,,,,,32,1,1,01100010000000000000000000000000
33222,5,1/1,pinned,0,,,,,,,,32,1,,00000000000000000000000000000000
33223,5,1/2,remined,1,1,1,1,1,1,0,0,32,1,1,01100111111110111110110110111111
33223,5,1/2,pinned,1,3,3,3,1,1,0,0,32,1,3,00000000000000000010000000011001
33223,5,2/3,remined,0,1,,,,,,,32,1,1,01100110010010001110110110011000
33223,5,2/3,pinned,0,,,,,,,,32,1,,00000000000000000000000000000000
33223,5,3/4,remined,0,1,,,,,,,32,1,1,01100110010010000010000000011000
33223,5,3/4,pinned,0,,,,,,,,32,1,,00000000000000000000000000000000
33223,5,4/5,remined,0,1,,,,,,,32,1,1,01100110010010000010000000000000
33223,5,4/5,pinned,0,,,,,,,,32,1,,00000000000000000000000000000000
33223,5,1/1,remined,0,1,,,,,,,32,1,1,01100110010010000010000000000000
33223,5,1/1,pinned,0,,,,,,,,32,1,,00000000000000000000000000000000
33231,5,1/2,remined,1,1,1,1,1,1,0,0,32,1,1,01101011111111111111111111111111
33231,5,1/2,pinned,1,3,4,4,1,1,0,0,32,1,3,00000000000000000100000000111111
33231,5,2/3,remined,1,1,3,3,1,0,0,0,32,1,1,01101010100100001111111111111111
33231,5,2/3,pinned,1,5,5,5,1,1,1,1,32,1,5,00000000000000000000000000000001
33231,5,3/4,remined,1,1,4,4,1,0,0,0,32,1,1,01101010100100000100000000111111
33231,5,3/4,pinned,1,5,5,5,1,1,1,1,32,1,5,00000000000000000000000000000001
33231,5,4/5,remined,1,1,5,5,1,0,1,0,32,1,1,01101010100100000100000000000001
33231,5,4/5,pinned,1,5,5,5,1,1,1,1,32,1,5,00000000000000000000000000000001
33231,5,1/1,remined,0,1,,,,,,,32,1,1,01101010100100000100000000000000
33231,5,1/1,pinned,0,,,,,,,,32,1,,00000000000000000000000000000000
33232,5,1/2,remined,1,1,1,1,1,1,0,0,32,1,1,01101011111111011111011010111111
33232,5,1/2,pinned,1,3,3,3,1,1,0,0,32,1,3,00000000000000000100000000101001
33232,5,2/3,remined,0,1,,,,,,,32,1,1,01101010100100001111011010101000
33232,5,2/3,pinned,0,,,,,,,,32,1,,00000000000000000000000000000000
33232,5,3/4,remined,0,1,,,,,,,32,1,1,01101010100100000100000000101000
33232,5,3/4,pinned,0,,,,,,,,32,1,,00000000000000000000000000000000
33232,5,4/5,remined,0,1,,,,,,,32,1,1,01101010100100000100000000000000
33232,5,4/5,pinned,0,,,,,,,,32,1,,00000000000000000000000000000000
33232,5,1/1,remined,0,1,,,,,,,32,1,1,01101010100100000100000000000000
33232,5,1/1,pinned,0,,,,,,,,32,1,,00000000000000000000000000000000
33233,5,1/2,remined,1,1,1,1,1,1,0,0,32,1,1,01101111111111111111111111111111
33233,5,1/2,pinned,1,3,3,3,1,1,0,0,32,1,3,00000000000000000110010010111111
33233,5,2/3,remined,1,1,1,1,1,1,0,0,32,1,1,01101110110110011111111111111111
33233,5,2/3,pinned,1,4,4,4,1,1,0,0,32,1,4,00000000000000000000000000001001
33233,5,3/4,remined,1,1,1,1,1,1,0,0,32,1,1,01101110110110010110010010111111
33233,5,3/4,pinned,1,4,4,4,1,1,0,0,32,1,4,00000000000000000000000000001001
33233,5,4/5,remined,1,1,2,1,0,1,0,0,32,1,1,01101110110110010110010010001001
33233,5,4/5,pinned,1,4,4,4,1,1,0,0,32,1,4,00000000000000000000000000001001
33233,5,1/1,remined,0,1,,,,,,,32,1,1,01101110110110010110010010001000
33233,5,1/1,pinned,0,,,,,,,,32,1,,00000000000000000000000000000000
33311,5,1/2,remined,1,1,2,1,0,1,0,0,32,1,1,01110011111111101111101100111111
33311,5,1/2,pinned,1,3,3,3,1,1,0,0,32,1,3,00000000000000001000000000110001
33311,5,2/3,remined,0,1,,,,,,,32,1,1,01110011001000001111101100110000
33311,5,2/3,pinned,0,,,,,,,,32,1,,00000000000000000000000000000000
33311,5,3/4,remined,0,1,,,,,,,32,1,1,01110011001000001000000000110000
33311,5,3/4,pinned,0,,,,,,,,32,1,,00000000000000000000000000000000
33311,5,4/5,remined,0,1,,,,,,,32,1,1,01110011001000001000000000000000
33311,5,4/5,pinned,0,,,,,,,,32,1,,00000000000000000000000000000000
33311,5,1/1,remined,0,1,,,,,,,32,1,1,01110011001000001000000000000000
33311,5,1/1,pinned,0,,,,,,,,32,1,,00000000000000000000000000000000
33312,5,1/2,remined,1,1,2,2,1,1,0,0,32,1,1,01110011111111111111111111111111
33312,5,1/2,pinned,1,3,4,4,1,1,0,0,32,1,3,00000000000000001000000000111111
33312,5,2/3,remined,1,1,3,3,1,0,0,0,32,1,1,01110011001000001111111111111111
33312,5,2/3,pinned,1,5,5,5,1,1,1,1,32,1,5,00000000000000000000000000000001
33312,5,3/4,remined,1,1,4,4,1,0,0,0,32,1,1,01110011001000001000000000111111
33312,5,3/4,pinned,1,5,5,5,1,1,1,1,32,1,5,00000000000000000000000000000001
33312,5,4/5,remined,1,1,5,5,1,0,1,0,32,1,1,01110011001000001000000000000001
33312,5,4/5,pinned,1,5,5,5,1,1,1,1,32,1,5,00000000000000000000000000000001
33312,5,1/1,remined,0,1,,,,,,,32,1,1,01110011001000001000000000000000
33312,5,1/1,pinned,0,,,,,,,,32,1,,00000000000000000000000000000000
33313,5,1/2,remined,1,1,1,1,1,1,0,0,32,1,1,01110111111111111111111111111111
33313,5,1/2,pinned,1,3,3,3,1,1,0,0,32,1,3,00000000000000001010100100111111
33313,5,2/3,remined,1,1,1,1,1,1,0,0,32,1,1,01110111011010101111111111111111
33313,5,2/3,pinned,1,4,4,4,1,1,0,0,32,1,4,00000000000000000000000000010001
33313,5,3/4,remined,1,1,2,1,0,1,0,0,32,1,1,01110111011010101010100100111111
33313,5,3/4,pinned,1,4,4,4,1,1,0,0,32,1,4,00000000000000000000000000010001
33313,5,4/5,remined,1,1,3,1,0,1,0,0,32,1,1,01110111011010101010100100010001
33313,5,4/5,pinned,1,4,4,4,1,1,0,0,32,1,4,00000000000000000000000000010001
33313,5,1/1,remined,0,1,,,,,,,32,1,1,01110111011010101010100100010000
33313,5,1/1,pinned,0,,,,,,,,32,1,,00000000000000000000000000000000
33321,5,1/2,remined,1,1,2,2,1,1,0,0,32,1,1,01110011111111111111111111111111
33321,5,1/2,pinned,1,3,4,4,1,1,0,0,32,1,3,00000000000000001000000000111111
33321,5,2/3,remined,1,1,3,3,1,0,0,0,32,1,1,01110011001000001111111111111111
33321,5,2/3,pinned,1,5,5,5,1,1,1,1,32,1,5,00000000000000000000000000000001
33321,5,3/4,remined,1,1,4,4,1,0,0,0,32,1,1,01110011001000001000000000111111
33321,5,3/4,pinned,1,5,5,5,1,1,1,1,32,1,5,00000000000000000000000000000001
33321,5,4/5,remined,1,1,5,5,1,0,1,0,32,1,1,01110011001000001000000000000001
33321,5,4/5,pinned,1,5,5,5,1,1,1,1,32,1,5,00000000000000000000000000000001
33321,5,1/1,remined,0,1,,,,,,,32,1,1,01110011001000001000000000000000
33321,5,1/1,pinned,0,,,,,,,,32,1,,00000000000000000000000000000000
33322,5,1/2,remined,1,1,2,1,0,1,0,0,32,1,1,01110011111111101111101100111111
33322,5,1/2,pinned,1,3,3,3,1,1,0,0,32,1,3,00000000000000001000000000110001
33322,5,2/3,remined,0,1,,,,,,,32,1,1,01110011001000001111101100110000
33322,5,2/3,pinned,0,,,,,,,,32,1,,00000000000000000000000000000000
33322,5,3/4,remined,0,1,,,,,,,32,1,1,01110011001000001000000000110000
33322,5,3/4,pinned,0,,,,,,,,32,1,,00000000000000000000000000000000
33322,5,4/5,remined,0,1,,,,,,,32,1,1,01110011001000001000000000000000
33322,5,4/5,pinned,0,,,,,,,,32,1,,00000000000000000000000000000000
33322,5,1/1,remined,0,1,,,,,,,32,1,1,01110011001000001000000000000000
33322,5,1/1,pinned,0,,,,,,,,32,1,,00000000000000000000000000000000
33323,5,1/2,remined,1,1,1,1,1,1,0,0,32,1,1,01110111111111111111111111111111
33323,5,1/2,pinned,1,3,3,3,1,1,0,0,32,1,3,00000000000000001010100100111111
33323,5,2/3,remined,1,1,1,1,1,1,0,0,32,1,1,01110111011010101111111111111111
33323,5,2/3,pinned,1,4,4,4,1,1,0,0,32,1,4,00000000000000000000000000010001
33323,5,3/4,remined,1,1,2,1,0,1,0,0,32,1,1,01110111011010101010100100111111
33323,5,3/4,pinned,1,4,4,4,1,1,0,0,32,1,4,00000000000000000000000000010001
33323,5,4/5,remined,1,1,3,1,0,1,0,0,32,1,1,01110111011010101010100100010001
33323,5,4/5,pinned,1,4,4,4,1,1,0,0,32,1,4,00000000000000000000000000010001
33323,5,1/1,remined,0,1,,,,,,,32,1,1,01110111011010101010100100010000
33323,5,1/1,pinned,0,,,,,,,,32,1,,00000000000000000000000000000000
33331,5,1/2,remined,1,1,1,1,1,1,0,0,32,1,1,01111011111111111111111111111111
33331,5,1/2,pinned,1,3,3,3,1,1,0,0,32,1,3,00000000000000001101001000111111
33331,5,2/3,remined,1,1,2,1,0,1,0,0,32,1,1,01111011101101001111111111111111
33331,5,2/3,pinned,1,4,4,4,1,1,0,0,32,1,4,00000000000000000000000000100001
33331,5,3/4,remined,1,1,3,1,0,1,0,0,32,1,1,01111011101101001101001000111111
33331,5,3/4,pinned,1,4,4,4,1,1,0,0,32,1,4,00000000000000000000000000100001
33331,5,4/5,remined,1,1,4,1,0,1,0,0,32,1,1,01111011101101001101001000100001
33331,5,4/5,pinned,1,4,4,4,1,1,0,0,32,1,4,00000000000000000000000000100001
33331,5,1/1,remined,0,1,,,,,,,32,1,1,01111011101101001101001000100000
33331,5,1/1,pinned,0,,,,,,,,32,1,,00000000000000000000000000000000
33332,5,1/2,remined,1,1,1,1,1,1,0,0,32,1,1,01111011111111111111111111111111
33332,5,1/2,pinned,1,3,3,3,1,1,0,0,32,1,3,00000000000000001101001000111111
33332,5,2/3,remined,1,1,2,1,0,1,0,0,32,1,1,01111011101101001111111111111111
33332,5,2/3,pinned,1,4,4,4,1,1,0,0,32,1,4,00000000000000000000000000100001
33332,5,3/4,remined,1,1,3,1,0,1,0,0,32,1,1,01111011101101001101001000111111
33332,5,3/4,pinned,1,4,4,4,1,1,0,0,32,1,4,00000000000000000000000000100001
33332,5,4/5,remined,1,1,4,1,0,1,0,0,32,1,1,01111011101101001101001000100001
33332,5,4/5,pinned,1,4,4,4,1,1,0,0,32,1,4,00000000000000000000000000100001
33332,5,1/1,remined,0,1,,,,,,,32,1,1,01111011101101001101001000100000
33332,5,1/1,pinned,0,,,,,,,,32,1,,00000000000000000000000000000000
33333,5,1/2,remined,1,1,1,1,1,1,0,0,32,1,1,01111111111111111111111111111111
33333,5,1/2,pinned,1,3,3,3,1,1,0,0,32,1,3,00000000000000001111111111111111
33333,5,2/3,remined,1,1,1,1,1,1,0,0,32,1,1,01111111111111111111111111111111
33333,5,2/3,pinned,1,4,4,4,1,1,0,0,32,1,4,00000000000000000000000000111111
33333,5,3/4,remined,1,1,1,1,1,1,0,0,32,1,1,01111111111111111111111111111111
33333,5,3/4,pinned,1,4,4,4,1,1,0,0,32,1,4,00000000000000000000000000111111
33333,5,4/5,remined,1,1,1,1,1,1,0,0,32,1,1,01111111111111111111111111111111
33333,5,4/5,pinned,1,4,4,4,1,1,0,0,32,1,4,00000000000000000000000000111111
33333,5,1/1,remined,1,1,1,1,1,1,0,0,32,1,1,01111111111111111111111111111111
33333,5,1/1,pinned,1,5,5,5,1,1,1,1,32,1,5,00000000000000000000000000000001
