population,n,threshold,mode,full_valid,optimum_size,singlepass_size,repeat_size,singlepass_one_minimal,repeat_inclusion_minimal,full_one_minimal,full_inclusion_minimal,subset_count,oracle_agrees,closed_form_size,truth_vector
111111,6,1/2,remined,0,,,,,,,,64,1,,0000000000000000000000000000000000000000000000000000000000000000
111111,6,1/2,pinned,0,,,,,,,,64,1,,0000000000000000000000000000000000000000000000000000000000000000
111111,6,2/3,remined,0,,,,,,,,64,1,,0000000000000000000000000000000000000000000000000000000000000000
111111,6,2/3,pinned,0,,,,,,,,64,1,,0000000000000000000000000000000000000000000000000000000000000000
111111,6,3/4,remined,0,,,,,,,,64,1,,0000000000000000000000000000000000000000000000000000000000000000
111111,6,3/4,pinned,0,,,,,,,,64,1,,0000000000000000000000000000000000000000000000000000000000000000
111111,6,4/5,remined,0,,,,,,,,64,1,,0000000000000000000000000000000000000000000000000000000000000000
111111,6,4/5,pinned,0,,,,,,,,64,1,,0000000000000000000000000000000000000000000000000000000000000000
111111,6,1/1,remined,0,,,,,,,,64,1,,0000000000000000000000000000000000000000000000000000000000000000
111111,6,1/1,pinned,0,,,,,,,,64,1,,0000000000000000000000000000000000000000000000000000000000000000
111112,6,1/2,remined,0,2,,,,,,,64,1,2,0000000000010001001011000000000000000000000000000000000000000000
111112,6,1/2,pinned,0,,,,,,,,64,1,,0000000000000000000000000000000000000000000000000000000000000000
111112,6,2/3,remined,0,,,,,,,,64,1,,0000000000000000000000000000000000000000000000000000000000000000
111112,6,2/3,pinned,0,,,,,,,,64,1,,0000000000000000000000000000000000000000000000000000000000000000
111112,6,3/4,remined,0,,,,,,,,64,1,,0000000000000000000000000000000000000000000000000000000000000000
111112,6,3/4,pinned,0,,,,,,,,64,1,,0000000000000000000000000000000000000000000000000000000000000000
111112,6,4/5,remined,0,,,,,,,,64,1,,0000000000000000000000000000000000000000000000000000000000000000
111112,6,4/5,pinned,0,,,,,,,,64,1,,0000000000000000000000000000000000000000000000000000000000000000
111112,6,1/1,remined,0,,,,,,,,64,1,,0000000000000000000000000000000000000000000000000000000000000000
111112,6,1/1,pinned,0,,,,,,,,64,1,,0000000000000000000000000000000000000000000000000000000000000000
111113,6,1/2,remined,0,1,,,,,,,64,1,1,0000001000010001001011000000000000000000000000000000000000000000
111113,6,1/2,pinned,0,,,,,,,,64,1,,0000000000000000000000000000000000000000000000000000000000000000
111113,6,2/3,remined,0,1,,,,,,,64,1,1,0000001000000000000000000000000000000000000000000000000000000000
111113,6,2/3,pinned,0,,,,,,,,64,1,,0000000000000000000000000000000000000000000000000000000000000000
111113,6,3/4,remined,0,1,,,,,,,64,1,1,0000001000000000000000000000000000000000000000000000000000000000
111113,6,3/4,pinned,0,,,,,,,,64,1,,0000000000000000000000000000000000000000000000000000000000000000
111113,6,4/5,remined,0,1,,,,,,,64,1,1,0000001000000000000000000000000000000000000000000000000000000000
111113,6,4/5,pinned,0,,,,,,,,64,1,,0000000000000000000000000000000000000000000000000000000000000000
111113,6,1/1,remined,0,1,,,,,,,64,1,1,0000001000000000000000000000000000000000000000000000000000000000
111113,6,1/1,pinned,0,,,,,,,,64,1,,0000000000000000000000000000000000000000000000000000000000000000
111121,6,1/2,remined,0,2,,,,,,,64,1,2,0000000000100010010101000000000000000000000000000000000000000000
111121,6,1/2,pinned,0,,,,,,,,64,1,,0000000000000000000000000000000000000000000000000000000000000000
111121,6,2/3,remined,0,,,,,,,,64,1,,0000000000000000000000000000000000000000000000000000000000000000
111121,6,2/3,pinned,0,,,,,,,,64,1,,0000000000000000000000000000000000000000000000000000000000000000
111121,6,3/4,remined,0,,,,,,,,64,1,,0000000000000000000000000000000000000000000000000000000000000000
111121,6,3/4,pinned,0,,,,,,,,64,1,,0000000000000000000000000000000000000000000000000000000000000000
111121,6,4/5,remined,0,,,,,,,,64,1,,0000000000000000000000000000000000000000000000000000000000000000
111121,6,4/5,pinned,0,,,,,,,,64,1,,0000000000000000000000000000000000000000000000000000000000000000
111121,6,1/1,remined,0,,,,,,,,64,1,,0000000000000000000000000000000000000000000000000000000000000000
111121,6,1/1,pinned,0,,,,,,,,64,1,,0000000000000000000000000000000000000000000000000000000000000000
111122,6,1/2,remined,0,2,,,,,,,64,1,2,0000000000110011011110000000000000000000000000010011001110000000
111122,6,1/2,pinned,0,,,,,,,,64,1,,0000000000000000000000000000000000000000000000000000000000000000
111122,6,2/3,remined,0,,,,,,,,64,1,,0000000000000000000000000000000000000000000000000000000000000000
111122,6,2/3,pinned,0,,,,,,,,64,1,,0000000000000000000000000000000000000000000000000000000000000000
111122,6,3/4,remined,0,,,,,,,,64,1,,0000000000000000000000000000000000000000000000000000000000000000
111122,6,3/4,pinned,0,,,,,,,,64,1,,0000000000000000000000000000000000000000000000000000000000000000
111122,6,4/5,remined,0,,,,,,,,64,1,,0000000000000000000000000000000000000000000000000000000000000000
111122,6,4/5,pinned,0,,,,,,,,64,1,,0000000000000000000000000000000000000000000000000000000000000000
111122,6,1/1,remined,0,,,,,,,,64,1,,0000000000000000000000000000000000000000000000000000000000000000
111122,6,1/1,pinned,0,,,,,,,,64,1,,0000000000000000000000000000000000000000000000000000000000000000
111123,6,1/2,remined,0,1,,,,,,,64,1,1,0000001000110011011111000000000100000100110000010011001110000000
111123,6,1/2,pinned,0,,,,,,,,64,1,,0000000000000000000000000000000000000000000000000000000000000000
111123,6,2/3,remined,0,1,,,,,,,64,1,1,0000001000000000000000000000000100000100110000000000000000000000
111123,6,2/3,pinned,0,,,,,,,,64,1,,0000000000000000000000000000000000000000000000000000000000000000
111123,6,3/4,remined,0,1,,,,,,,64,1,1,0000001000000000000000000000000000000000000000000000000000000000
111123,6,3/4,pinned,0,,,,,,,,64,1,,0000000000000000000000000000000000000000000000000000000000000000
111123,6,4/5,remined,0,1,,,,,,,64,1,1,0000001000000000000000000000000000000000000000000000000000000000
111123,6,4/5,pinned,0,,,,,,,,64,1,,0000000000000000000000000000000000000000000000000000000000000000
111123,6,1/1,remined,0,1,,,,,,,64,1,1,0000001000000000000000000000000000000000000000000000000000000000
111123,6,1/1,pinned,0,,,,,,,,64,1,,0000000000000000000000000000000000000000000000000000000000000000
111131,6,1/2,remined,0,1,,,,,,,64,1,1,0000010000100010010101000000000000000000000000000000000000000000
111131,6,1/2,pinned,0,,,,,,,,64,1,,0000000000000000000000000000000000000000000000000000000000000000
111131,6,2/3,remined,0,1,,,,,,,64,1,1,0000010000000000000000000000000000000000000000000000000000000000
111131,6,2/3,pinned,0,,,,,,,,64,1,,0000000000000000000000000000000000000000000000000000000000000000
111131,6,3/4,remined,0,1,,,,,,,64,1,1,0000010000000000000000000000000000000000000000000000000000000000
111131,6,3/4,pinned,0,,,,,,,,64,1,,0000000000000000000000000000000000000000000000000000000000000000
111131,6,4/5,remined,0,1,,,,,,,64,1,1,0000010000000000000000000000000000000000000000000000000000000000
111131,6,4/5,pinned,0,,,,,,,,64,1,,0000000000000000000000000000000000000000000000000000000000000000
111131,6,1/1,remined,0,1,,,,,,,64,1,1,0000010000000000000000000000000000000000000000000000000000000000
111131,6,1/1,pinned,0,,,,,,,,64,1,,0000000000000000000000000000000000000000000000000000000000000000
111132,6,1/2,remined,0,1,,,,,,,64,1,1,0000010000110011011111000000000100000100110000010011001110000000
111132,6,1/2,pinned,0,,,,,,,,64,1,,0000000000000000000000000000000000000000000000000000000000000000
111132,6,2/3,remined,0,1,,,,,,,64,1,1,0000010000000000000000000000000100000100110000000000000000000000
111132,6,2/3,pinned,0,,,,,,,,64,1,,0000000000000000000000000000000000000000000000000000000000000000
111132,6,3/4,remined,0,1,,,,,,,64,1,1,0000010000000000000000000000000000000000000000000000000000000000
111132,6,3/4,pinned,0,,,,,,,,64,1,,0000000000000000000000000000000000000000000000000000000000000000
111132,6,4/5,remined,0,1,,,,,,,64,1,1,0000010000000000000000000000000000000000000000000000000000000000
111132,6,4/5,pinned,0,,,,,,,,64,1,,0000000000000000000000000000000000000000000000000000000000000000
111132,6,1/1,remined,0,1,,,,,,,64,1,1,0000010000000000000000000000000000000000000000000000000000000000
111132,6,1/1,pinned,0,,,,,,,,64,1,,0000000000000000000000000000000000000000000000000000000000000000
111133,6,1/2,remined,0,1,,,,,,,64,1,1,0000011000110011011111000000000100000100110000010011001110000000
111133,6,1/2,pinned,0,,,,,,,,64,1,,0000000000000000000000000000000000000000000000000000000000000000
111133,6,2/3,remined,0,1,,,,,,,64,1,1,0000011000000000000001000000000100000100110000000000000000000000
111133,6,2/3,pinned,0,,,,,,,,64,1,,0000000000000000000000000000000000000000000000000000000000000000
111133,6,3/4,remined,0,1,,,,,,,64,1,1,0000011000000000000001000000000000000000000000000000000000000000
111133,6,3/4,pinned,0,,,,,,,,64,1,,0000000000000000000000000000000000000000000000000000000000000000
111133,6,4/5,remined,0,1,,,,,,,64,1,1,0000011000000000000001000000000000000000000000000000000000000000
111133,6,4/5,pinned,0,,,,,,,,64,1,,0000000000000000000000000000000000000000000000000000000000000000
111133,6,1/1,remined,0,1,,,,,,,64,1,1,0000011000000000000001000000000000000000000000000000000000000000
111133,6,1/1,pinned,0,,,,,,,,64,1,,0000000000000000000000000000000000000000000000000000000000000000
111211,6,1/2,remined,0,2,,,,,,,64,1,2,0000000001000100100110000000000000000000000000000000000000000000
111211,6,1/2,pinned,0,,,,,,,,64,1,,0000000000000000000000000000000000000000000000000000000000000000
111211,6,2/3,remined,0,,,,,,,,64,1,,0000000000000000000000000000000000000000000000000000000000000000
111211,6,2/3,pinned,0,,,,,,,,64,1,,0000000000000000000000000000000000000000000000000000000000000000
111211,6,3/4,remined,0,,,,,,,,64,1,,0000000000000000000000000000000000000000000000000000000000000000
111211,6,3/4,pinned,0,,,,,,,,64,1,,0000000000000000000000000000000000000000000000000000000000000000
111211,6,4/5,remined,0,,,,,,,,64,1,,0000000000000000000000000000000000000000000000000000000000000000
111211,6,4/5,pinned,0,,,,,,,,64,1,,0000000000000000000000000000000000000000000000000000000000000000
111211,6,1/1,remined,0,,,,,,,,64,1,,0000000000000000000000000000000000000000000000000000000000000000
111211,6,1/1,pinned,0,,,,,,,,64,1,,0000000000000000000000000000000000000000000000000000000000000000
111212,6,1/2,remined,0,2,,,,,,,64,1,2,0000000001010101101101000000000000000000000000100101010110000000
111212,6,1/2,pinned,0,,,,,,,,64,1,,0000000000000000000000000000000000000000000000000000000000000000
111212,6,2/3,remined,0,,,,,,,,64,1,,0000000000000000000000000000000000000000000000000000000000000000
111212,6,2/3,pinned,0,,,,,,,,64,1,,0000000000000000000000000000000000000000000000000000000000000000
111212,6,3/4,remined,0,,,,,,,,64,1,,0000000000000000000000000000000000000000000000000000000000000000
111212,6,3/4,pinned,0,,,,,,,,64,1,,0000000000000000000000000000000000000000000000000000000000000000
111212,6,4/5,remined,0,,,,,,,,64,1,,0000000000000000000000000000000000000000000000000000000000000000
111212,6,4/5,pinned,0,,,,,,,,64,1,,0000000000000000000000000000000000000000000000000000000000000000
111212,6,1/1,remined,0,,,,,,,,64,1,,0000000000000000000000000000000000000000000000000000000000000000
111212,6,1/1,pinned,0,,,,,,,,64,1,,0000000000000000000000000000000000000000000000000000000000000000
111213,6,1/2,remined,0,1,,,,,,,64,1,1,0000001001010101101111000000001000001001010000100101010110000000
111213,6,1/2,pinned,0,,,,,,,,64,1,,0000000000000000000000000000000000000000000000000000000000000000
111213,6,2/3,remined,0,1,,,,,,,64,1,1,0000001000000000000000000000001000001001010000000000000000000000
111213,6,2/3,pinned,0,,,,,,,,64,1,,0000000000000000000000000000000000000000000000000000000000000000
111213,6,3/4,remined,0,1,,,,,,,64,1,1,0000001000000000000000000000000000000000000000000000000000000000
111213,6,3/4,pinned,0,,,,,,,,64,1,,0000000000000000000000000000000000000000000000000000000000000000
111213,6,4/5,remined,0,1,,,,,,,64,1,1,0000001000000000000000000000000000000000000000000000000000000000
111213,6,4/5,pinned,0,,,,,,,,64,1,,0000000000000000000000000000000000000000000000000000000000000000
111213,6,1/1,remined,0,1,,,,,,,64,1,1,0000001000000000000000000000000000000000000000000000000000000000
111213,6,1/1,pinned,0,,,,,,,,64,1,,0000000000000000000000000000000000000000000000000000000000000000
111221,6,1/2,remined,0,2,,,,,,,64,1,2,0000000001100110110011000000000000000000000001001001100110000000
111221,6,1/2,pinned,0,,,,,,,,64,1,,0000000000000000000000000000000000000000000000000000000000000000
111221,6,2/3,remined,0,,,,,,,,64,1,,0000000000000000000000000000000000000000000000000000000000000000
111221,6,2/3,pinned,0,,,,,,,,64,1,,0000000000000000000000000000000000000000000000000000000000000000
111221,6,3/4,remined,0,,,,,,,,64,1,,0000000000000000000000000000000000000000000000000000000000000000
111221,6,3/4,pinned,0,,,,,,,,64,1,,0000000000000000000000000000000000000000000000000000000000000000
111221,6,4/5,remined,0,,,,,,,,64,1,,0000000000000000000000000000000000000000000000000000000000000000
111221,6,4/5,pinned,0,,,,,,,,64,1,,0000000000000000000000000000000000000000000000000000000000000000
111221,6,1/1,remined,0,,,,,,,,64,1,,0000000000000000000000000000000000000000000000000000000000000000
111221,6,1/1,pinned,0,,,,,,,,64,1,,0000000000000000000000000000000000000000000000000000000000000000
111222,6,1/2,remined,1,2,6,6,1,0,1,0,64,1,2,0000000001110111111000000000000000000000000001111110111000000001
111222,6,1/2,pinned,1,6,6,6,1,1,1,1,64,1,6,0000000000000000000000000000000000000000000000000000000000000001
111222,6,2/3,remined,0,,,,,,,,64,1,,0000000000000000000000000000000000000000000000000000000000000000
111222,6,2/3,pinned,0,,,,,,,,64,1,,0000000000000000000000000000000000000000000000000000000000000000
111222,6,3/4,remined,0,,,,,,,,64,1,,0000000000000000000000000000000000000000000000000000000000000000
111222,6,3/4,pinned,0,,,,,,,,64,1,,0000000000000000000000000000000000000000000000000000000000000000
111222,6,4/5,remined,0,,,,,,,,64,1,,0000000000000000000000000000000000000000000000000000000000000000
111222,6,4/5,pinned,0,,,,,,,,64,1,,0000000000000000000000000000000000000000000000000000000000000000
111222,6,1/1,remined,0,,,,,,,,64,1,,0000000000000000000000000000000000000000000000000000000000000000
111222,6,1/1,pinned,0,,,,,,,,64,1,,0000000000000000000000000000000000000000000000000000000000000000
111223,6,1/2,remined,1,1,2,1,0,1,0,0,64,1,1,0000001001110111111011000000001100001101100001111111111110001111
111223,6,1/2,pinned,1,5,5,5,1,1,0,0,64,1,5,0000000000000000000000000000000000000000000000000000000000001111
111223,6,2/3,remined,0,1,,,,,,,64,1,1,0000001000000000000000000000001100001101100000000000000000000000
111223,6,2/3,pinned,0,,,,,,,,64,1,,0000000000000000000000000000000000000000000000000000000000000000
111223,6,3/4,remined,0,1,,,,,,,64,1,1,0000001000000000000000000000000000000000000000000000000000000000
111223,6,3/4,pinned,0,,,,,,,,64,1,,0000000000000000000000000000000000000000000000000000000000000000
111223,6,4/5,remined,0,1,,,,,,,64,1,1,0000001000000000000000000000000000000000000000000000000000000000
111223,6,4/5,pinned,0,,,,,,,,64,1,,0000000000000000000000000000000000000000000000000000000000000000
111223,6,1/1,remined,0,1,,,,,,,64,1,1,0000001000000000000000000000000000000000000000000000000000000000
111223,6,1/1,pinned,0,,,,,,,,64,1,,0000000000000000000000000000000000000000000000000000000000000000
111231,6,1/2,remined,0,1,,,,,,,64,1,1,0000010001100110110111000000010000010010010001001001100110000000
111231,6,1/2,pinned,0,,,,,,,,64,1,,0000000000000000000000000000000000000000000000000000000000000000
111231,6,2/3,remined,0,1,,,,,,,64,1,1,0000010000000000000000000000010000010010010000000000000000000000
111231,6,2/3,pinned,0,,,,,,,,64,1,,0000000000000000000000000000000000000000000000000000000000000000
111231,6,3/4,remined,0,1,,,,,,,64,1,1,0000010000000000000000000000000000000000000000000000000000000000
111231,6,3/4,pinned,0,,,,,,,,64,1,,0000000000000000000000000000000000000000000000000000000000000000
111231,6,4/5,remined,0,1,,,,,,,64,1,1,0000010000000000000000000000000000000000000000000000000000000000
111231,6,4/5,pinned,0,,,,,,,,64,1,,0000000000000000000000000000000000000000000000000000000000000000
111231,6,1/1,remined,0,1,,,,,,,64,1,1,0000010000000000000000000000000000000000000000000000000000000000
111231,6,1/1,pinned,0,,,,,,,,64,1,,0000000000000000000000000000000000000000000000000000000000000000
111232,6,1/2,remined,1,1,2,2,1,1,0,0,64,1,1,0000010001110111111101000000010100010110100001111111111110001111
111232,6,1/2,pinned,1,5,5,5,1,1,0,0,64,1,5,0000000000000000000000000000000000000000000000000000000000001111
111232,6,2/3,remined,0,1,,,,,,,64,1,1,0000010000000000000000000000010100010110100000000000000000000000
111232,6,2/3,pinned,0,,,,,,,,64,1,,0000000000000000000000000000000000000000000000000000000000000000
111232,6,3/4,remined,0,1,,,,,,,64,1,1,0000010000000000000000000000000000000000000000000000000000000000
111232,6,3/4,pinned,0,,,,,,,,64,1,,0000000000000000000000000000000000000000000000000000000000000000
111232,6,4/5,remined,0,1,,,,,,,64,1,1,0000010000000000000000000000000000000000000000000000000000000000
111232,6,4/5,pinned,0,,,,,,,,64,1,,0000000000000000000000000000000000000000000000000000000000000000
111232,6,1/1,remined,0,1,,,,,,,64,1,1,0000010000000000000000000000000000000000000000000000000000000000
111232,6,1/1,pinned,0,,,,,,,,64,1,,0000000000000000000000000000000000000000000000000000000000000000
111233,6,1/2,remined,1,1,1,1,1,1,0,0,64,1,1,0000011001110111111111000000011100011111110001111111111110001111
111233,6,1/2,pinned,1,4,4,4,1,1,0,0,64,1,4,0000000000000000000000000000000000000000000000000001000110001111
111233,6,2/3,remined,0,1,,,,,,,64,1,1,0000011000000000000001000000011100011111110000000001000110000000
111233,6,2/3,pinned,0,,,,,,,,64,1,,0000000000000000000000000000000000000000000000000000000000000000
111233,6,3/4,remined,0,1,,,,,,,64,1,1,0000011000000000000001000000000000000000000000000001000110000000
111233,6,3/4,pinned,0,,,,,,,,64,1,,0000000000000000000000000000000000000000000000000000000000000000
111233,6,4/5,remined,0,1,,,,,,,64,1,1,0000011000000000000001000000000000000000000000000000000000000000
111233,6,4/5,pinned,0,,,,,,,,64,1,,0000000000000000000000000000000000000000000000000000000000000000
111233,6,1/1,remined,0,1,,,,,,,64,1,1,0000011000000000000001000000000000000000000000000000000000000000
111233,6,1/1,pinned,0,,,,,,,,64,1,,0000000000000000000000000000000000000000000000000000000000000000
111311,6,1/2,remined,0,1,,,,,,,64,1,1,0000100001000100100110000000000000000000000000000000000000000000
111311,6,1/2,pinned,0,,,,,,,,64,1,,0000000000000000000000000000000000000000000000000000000000000000
111311,6,2/3,remined,0,1,,,,,,,64,1,1,0000100000000000000000000000000000000000000000000000000000000000
111311,6,2/3,pinned,0,,,,,,,,64,1,,0000000000000000000000000000000000000000000000000000000000000000
111311,6,3/4,remined,0,1,,,,,,,64,1,1,0000100000000000000000000000000000000000000000000000000000000000
111311,6,3/4,pinned,0,,,,,,,,64,1,,0000000000000000000000000000000000000000000000000000000000000000
111311,6,4/5,remined,0,1,,,,,,,64,1,1,0000100000000000000000000000000000000000000000000000000000000000
111311,6,4/5,pinned,0,,,,,,,,64,1,,0000000000000000000000000000000000000000000000000000000000000000
111311,6,1/1,remined,0,1,,,,,,,64,1,1,0000100000000000000000000000000000000000000000000000000000000000
111311,6,1/1,pinned,0,,,,,,,,64,1,,0000000000000000000000000000000000000000000000000000000000000000
111312,6,1/2,remined,0,1,,,,,,,64,1,1,0000100001010101101111000000001000001001010000100101010110000000
111312,6,1/2,pinned,0,,,,,,,,64,1,,0000000000000000000000000000000000000000000000000000000000000000
111312,6,2/3,remined,0,1,,,,,,,64,1,1,0000100000000000000000000000001000001001010000000000000000000000
111312,6,2/3,pinned,0,,,,,,,,64,1,,0000000000000000000000000000000000000000000000000000000000000000
111312,6,3/4,remined,0,1,,,,,,,64,1,1,0000100000000000000000000000000000000000000000000000000000000000
111312,6,3/4,pinned,0,,,,,,,,64,1,,0000000000000000000000000000000000000000000000000000000000000000
111312,6,4/5,remined,0,1,,,,,,,64,1,1,0000100000000000000000000000000000000000000000000000000000000000
111312,6,4/5,pinned,0,,,,,,,,64,1,,0000000000000000000000000000000000000000000000000000000000000000
111312,6,1/1,remined,0,1,,,,,,,64,1,1,0000100000000000000000000000000000000000000000000000000000000000
111312,6,1/1,pinned,0,,,,,,,,64,1,,0000000000000000000000000000000000000000000000000000000000000000
111313,6,1/2,remined,0,1,,,,,,,64,1,1,0000101001010101101111000000001000001001010000100101010110000000
111313,6,1/2,pinned,0,,,,,,,,64,1,,0000000000000000000000000000000000000000000000000000000000000000
111313,6,2/3,remined,0,1,,,,,,,64,1,1,0000101000000000000010000000001000001001010000000000000000000000
111313,6,2/3,pinned,0,,,,,,,,64,1,,0000000000000000000000000000000000000000000000000000000000000000
111313,6,3/4,remined,0,1,,,,,,,64,1,1,0000101000000000000010000000000000000000000000000000000000000000
111313,6,3/4,pinned,0,,,,,,,,64,1,,0000000000000000000000000000000000000000000000000000000000000000
111313,6,4/5,remined,0,1,,,,,,,64,1,1,0000101000000000000010000000000000000000000000000000000000000000
111313,6,4/5,pinned,0,,,,,,,,64,1,,0000000000000000000000000000000000000000000000000000000000000000
111313,6,1/1,remined,0,1,,,,,,,64,1,1,0000101000000000000010000000000000000000000000000000000000000000
111313,6,1/1,pinned,0,,,,,,,,64,1,,0000000000000000000000000000000000000000000000000000000000000000
111321,6,1/2,remined,0,1,,,,,,,64,1,1,0000100001100110110111000000010000010010010001001001100110000000
111321,6,1/2,pinned,0,,,,,,,,64,1,,0000000000000000000000000000000000000000000000000000000000000000
111321,6,2/3,remined,0,1,,,,,,,64,1,1,0000100000000000000000000000010000010010010000000000000000000000
111321,6,2/3,pinned,0,,,,,,,,64,1,,0000000000000000000000000000000000000000000000000000000000000000
111321,6,3/4,remined,0,1,,,,,,,64,1,1,0000100000000000000000000000000000000000000000000000000000000000
111321,6,3/4,pinned,0,,,,,,,,64,1,,0000000000000000000000000000000000000000000000000000000000000000
111321,6,4/5,remined,0,1,,,,,,,64,1,1,0000100000000000000000000000000000000000000000000000000000000000
111321,6,4/5,pinned,0,,,,,,,,64,1,,0000000000000000000000000000000000000000000000000000000000000000
111321,6,1/1,remined,0,1,,,,,,,64,1,1,0000100000000000000000000000000000000000000000000000000000000000
111321,6,1/1,pinned,0,,,,,,,,64,1,,0000000000000000000000000000000000000000000000000000000000000000
111322,6,1/2,remined,1,1,2,1,0,1,0,0,64,1,1,0000100001110111111110000000011000011011000001111111111110001111
111322,6,1/2,pinned,1,5,5,5,1,1,0,0,64,1,5,0000000000000000000000000000000000000000000000000000000000001111
111322,6,2/3,remined,0,1,,,,,,,64,1,1,0000100000000000000000000000011000011011000000000000000000000000
111322,6,2/3,pinned,0,,,,,,,,64,1,,0000000000000000000000000000000000000000000000000000000000000000
111322,6,3/4,remined,0,1,,,,,,,64,1,1,0000100000000000000000000000000000000000000000000000000000000000
111322,6,3/4,pinned,0,,,,,,,,64,1,,0000000000000000000000000000000000000000000000000000000000000000
111322,6,4/5,remined,0,1,,,,,,,64,1,1,0000100000000000000000000000000000000000000000000000000000000000
111322,6,4/5,pinned,0,,,,,,,,64,1,,0000000000000000000000000000000000000000000000000000000000000000
111322,6,1/1,remined,0,1,,,,,,,64,1,1,0000100000000000000000000000000000000000000000000000000000000000
111322,6,1/1,pinned,0,,,,,,,,64,1,,0000000000000000000000000000000000000000000000000000000000000000
111323,6,1/2,remined,1,1,1,1,1,1,0,0,64,1,1,0000101001110111111111000000011100011111110001111111111110001111
111323,6,1/2,pinned,1,4,4,4,1,1,0,0,64,1,4,0000000000000000000000000000000000000000000000000001000110001111
111323,6,2/3,remined,0,1,,,,,,,64,1,1,0000101000000000000010000000011100011111110000000001000110000000
111323,6,2/3,pinned,0,,,,,,,,64,1,,0000000000000000000000000000000000000000000000000000000000000000
111323,6,3/4,remined,0,1,,,,,,,64,1,1,0000101000000000000010000000000000000000000000000001000110000000
111323,6,3/4,pinned,0,,,,,,,,64,1,,0000000000000000000000000000000000000000000000000000000000000000
111323,6,4/5,remined,0,1,,,,,,,64,1,1,0000101000000000000010000000000000000000000000000000000000000000
111323,6,4/5,pinned,0,,,,,,,,64,1,,0000000000000000000000000000000000000000000000000000000000000000
111323,6,1/1,remined,0,1,,,,,,,64,1,1,0000101000000000000010000000000000000000000000000000000000000000
111323,6,1/1,pinned,0,,,,,,,,64,1,,0000000000000000000000000000000000000000000000000000000000000000
111331,6,1/2,remined,0,1,,,,,,,64,1,1,0000110001100110110111000000010000010010010001001001100110000000
111331,6,1/2,pinned,0,,,,,,,,64,1,,0000000000000000000000000000000000000000000000000000000000000000
111331,6,2/3,remined,0,1,,,,,,,64,1,1,0000110000000000000100000000010000010010010000000000000000000000
111331,6,2/3,pinned,0,,,,,,,,64,1,,0000000000000000000000000000000000000000000000000000000000000000
111331,6,3/4,remined,0,1,,,,,,,64,1,1,0000110000000000000100000000000000000000000000000000000000000000
111331,6,3/4,pinned,0,,,,,,,,64,1,,0000000000000000000000000000000000000000000000000000000000000000
111331,6,4/5,remined,0,1,,,,,,,64,1,1,0000110000000000000100000000000000000000000000000000000000000000
111331,6,4/5,pinned,0,,,,,,,,64,1,,0000000000000000000000000000000000000000000000000000000000000000
111331,6,1/1,remined,0,1,,,,,,,64,1,1,0000110000000000000100000000000000000000000000000000000000000000
111331,6,1/1,pinned,0,,,,,,,,64,1,,0000000000000000000000000000000000000000000000000000000000000000
111332,6,1/2,remined,1,1,1,1,1,1,0,0,64,1,1,0000110001110111111111000000011100011111110001111111111110001111
111332,6,1/2,pinned,1,4,4,4,1,1,0,0,64,1,4,0000000000000000000000000000000000000000000000000001000110001111
111332,6,2/3,remined,0,1,,,,,,,64,1,1,0000110000000000000100000000011100011111110000000001000110000000
111332,6,2/3,pinned,0,,,,,,,,64,1,,0000000000000000000000000000000000000000000000000000000000000000
111332,6,3/4,remined,0,1,,,,,,,64,1,1,0000110000000000000100000000000000000000000000000001000110000000
111332,6,3/4,pinned,0,,,,,,,,64,1,,0000000000000000000000000000000000000000000000000000000000000000
111332,6,4/5,remined,0,1,,,,,,,64,1,1,0000110000000000000100000000000000000000000000000000000000000000
111332,6,4/5,pinned,0,,,,,,,,64,1,,0000000000000000000000000000000000000000000000000000000000000000
111332,6,1/1,remined,0,1,,,,,,,64,1,1,0000110000000000000100000000000000000000000000000000000000000000
111332,6,1/1,pinned,0,,,,,,,,64,1,,0000000000000000000000000000000000000000000000000000000000000000
111333,6,1/2,remined,1,1,1,1,1,1,0,0,64,1,1,0000111001110111111111000000011100011111110001111111111110001111
111333,6,1/2,pinned,1,3,3,3,1,1,0,0,64,1,3,0000000000000000000000000000000000000000010000000001000110001111
111333,6,2/3,remined,0,1,,,,,,,64,1,1,0000111000000000000111000000011100011111110000000001000110000000
111333,6,2/3,pinned,0,,,,,,,,64,1,,0000000000000000000000000000000000000000000000000000000000000000
111333,6,3/4,remined,0,1,,,,,,,64,1,1,0000111000000000000111000000000000000000010000000001000110000000
111333,6,3/4,pinned,0,,,,,,,,64,1,,0000000000000000000000000000000000000000000000000000000000000000
111333,6,4/5,remined,0,1,,,,,,,64,1,1,0000111000000000000111000000000000000000010000000000000000000000
111333,6,4/5,pinned,0,,,,,,,,64,1,,0000000000000000000000000000000000000000000000000000000000000000
111333,6,1/1,remined,0,1,,,,,,,64,1,1,0000111000000000000111000000000000000000010000000000000000000000
111333,6,1/1,pinned,0,,,,,,,,64,1,,0000000000000000000000000000000000000000000000000000000000000000
112111,6,1/2,remined,0,2,,,,,,,64,1,2,0000000010001000111000000000000000000000000000000000000000000000
112111,6,1/2,pinned,0,,,,,,,,64,1,,0000000000000000000000000000000000000000000000000000000000000000
112111,6,2/3,remined,0,,,,,,,,64,1,,0000000000000000000000000000000000000000000000000000000000000000
112111,6,2/3,pinned,0,,,,,,,,64,1,,0000000000000000000000000000000000000000000000000000000000000000
112111,6,3/4,remined,0,,,,,,,,64,1,,0000000000000000000000000000000000000000000000000000000000000000
112111,6,3/4,pinned,0,,,,,,,,64,1,,0000000000000000000000000000000000000000000000000000000000000000
112111,6,4/5,remined,0,,,,,,,,64,1,,0000000000000000000000000000000000000000000000000000000000000000
112111,6,4/5,pinned,0,,,,,,,,64,1,,0000000000000000000000000000000000000000000000000000000000000000
112111,6,1/1,remined,0,,,,,,,,64,1,,0000000000000000000000000000000000000000000000000000000000000000
112111,6,1/1,pinned,0,,,,,,,,64,1,,0000000000000000000000000000000000000000000000000000000000000000
112112,6,1/2,remined,0,2,,,,,,,64,1,2,0000000010011001110011000000000000000000000010000110011010000000
112112,6,1/2,pinned,0,,,,,,,,64,1,,0000000000000000000000000000000000000000000000000000000000000000
112112,6,2/3,remined,0,,,,,,,,64,1,,0000000000000000000000000000000000000000000000000000000000000000
112112,6,2/3,pinned,0,,,,,,,,64,1,,0000000000000000000000000000000000000000000000000000000000000000
112112,6,3/4,remined,0,,,,,,,,64,1,,0000000000000000000000000000000000000000000000000000000000000000
112112,6,3/4,pinned,0,,,,,,,,64,1,,0000000000000000000000000000000000000000000000000000000000000000
112112,6,4/5,remined,0,,,,,,,,64,1,,0000000000000000000000000000000000000000000000000000000000000000
112112,6,4/5,pinned,0,,,,,,,,64,1,,0000000000000000000000000000000000000000000000000000000000000000
112112,6,1/1,remined,0,,,,,,,,64,1,,0000000000000000000000000000000000000000000000000000000000000000
112112,6,1/1,pinned,0,,,,,,,,64,1,,0000000000000000000000000000000000000000000000000000000000000000
112113,6,1/2,remined,0,1,,,,,,,64,1,1,0000001010011001111011000000100000100001100010000110011010000000
112113,6,1/2,pinned,0,,,,,,,,64,1,,0000000000000000000000000000000000000000000000000000000000000000
112113,6,2/3,remined,0,1,,,,,,,64,1,1,0000001000000000000000000000100000100001100000000000000000000000
112113,6,2/3,pinned,0,,,,,,,,64,1,,0000000000000000000000000000000000000000000000000000000000000000
112113,6,3/4,remined,0,1,,,,,,,64,1,1,0000001000000000000000000000000000000000000000000000000000000000
112113,6,3/4,pinned,0,,,,,,,,64,1,,0000000000000000000000000000000000000000000000000000000000000000
112113,6,4/5,remined,0,1,,,,,,,64,1,1,0000001000000000000000000000000000000000000000000000000000000000
112113,6,4/5,pinned,0,,,,,,,,64,1,,0000000000000000000000000000000000000000000000000000000000000000
112113,6,1/1,remined,0,1,,,,,,,64,1,1,0000001000000000000000000000000000000000000000000000000000000000
112113,6,1/1,pinned,0,,,,,,,,64,1,,0000000000000000000000000000000000000000000000000000000000000000
112121,6,1/2,remined,0,2,,,,,,,64,1,2,0000000010101010101101000000000000000000000100001010101010000000
112121,6,1/2,pinned,0,,,,,,,,64,1,,0000000000000000000000000000000000000000000000000000000000000000
112121,6,2/3,remined,0,,,,,,,,64,1,,0000000000000000000000000000000000000000000000000000000000000000
112121,6,2/3,pinned,0,,,,,,,,64,1,,0000000000000000000000000000000000000000000000000000000000000000
112121,6,3/4,remined,0,,,,,,,,64,1,,0000000000000000000000000000000000000000000000000000000000000000
112121,6,3/4,pinned,0,,,,,,,,64,1,,0000000000000000000000000000000000000000000000000000000000000000
112121,6,4/5,remined,0,,,,,,,,64,1,,0000000000000000000000000000000000000000000000000000000000000000
112121,6,4/5,pinned,0,,,,,,,,64,1,,0000000000000000000000000000000000000000000000000000000000000000
112121,6,1/1,remined,0,,,,,,,,64,1,,0000000000000000000000000000000000000000000000000000000000000000
112121,6,1/1,pinned,0,,,,,,,,64,1,,0000000000000000000000000000000000000000000000000000000000000000
112122,6,1/2,remined,1,2,6,6,1,0,1,0,64,1,2,0000000010111011100110000000000000000000000110011101110100000001
112122,6,1/2,pinned,1,6,6,6,1,1,1,1,64,1,6,0000000000000000000000000000000000000000000000000000000000000001
112122,6,2/3,remined,0,,,,,,,,64,1,,0000000000000000000000000000000000000000000000000000000000000000
112122,6,2/3,pinned,0,,,,,,,,64,1,,0000000000000000000000000000000000000000000000000000000000000000
112122,6,3/4,remined,0,,,,,,,,64,1,,0000000000000000000000000000000000000000000000000000000000000000
112122,6,3/4,pinned,0,,,,,,,,64,1,,0000000000000000000000000000000000000000000000000000000000000000
112122,6,4/5,remined,0,,,,,,,,64,1,,0000000000000000000000000000000000000000000000000000000000000000
112122,6,4/5,pinned,0,,,,,,,,64,1,,0000000000000000000000000000000000000000000000000000000000000000
112122,6,1/1,remined,0,,,,,,,,64,1,,0000000000000000000000000000000000000000000000000000000000000000
112122,6,1/1,pinned,0,,,,,,,,64,1,,0000000000000000000000000000000000000000000000000000000000000000
112123,6,1/2,remined,1,1,1,1,1,1,0,0,64,1,1,0000001010111011101111000000100100100101010110011111111110010111
112123,6,1/2,pinned,1,5,5,5,1,1,0,0,64,1,5,0000000000000000000000000000000000000000000000000000000000010111
112123,6,2/3,remined,0,1,,,,,,,64,1,1,0000001000000000000000000000100100100101010000000000000000000000
112123,6,2/3,pinned,0,,,,,,,,64,1,,0000000000000000000000000000000000000000000000000000000000000000
112123,6,3/4,remined,0,1,,,,,,,64,1,1,0000001000000000000000000000000000000000000000000000000000000000
112123,6,3/4,pinned,0,,,,,,,,64,1,,0000000000000000000000000000000000000000000000000000000000000000
112123,6,4/5,remined,0,1,,,,,,,64,1,1,0000001000000000000000000000000000000000000000000000000000000000
112123,6,4/5,pinned,0,,,,,,,,64,1,,0000000000000000000000000000000000000000000000000000000000000000
112123,6,1/1,remined,0,1,,,,,,,64,1,1,0000001000000000000000000000000000000000000000000000000000000000
112123,6,1/1,pinned,0,,,,,,,,64,1,,0000000000000000000000000000000000000000000000000000000000000000
112131,6,1/2,remined,0,1,,,,,,,64,1,1,0000010010101010111101000001000001000010100100001010101010000000
112131,6,1/2,pinned,0,,,,,,,,64,1,,0000000000000000000000000000000000000000000000000000000000000000
112131,6,2/3,remined,0,1,,,,,,,64,1,1,0000010000000000000000000001000001000010100000000000000000000000
112131,6,2/3,pinned,0,,,,,,,,64,1,,0000000000000000000000000000000000000000000000000000000000000000
112131,6,3/4,remined,0,1,,,,,,,64,1,1,0000010000000000000000000000000000000000000000000000000000000000
112131,6,3/4,pinned,0,,,,,,,,64,1,,0000000000000000000000000000000000000000000000000000000000000000
112131,6,4/5,remined,0,1,,,,,,,64,1,1,0000010000000000000000000000000000000000000000000000000000000000
112131,6,4/5,pinned,0,,,,,,,,64,1,,0000000000000000000000000000000000000000000000000000000000000000
112131,6,1/1,remined,0,1,,,,,,,64,1,1,0000010000000000000000000000000000000000000000000000000000000000
112131,6,1/1,pinned,0,,,,,,,,64,1,,0000000000000000000000000000000000000000000000000000000000000000
112132,6,1/2,remined,1,1,1,1,1,1,0,0,64,1,1,0000010010111011110111000001000101000110010110011111111110010111
112132,6,1/2,pinned,1,5,5,5,1,1,0,0,64,1,5,0000000000000000000000000000000000000000000000000000000000010111
112132,6,2/3,remined,0,1,,,,,,,64,1,1,0000010000000000000000000001000101000110010000000000000000000000
112132,6,2/3,pinned,0,,,,,,,,64,1,,0000000000000000000000000000000000000000000000000000000000000000
112132,6,3/4,remined,0,1,,,,,,,64,1,1,0000010000000000000000000000000000000000000000000000000000000000
112132,6,3/4,pinned,0,,,,,,,,64,1,,0000000000000000000000000000000000000000000000000000000000000000
112132,6,4/5,remined,0,1,,,,,,,64,1,1,0000010000000000000000000000000000000000000000000000000000000000
112132,6,4/5,pinned,0,,,,,,,,64,1,,0000000000000000000000000000000000000000000000000000000000000000
112132,6,1/1,remined,0,1,,,,,,,64,1,1,0000010000000000000000000000000000000000000000000000000000000000
112132,6,1/1,pinned,0,,,,,,,,64,1,,0000000000000000000000000000000000000000000000000000000000000000
112133,6,1/2,remined,1,1,1,1,1,1,0,0,64,1,1,0000011010111011111111000001100101100111110110011111111110010111
112133,6,1/2,pinned,1,4,4,4,1,1,0,0,64,1,4,0000000000000000000000000000000000000000000000000010001010010111
112133,6,2/3,remined,0,1,,,,,,,64,1,1,0000011000000000000001000001100101100111110000000010001010000000
112133,6,2/3,pinned,0,,,,,,,,64,1,,0000000000000000000000000000000000000000000000000000000000000000
112133,6,3/4,remined,0,1,,,,,,,64,1,1,0000011000000000000001000000000000000000000000000010001010000000
112133,6,3/4,pinned,0,,,,,,,,64,1,,0000000000000000000000000000000000000000000000000000000000000000
112133,6,4/5,remined,0,1,,,,,,,64,1,1,0000011000000000000001000000000000000000000000000000000000000000
112133,6,4/5,pinned,0,,,,,,,,64,1,,0000000000000000000000000000000000000000000000000000000000000000
112133,6,1/1,remined,0,1,,,,,,,64,1,1,0000011000000000000001000000000000000000000000000000000000000000
112133,6,1/1,pinned,0,,,,,,,,64,1,,0000000000000000000000000000000000000000000000000000000000000000
112211,6,1/2,remined,0,2,,,,,,,64,1,2,0000000011001100011110000000000000000000001000001100110010000000
112211,6,1/2,pinned,0,,,,,,,,64,1,,0000000000000000000000000000000000000000000000000000000000000000
112211,6,2/3,remined,0,,,,,,,,64,1,,0000000000000000000000000000000000000000000000000000000000000000
112211,6,2/3,pinned,0,,,,,,,,64,1,,0000000000000000000000000000000000000000000000000000000000000000
112211,6,3/4,remined,0,,,,,,,,64,1,,0000000000000000000000000000000000000000000000000000000000000000
112211,6,3/4,pinned,0,,,,,,,,64,1,,0000000000000000000000000000000000000000000000000000000000000000
112211,6,4/5,remined,0,,,,,,,,64,1,,0000000000000000000000000000000000000000000000000000000000000000
112211,6,4/5,pinned,0,,,,,,,,64,1,,0000000000000000000000000000000000000000000000000000000000000000
112211,6,1/1,remined,0,,,,,,,,64,1,,0000000000000000000000000000000000000000000000000000000000000000
112211,6,1/1,pinned,0,,,,,,,,64,1,,0000000000000000000000000000000000000000000000000000000000000000
112212,6,1/2,remined,1,2,6,6,1,0,1,0,64,1,2,0000000011011101010101000000000000000000001010101011101100000001
112212,6,1/2,pinned,1,6,6,6,1,1,1,1,64,1,6,0000000000000000000000000000000000000000000000000000000000000001
112212,6,2/3,remined,0,,,,,,,,64,1,,0000000000000000000000000000000000000000000000000000000000000000
112212,6,2/3,pinned,0,,,,,,,,64,1,,0000000000000000000000000000000000000000000000000000000000000000
112212,6,3/4,remined,0,,,,,,,,64,1,,0000000000000000000000000000000000000000000000000000000000000000
112212,6,3/4,pinned,0,,,,,,,,64,1,,0000000000000000000000000000000000000000000000000000000000000000
112212,6,4/5,remined,0,,,,,,,,64,1,,0000000000000000000000000000000000000000000000000000000000000000
112212,6,4/5,pinned,0,,,,,,,,64,1,,0000000000000000000000000000000000000000000000000000000000000000
112212,6,1/1,remined,0,,,,,,,,64,1,,0000000000000000000000000000000000000000000000000000000000000000
112212,6,1/1,pinned,0,,,,,,,,64,1,,0000000000000000000000000000000000000000000000000000000000000000
112213,6,1/2,remined,1,1,1,1,1,1,0,0,64,1,1,0000001011011101011111000000101000101000111010101111111110100111
112213,6,1/2,pinned,1,5,5,5,1,1,0,0,64,1,5,0000000000000000000000000000000000000000000000000000000000100111
112213,6,2/3,remined,0,1,,,,,,,64,1,1,0000001000000000000000000000101000101000110000000000000000000000
112213,6,2/3,pinned,0,,,,,,,,64,1,,0000000000000000000000000000000000000000000000000000000000000000
112213,6,3/4,remined,0,1,,,,,,,64,1,1,0000001000000000000000000000000000000000000000000000000000000000
112213,6,3/4,pinned,0,,,,,,,,64,1,,0000000000000000000000000000000000000000000000000000000000000000
112213,6,4/5,remined,0,1,,,,,,,64,1,1,0000001000000000000000000000000000000000000000000000000000000000
112213,6,4/5,pinned,0,,,,,,,,64,1,,0000000000000000000000000000000000000000000000000000000000000000
112213,6,1/1,remined,0,1,,,,,,,64,1,1,0000001000000000000000000000000000000000000000000000000000000000
112213,6,1/1,pinned,0,,,,,,,,64,1,,0000000000000000000000000000000000000000000000000000000000000000
112221,6,1/2,remined,1,2,6,6,1,0,1,0,64,1,2,0000000011101110001011000000000000000000001101000111011100000001
112221,6,1/2,pinned,1,6,6,6,1,1,1,1,64,1,6,0000000000000000000000000000000000000000000000000000000000000001
112221,6,2/3,remined,0,,,,,,,,64,1,,0000000000000000000000000000000000000000000000000000000000000000
112221,6,2/3,pinned,0,,,,,,,,64,1,,0000000000000000000000000000000000000000000000000000000000000000
112221,6,3/4,remined,0,,,,,,,,64,1,,0000000000000000000000000000000000000000000000000000000000000000
112221,6,3/4,pinned,0,,,,,,,,64,1,,0000000000000000000000000000000000000000000000000000000000000000
112221,6,4/5,remined,0,,,,,,,,64,1,,0000000000000000000000000000000000000000000000000000000000000000
112221,6,4/5,pinned,0,,,,,,,,64,1,,0000000000000000000000000000000000000000000000000000000000000000
112221,6,1/1,remined,0,,,,,,,,64,1,,0000000000000000000000000000000000000000000000000000000000000000
112221,6,1/1,pinned,0,,,,,,,,64,1,,0000000000000000000000000000000000000000000000000000000000000000
112222,6,1/2,remined,0,2,,,,,,,64,1,2,0000000011111111000000000000000000000000001111110000000000000000
112222,6,1/2,pinned,0,,,,,,,,64,1,,0000000000000000000000000000000000000000000000000000000000000000
112222,6,2/3,remined,0,,,,,,,,64,1,,0000000000000000000000000000000000000000000000000000000000000000
112222,6,2/3,pinned,0,,,,,,,,64,1,,0000000000000000000000000000000000000000000000000000000000000000
112222,6,3/4,remined,0,,,,,,,,64,1,,0000000000000000000000000000000000000000000000000000000000000000
112222,6,3/4,pinned,0,,,,,,,,64,1,,0000000000000000000000000000000000000000000000000000000000000000
112222,6,4/5,remined,0,,,,,,,,64,1,,0000000000000000000000000000000000000000000000000000000000000000
112222,6,4/5,pinned,0,,,,,,,,64,1,,0000000000000000000000000000000000000000000000000000000000000000
112222,6,1/1,remined,0,,,,,,,,64,1,,0000000000000000000000000000000000000000000000000000000000000000
112222,6,1/1,pinned,0,,,,,,,,64,1,,0000000000000000000000000000000000000000000000000000000000000000
112223,6,1/2,remined,1,1,4,1,0,1,0,0,64,1,1,0000001011111111001011000000101100101100001111110111011100111001
112223,6,1/2,pinned,1,5,5,5,1,1,0,0,64,1,5,0000000000000000000000000000000000000000000000000000000000111001
112223,6,2/3,remined,0,1,,,,,,,64,1,1,0000001000000000000000000000101100101100000000000000000000000000
112223,6,2/3,pinned,0,,,,,,,,64,1,,0000000000000000000000000000000000000000000000000000000000000000
112223,6,3/4,remined,0,1,,,,,,,64,1,1,0000001000000000000000000000000000000000000000000000000000000000
112223,6,3/4,pinned,0,,,,,,,,64,1,,0000000000000000000000000000000000000000000000000000000000000000
112223,6,4/5,remined,0,1,,,,,,,64,1,1,0000001000000000000000000000000000000000000000000000000000000000
112223,6,4/5,pinned,0,,,,,,,,64,1,,0000000000000000000000000000000000000000000000000000000000000000
112223,6,1/1,remined,0,1,,,,,,,64,1,1,0000001000000000000000000000000000000000000000000000000000000000
112223,6,1/1,pinned,0,,,,,,,,64,1,,0000000000000000000000000000000000000000000000000000000000000000
112231,6,1/2,remined,1,1,1,1,1,1,0,0,64,1,1,0000010011101110011111000001010001010000111101001111111111000111
112231,6,1/2,pinned,1,5,5,5,1,1,0,0,64,1,5,0000000000000000000000000000000000000000000000000000000001000111
112231,6,2/3,remined,0,1,,,,,,,64,1,1,0000010000000000000000000001010001010000110000000000000000000000
112231,6,2/3,pinned,0,,,,,,,,64,1,,0000000000000000000000000000000000000000000000000000000000000000
112231,6,3/4,remined,0,1,,,,,,,64,1,1,0000010000000000000000000000000000000000000000000000000000000000
112231,6,3/4,pinned,0,,,,,,,,64,1,,0000000000000000000000000000000000000000000000000000000000000000
112231,6,4/5,remined,0,1,,,,,,,64,1,1,0000010000000000000000000000000000000000000000000000000000000000
112231,6,4/5,pinned,0,,,,,,,,64,1,,0000000000000000000000000000000000000000000000000000000000000000
112231,6,1/1,remined,0,1,,,,,,,64,1,1,0000010000000000000000000000000000000000000000000000000000000000
112231,6,1/1,pinned,0,,,,,,,,64,1,,0000000000000000000000000000000000000000000000000000000000000000
112232,6,1/2,remined,1,1,4,1,0,1,0,0,64,1,1,0000010011111111010101000001010101010100001111111011101101011001
112232,6,1/2,pinned,1,5,5,5,1,1,0,0,64,1,5,0000000000000000000000000000000000000000000000000000000001011001
112232,6,2/3,remined,0,1,,,,,,,64,1,1,0000010000000000000000000001010101010100000000000000000000000000
112232,6,2/3,pinned,0,,,,,,,,64,1,,0000000000000000000000000000000000000000000000000000000000000000
112232,6,3/4,remined,0,1,,,,,,,64,1,1,0000010000000000000000000000000000000000000000000000000000000000
112232,6,3/4,pinned,0,,,,,,,,64,1,,0000000000000000000000000000000000000000000000000000000000000000
112232,6,4/5,remined,0,1,,,,,,,64,1,1,0000010000000000000000000000000000000000000000000000000000000000
112232,6,4/5,pinned,0,,,,,,,,64,1,,0000000000000000000000000000000000000000000000000000000000000000
112232,6,1/1,remined,0,1,,,,,,,64,1,1,0000010000000000000000000000000000000000000000000000000000000000
112232,6,1/1,pinned,0,,,,,,,,64,1,,0000000000000000000000000000000000000000000000000000000000000000
112233,6,1/2,remined,1,1,1,1,1,1,0,0,64,1,1,0000011011111111011111000001111101111100111111111111111111111111
112233,6,1/2,pinned,1,4,4,4,1,1,0,0,64,1,4,0000000000000000000000000000000000000000000000000011001101111111
112233,6,2/3,remined,1,1,6,6,1,0,1,0,64,1,1,0000011000000000000001000001111101111100110000000011001100000001
112233,6,2/3,pinned,1,6,6,6,1,1,1,1,64,1,6,0000000000000000000000000000000000000000000000000000000000000001
112233,6,3/4,remined,0,1,,,,,,,64,1,1,0000011000000000000001000000000000000000000000000011001100000000
112233,6,3/4,pinned,0,,,,,,,,64,1,,0000000000000000000000000000000000000000000000000000000000000000
112233,6,4/5,remined,0,1,,,,,,,64,1,1,0000011000000000000001000000000000000000000000000000000000000000
112233,6,4/5,pinned,0,,,,,,,,64,1,,0000000000000000000000000000000000000000000000000000000000000000
112233,6,1/1,remined,0,1,,,,,,,64,1,1,0000011000000000000001000000000000000000000000000000000000000000
112233,6,1/1,pinned,0,,,,,,,,64,1,,0000000000000000000000000000000000000000000000000000000000000000
112311,6,1/2,remined,0,1,,,,,,,64,1,1,0000100011001100111110000010000010000011001000001100110010000000
112311,6,1/2,pinned,0,,,,,,,,64,1,,0000000000000000000000000000000000000000000000000000000000000000
112311,6,2/3,remined,0,1,,,,,,,64,1,1,0000100000000000000000000010000010000011000000000000000000000000
112311,6,2/3,pinned,0,,,,,,,,64,1,,0000000000000000000000000000000000000000000000000000000000000000
112311,6,3/4,remined,0,1,,,,,,,64,1,1,0000100000000000000000000000000000000000000000000000000000000000
112311,6,3/4,pinned,0,,,,,,,,64,1,,0000000000000000000000000000000000000000000000000000000000000000
112311,6,4/5,remined,0,1,,,,,,,64,1,1,0000100000000000000000000000000000000000000000000000000000000000
112311,6,4/5,pinned,0,,,,,,,,64,1,,0000000000000000000000000000000000000000000000000000000000000000
112311,6,1/1,remined,0,1,,,,,,,64,1,1,0000100000000000000000000000000000000000000000000000000000000000
112311,6,1/1,pinned,0,,,,,,,,64,1,,0000000000000000000000000000000000000000000000000000000000000000
112312,6,1/2,remined,1,1,2,2,1,1,0,0,64,1,1,0000100011011101110111000010001010001010011010101111111110100111
112312,6,1/2,pinned,1,5,5,5,1,1,0,0,64,1,5,0000000000000000000000000000000000000000000000000000000000100111
112312,6,2/3,remined,0,1,,,,,,,64,1,1,0000100000000000000000000010001010001010010000000000000000000000
112312,6,2/3,pinned,0,,,,,,,,64,1,,0000000000000000000000000000000000000000000000000000000000000000
112312,6,3/4,remined,0,1,,,,,,,64,1,1,0000100000000000000000000000000000000000000000000000000000000000
112312,6,3/4,pinned,0,,,,,,,,64,1,,0000000000000000000000000000000000000000000000000000000000000000
112312,6,4/5,remined,0,1,,,,,,,64,1,1,0000100000000000000000000000000000000000000000000000000000000000
112312,6,4/5,pinned,0,,,,,,,,64,1,,0000000000000000000000000000000000000000000000000000000000000000
112312,6,1/1,remined,0,1,,,,,,,64,1,1,0000100000000000000000000000000000000000000000000000000000000000
112312,6,1/1,pinned,0,,,,,,,,64,1,,0000000000000000000000000000000000000000000000000000000000000000
112313,6,1/2,remined,1,1,1,1,1,1,0,0,64,1,1,0000101011011101111111000010101010101011111010101111111110100111
112313,6,1/2,pinned,1,4,4,4,1,1,0,0,64,1,4,0000000000000000000000000000000000000000000000000100010010100111
112313,6,2/3,remined,0,1,,,,,,,64,1,1,0000101000000000000010000010101010101011110000000100010010000000
112313,6,2/3,pinned,0,,,,,,,,64,1,,0000000000000000000000000000000000000000000000000000000000000000
112313,6,3/4,remined,0,1,,,,,,,64,1,1,0000101000000000000010000000000000000000000000000100010010000000
112313,6,3/4,pinned,0,,,,,,,,64,1,,0000000000000000000000000000000000000000000000000000000000000000
112313,6,4/5,remined,0,1,,,,,,,64,1,1,0000101000000000000010000000000000000000000000000000000000000000
112313,6,4/5,pinned,0,,,,,,,,64,1,,0000000000000000000000000000000000000000000000000000000000000000
112313,6,1/1,remined,0,1,,,,,,,64,1,1,0000101000000000000010000000000000000000000000000000000000000000
112313,6,1/1,pinned,0,,,,,,,,64,1,,0000000000000000000000000000000000000000000000000000000000000000
112321,6,1/2,remined,1,1,2,2,1,1,0,0,64,1,1,0000100011101110101111000010010010010001011101001111111111000111
112321,6,1/2,pinned,1,5,5,5,1,1,0,0,64,1,5,0000000000000000000000000000000000000000000000000000000001000111
112321,6,2/3,remined,0,1,,,,,,,64,1,1,0000100000000000000000000010010010010001010000000000000000000000
112321,6,2/3,pinned,0,,,,,,,,64,1,,0000000000000000000000000000000000000000000000000000000000000000
112321,6,3/4,remined,0,1,,,,,,,64,1,1,0000100000000000000000000000000000000000000000000000000000000000
112321,6,3/4,pinned,0,,,,,,,,64,1,,0000000000000000000000000000000000000000000000000000000000000000
112321,6,4/5,remined,0,1,,,,,,,64,1,1,0000100000000000000000000000000000000000000000000000000000000000
112321,6,4/5,pinned,0,,,,,,,,64,1,,0000000000000000000000000000000000000000000000000000000000000000
112321,6,1/1,remined,0,1,,,,,,,64,1,1,0000100000000000000000000000000000000000000000000000000000000000
112321,6,1/1,pinned,0,,,,,,,,64,1,,0000000000000000000000000000000000000000000000000000000000000000
112322,6,1/2,remined,1,1,4,4,1,0,0,0,64,1,1,0000100011111111100110000010011010011000001111111101110101101001
112322,6,1/2,pinned,1,5,5,5,1,1,0,0,64,1,5,0000000000000000000000000000000000000000000000000000000001101001
112322,6,2/3,remined,0,1,,,,,,,64,1,1,0000100000000000000000000010011010011000000000000000000000000000
112322,6,2/3,pinned,0,,,,,,,,64,1,,0000000000000000000000000000000000000000000000000000000000000000
112322,6,3/4,remined,0,1,,,,,,,64,1,1,0000100000000000000000000000000000000000000000000000000000000000
112322,6,3/4,pinned,0,,,,,,,,64,1,,0000000000000000000000000000000000000000000000000000000000000000
112322,6,4/5,remined,0,1,,,,,,,64,1,1,0000100000000000000000000000000000000000000000000000000000000000
112322,6,4/5,pinned,0,,,,,,,,64,1,,0000000000000000000000000000000000000000000000000000000000000000
112322,6,1/1,remined,0,1,,,,,,,64,1,1,0000100000000000000000000000000000000000000000000000000000000000
112322,6,1/1,pinned,0,,,,,,,,64,1,,0000000000000000000000000000000000000000000000000000000000000000
112323,6,1/2,remined,1,1,1,1,1,1,0,0,64,1,1,0000101011111111101111000010111110111101011111111111111111111111
112323,6,1/2,pinned,1,4,4,4,1,1,0,0,64,1,4,0000000000000000000000000000000000000000000000000101010101111111
112323,6,2/3,remined,1,1,6,6,1,0,1,0,64,1,1,0000101000000000000010000010111110111101010000000101010100000001
112323,6,2/3,pinned,1,6,6,6,1,1,1,1,64,1,6,0000000000000000000000000000000000000000000000000000000000000001
112323,6,3/4,remined,0,1,,,,,,,64,1,1,0000101000000000000010000000000000000000000000000101010100000000
112323,6,3/4,pinned,0,,,,,,,,64,1,,0000000000000000000000000000000000000000000000000000000000000000
112323,6,4/5,remined,0,1,,,,,,,64,1,1,0000101000000000000010000000000000000000000000000000000000000000
112323,6,4/5,pinned,0,,,,,,,,64,1,,0000000000000000000000000000000000000000000000000000000000000000
112323,6,1/1,remined,0,1,,,,,,,64,1,1,0000101000000000000010000000000000000000000000000000000000000000
112323,6,1/1,pinned,0,,,,,,,,64,1,,0000000000000000000000000000000000000000000000000000000000000000
112331,6,1/2,remined,1,1,1,1,1,1,0,0,64,1,1,0000110011101110111111000011010011010011111101001111111111000111
112331,6,1/2,pinned,1,4,4,4,1,1,0,0,64,1,4,0000000000000000000000000000000000000000000000001000100011000111
112331,6,2/3,remined,0,1,,,,,,,64,1,1,0000110000000000000100000011010011010011110000001000100010000000
112331,6,2/3,pinned,0,,,,,,,,64,1,,0000000000000000000000000000000000000000000000000000000000000000
112331,6,3/4,remined,0,1,,,,,,,64,1,1,0000110000000000000100000000000000000000000000001000100010000000
112331,6,3/4,pinned,0,,,,,,,,64,1,,0000000000000000000000000000000000000000000000000000000000000000
112331,6,4/5,remined,0,1,,,,,,,64,1,1,0000110000000000000100000000000000000000000000000000000000000000
112331,6,4/5,pinned,0,,,,,,,,64,1,,0000000000000000000000000000000000000000000000000000000000000000
112331,6,1/1,remined,0,1,,,,,,,64,1,1,0000110000000000000100000000000000000000000000000000000000000000
112331,6,1/1,pinned,0,,,,,,,,64,1,,0000000000000000000000000000000000000000000000000000000000000000
112332,6,1/2,remined,1,1,1,1,1,1,0,0,64,1,1,0000110011111111110111000011011111011110011111111111111111111111
112332,6,1/2,pinned,1,4,4,4,1,1,0,0,64,1,4,0000000000000000000000000000000000000000000000001001100101111111
112332,6,2/3,remined,1,1,6,6,1,0,1,0,64,1,1,0000110000000000000100000011011111011110010000001001100100000001
112332,6,2/3,pinned,1,6,6,6,1,1,1,1,64,1,6,0000000000000000000000000000000000000000000000000000000000000001
112332,6,3/4,remined,0,1,,,,,,,64,1,1,0000110000000000000100000000000000000000000000001001100100000000
112332,6,3/4,pinned,0,,,,,,,,64,1,,0000000000000000000000000000000000000000000000000000000000000000
112332,6,4/5,remined,0,1,,,,,,,64,1,1,0000110000000000000100000000000000000000000000000000000000000000
112332,6,4/5,pinned,0,,,,,,,,64,1,,0000000000000000000000000000000000000000000000000000000000000000
112332,6,1/1,remined,0,1,,,,,,,64,1,1,0000110000000000000100000000000000000000000000000000000000000000
112332,6,1/1,pinned,0,,,,,,,,64,1,,0000000000000000000000000000000000000000000000000000000000000000
112333,6,1/2,remined,1,1,1,1,1,1,0,0,64,1,1,0000111011111111111111000011111111111111111111111111111111111111
112333,6,1/2,pinned,1,3,3,3,1,1,0,0,64,1,3,0000000000000000000000000000000000000000010000001111111111111111
112333,6,2/3,remined,1,1,1,1,1,1,0,0,64,1,1,0000111000000000000111000011111111111111110000001111111110000111
112333,6,2/3,pinned,1,5,5,5,1,1,0,0,64,1,5,0000000000000000000000000000000000000000000000000000000000000111
112333,6,3/4,remined,0,1,,,,,,,64,1,1,0000111000000000000111000000000000000000010000001111111110000110
112333,6,3/4,pinned,0,,,,,,,,64,1,,0000000000000000000000000000000000000000000000000000000000000000
112333,6,4/5,remined,0,1,,,,,,,64,1,1,0000111000000000000111000000000000000000010000000000000000000110
112333,6,4/5,pinned,0,,,,,,,,64,1,,0000000000000000000000000000000000000000000000000000000000000000
112333,6,1/1,remined,0,1,,,,,,,64,1,1,0000111000000000000111000000000000000000010000000000000000000000
112333,6,1/1,pinned,0,,,,,,,,64,1,,0000000000000000000000000000000000000000000000000000000000000000
113111,6,1/2,remined,0,1,,,,,,,64,1,1,0001000010001000111000000000000000000000000000000000000000000000
113111,6,1/2,pinned,0,,,,,,,,64,1,,0000000000000000000000000000000000000000000000000000000000000000
113111,6,2/3,remined,0,1,,,,,,,64,1,1,0001000000000000000000000000000000000000000000000000000000000000
113111,6,2/3,pinned,0,,,,,,,,64,1,,0000000000000000000000000000000000000000000000000000000000000000
113111,6,3/4,remined,0,1,,,,,,,64,1,1,0001000000000000000000000000000000000000000000000000000000000000
113111,6,3/4,pinned,0,,,,,,,,64,1,,0000000000000000000000000000000000000000000000000000000000000000
113111,6,4/5,remined,0,1,,,,,,,64,1,1,0001000000000000000000000000000000000000000000000000000000000000
113111,6,4/5,pinned,0,,,,,,,,64,1,,0000000000000000000000000000000000000000000000000000000000000000
113111,6,1/1,remined,0,1,,,,,,,64,1,1,0001000000000000000000000000000000000000000000000000000000000000
113111,6,1/1,pinned,0,,,,,,,,64,1,,0000000000000000000000000000000000000000000000000000000000000000
113112,6,1/2,remined,0,1,,,,,,,64,1,1,0001000010011001111011000000100000100001100010000110011010000000
113112,6,1/2,pinned,0,,,,,,,,64,1,,0000000000000000000000000000000000000000000000000000000000000000
113112,6,2/3,remined,0,1,,,,,,,64,1,1,0001000000000000000000000000100000100001100000000000000000000000
113112,6,2/3,pinned,0,,,,,,,,64,1,,0000000000000000000000000000000000000000000000000000000000000000
113112,6,3/4,remined,0,1,,,,,,,64,1,1,0001000000000000000000000000000000000000000000000000000000000000
113112,6,3/4,pinned,0,,,,,,,,64,1,,0000000000000000000000000000000000000000000000000000000000000000
113112,6,4/5,remined,0,1,,,,,,,64,1,1,0001000000000000000000000000000000000000000000000000000000000000
113112,6,4/5,pinned,0,,,,,,,,64,1,,0000000000000000000000000000000000000000000000000000000000000000
113112,6,1/1,remined,0,1,,,,,,,64,1,1,0001000000000000000000000000000000000000000000000000000000000000
113112,6,1/1,pinned,0,,,,,,,,64,1,,0000000000000000000000000000000000000000000000000000000000000000
113113,6,1/2,remined,0,1,,,,,,,64,1,1,0001001010011001111011000000100000100001100010000110011010000000
113113,6,1/2,pinned,0,,,,,,,,64,1,,0000000000000000000000000000000000000000000000000000000000000000
113113,6,2/3,remined,0,1,,,,,,,64,1,1,0001001000000000001000000000100000100001100000000000000000000000
113113,6,2/3,pinned,0,,,,,,,,64,1,,0000000000000000000000000000000000000000000000000000000000000000
113113,6,3/4,remined,0,1,,,,,,,64,1,1,0001001000000000001000000000000000000000000000000000000000000000
113113,6,3/4,pinned,0,,,,,,,,64,1,,0000000000000000000000000000000000000000000000000000000000000000
113113,6,4/5,remined,0,1,,,,,,,64,1,1,0001001000000000001000000000000000000000000000000000000000000000
113113,6,4/5,pinned,0,,,,,,,,64,1,,0000000000000000000000000000000000000000000000000000000000000000
113113,6,1/1,remined,0,1,,,,,,,64,1,1,0001001000000000001000000000000000000000000000000000000000000000
113113,6,1/1,pinned,0,,,,,,,,64,1,,0000000000000000000000000000000000000000000000000000000000000000
113121,6,1/2,remined,0,1,,,,,,,64,1,1,0001000010101010111101000001000001000010100100001010101010000000
113121,6,1/2,pinned,0,,,,,,,,64,1,,0000000000000000000000000000000000000000000000000000000000000000
113121,6,2/3,remined,0,1,,,,,,,64,1,1,0001000000000000000000000001000001000010100000000000000000000000
113121,6,2/3,pinned,0,,,,,,,,64,1,,0000000000000000000000000000000000000000000000000000000000000000
113121,6,3/4,remined,0,1,,,,,,,64,1,1,0001000000000000000000000000000000000000000000000000000000000000
113121,6,3/4,pinned,0,,,,,,,,64,1,,0000000000000000000000000000000000000000000000000000000000000000
113121,6,4/5,remined,0,1,,,,,,,64,1,1,0001000000000000000000000000000000000000000000000000000000000000
113121,6,4/5,pinned,0,,,,,,,,64,1,,0000000000000000000000000000000000000000000000000000000000000000
113121,6,1/1,remined,0,1,,,,,,,64,1,1,0001000000000000000000000000000000000000000000000000000000000000
113121,6,1/1,pinned,0,,,,,,,,64,1,,0000000000000000000000000000000000000000000000000000000000000000
113122,6,1/2,remined,1,1,2,1,0,1,0,0,64,1,1,0001000010111011111110000001100001100011000110011111111110010111
113122,6,1/2,pinned,1,5,5,5,1,1,0,0,64,1,5,0000000000000000000000000000000000000000000000000000000000010111
113122,6,2/3,remined,0,1,,,,,,,64,1,1,0001000000000000000000000001100001100011000000000000000000000000
113122,6,2/3,pinned,0,,,,,,,,64,1,,0000000000000000000000000000000000000000000000000000000000000000
113122,6,3/4,remined,0,1,,,,,,,64,1,1,0001000000000000000000000000000000000000000000000000000000000000
113122,6,3/4,pinned,0,,,,,,,,64,1,,0000000000000000000000000000000000000000000000000000000000000000
113122,6,4/5,remined,0,1,,,,,,,64,1,1,0001000000000000000000000000000000000000000000000000000000000000
113122,6,4/5,pinned,0,,,,,,,,64,1,,0000000000000000000000000000000000000000000000000000000000000000
113122,6,1/1,remined,0,1,,,,,,,64,1,1,0001000000000000000000000000000000000000000000000000000000000000
113122,6,1/1,pinned,0,,,,,,,,64,1,,0000000000000000000000000000000000000000000000000000000000000000
113123,6,1/2,remined,1,1,1,1,1,1,0,0,64,1,1,0001001010111011111111000001100101100111110110011111111110010111
113123,6,1/2,pinned,1,4,4,4,1,1,0,0,64,1,4,0000000000000000000000000000000000000000000000000010001010010111
113123,6,2/3,remined,0,1,,,,,,,64,1,1,0001001000000000001000000001100101100111110000000010001010000000
113123,6,2/3,pinned,0,,,,,,,,64,1,,0000000000000000000000000000000000000000000000000000000000000000
113123,6,3/4,remined,0,1,,,,,,,64,1,1,0001001000000000001000000000000000000000000000000010001010000000
113123,6,3/4,pinned,0,,,,,,,,64,1,,0000000000000000000000000000000000000000000000000000000000000000
113123,6,4/5,remined,0,1,,,,,,,64,1,1,0001001000000000001000000000000000000000000000000000000000000000
113123,6,4/5,pinned,0,,,,,,,,64,1,,0000000000000000000000000000000000000000000000000000000000000000
113123,6,1/1,remined,0,1,,,,,,,64,1,1,0001001000000000001000000000000000000000000000000000000000000000
113123,6,1/1,pinned,0,,,,,,,,64,1,,0000000000000000000000000000000000000000000000000000000000000000
113131,6,1/2,remined,0,1,,,,,,,64,1,1,0001010010101010111101000001000001000010100100001010101010000000
113131,6,1/2,pinned,0,,,,,,,,64,1,,0000000000000000000000000000000000000000000000000000000000000000
113131,6,2/3,remined,0,1,,,,,,,64,1,1,0001010000000000010000000001000001000010100000000000000000000000
113131,6,2/3,pinned,0,,,,,,,,64,1,,0000000000000000000000000000000000000000000000000000000000000000
113131,6,3/4,remined,0,1,,,,,,,64,1,1,0001010000000000010000000000000000000000000000000000000000000000
113131,6,3/4,pinned,0,,,,,,,,64,1,,0000000000000000000000000000000000000000000000000000000000000000
113131,6,4/5,remined,0,1,,,,,,,64,1,1,0001010000000000010000000000000000000000000000000000000000000000
113131,6,4/5,pinned,0,,,,,,,,64,1,,0000000000000000000000000000000000000000000000000000000000000000
113131,6,1/1,remined,0,1,,,,,,,64,1,1,0001010000000000010000000000000000000000000000000000000000000000
113131,6,1/1,pinned,0,,,,,,,,64,1,,0000000000000000000000000000000000000000000000000000000000000000
113132,6,1/2,remined,1,1,1,1,1,1,0,0,64,1,1,0001010010111011111111000001100101100111110110011111111110010111
113132,6,1/2,pinned,1,4,4,4,1,1,0,0,64,1,4,0000000000000000000000000000000000000000000000000010001010010111
113132,6,2/3,remined,0,1,,,,,,,64,1,1,0001010000000000010000000001100101100111110000000010001010000000
113132,6,2/3,pinned,0,,,,,,,,64,1,,0000000000000000000000000000000000000000000000000000000000000000
113132,6,3/4,remined,0,1,,,,,,,64,1,1,0001010000000000010000000000000000000000000000000010001010000000
113132,6,3/4,pinned,0,,,,,,,,64,1,,0000000000000000000000000000000000000000000000000000000000000000
113132,6,4/5,remined,0,1,,,,,,,64,1,1,0001010000000000010000000000000000000000000000000000000000000000
113132,6,4/5,pinned,0,,,,,,,,64,1,,0000000000000000000000000000000000000000000000000000000000000000
113132,6,1/1,remined,0,1,,,,,,,64,1,1,0001010000000000010000000000000000000000000000000000000000000000
113132,6,1/1,pinned,0,,,,,,,,64,1,,0000000000000000000000000000000000000000000000000000000000000000
113133,6,1/2,remined,1,1,1,1,1,1,0,0,64,1,1,0001011010111011111111000001100101100111110110011111111110010111
113133,6,1/2,pinned,1,3,3,3,1,1,0,0,64,1,3,0000000000000000000000000000000000000000100000000010001010010111
113133,6,2/3,remined,0,1,,,,,,,64,1,1,0001011000000000011001000001100101100111110000000010001010000000
113133,6,2/3,pinned,0,,,,,,,,64,1,,0000000000000000000000000000000000000000000000000000000000000000
113133,6,3/4,remined,0,1,,,,,,,64,1,1,0001011000000000011001000000000000000000100000000010001010000000
113133,6,3/4,pinned,0,,,,,,,,64,1,,0000000000000000000000000000000000000000000000000000000000000000
113133,6,4/5,remined,0,1,,,,,,,64,1,1,0001011000000000011001000000000000000000100000000000000000000000
113133,6,4/5,pinned,0,,,,,,,,64,1,,0000000000000000000000000000000000000000000000000000000000000000
113133,6,1/1,remined,0,1,,,,,,,64,1,1,0001011000000000011001000000000000000000100000000000000000000000
113133,6,1/1,pinned,0,,,,,,,,64,1,,0000000000000000000000000000000000000000000000000000000000000000
113211,6,1/2,remined,0,1,,,,,,,64,1,1,0001000011001100111110000010000010000011001000001100110010000000
113211,6,1/2,pinned,0,,,,,,,,64,1,,0000000000000000000000000000000000000000000000000000000000000000
113211,6,2/3,remined,0,1,,,,,,,64,1,1,0001000000000000000000000010000010000011000000000000000000000000
113211,6,2/3,pinned,0,,,,,,,,64,1,,0000000000000000000000000000000000000000000000000000000000000000
113211,6,3/4,remined,0,1,,,,,,,64,1,1,0001000000000000000000000000000000000000000000000000000000000000
113211,6,3/4,pinned,0,,,,,,,,64,1,,0000000000000000000000000000000000000000000000000000000000000000
113211,6,4/5,remined,0,1,,,,,,,64,1,1,0001000000000000000000000000000000000000000000000000000000000000
113211,6,4/5,pinned,0,,,,,,,,64,1,,0000000000000000000000000000000000000000000000000000000000000000
113211,6,1/1,remined,0,1,,,,,,,64,1,1,0001000000000000000000000000000000000000000000000000000000000000
113211,6,1/1,pinned,0,,,,,,,,64,1,,0000000000000000000000000000000000000000000000000000000000000000
113212,6,1/2,remined,1,1,1,1,1,1,0,0,64,1,1,0001000011011101111101000010100010100010101010101111111110100111
113212,6,1/2,pinned,1,5,5,5,1,1,0,0,64,1,5,0000000000000000000000000000000000000000000000000000000000100111
113212,6,2/3,remined,0,1,,,,,,,64,1,1,0001000000000000000000000010100010100010100000000000000000000000
113212,6,2/3,pinned,0,,,,,,,,64,1,,0000000000000000000000000000000000000000000000000000000000000000
113212,6,3/4,remined,0,1,,,,,,,64,1,1,0001000000000000000000000000000000000000000000000000000000000000
113212,6,3/4,pinned,0,,,,,,,,64,1,,0000000000000000000000000000000000000000000000000000000000000000
113212,6,4/5,remined,0,1,,,,,,,64,1,1,0001000000000000000000000000000000000000000000000000000000000000
113212,6,4/5,pinned,0,,,,,,,,64,1,,0000000000000000000000000000000000000000000000000000000000000000
113212,6,1/1,remined,0,1,,,,,,,64,1,1,0001000000000000000000000000000000000000000000000000000000000000
113212,6,1/1,pinned,0,,,,,,,,64,1,,0000000000000000000000000000000000000000000000000000000000000000
113213,6,1/2,remined,1,1,1,1,1,1,0,0,64,1,1,0001001011011101111111000010101010101011111010101111111110100111
113213,6,1/2,pinned,1,4,4,4,1,1,0,0,64,1,4,0000000000000000000000000000000000000000000000000100010010100111
113213,6,2/3,remined,0,1,,,,,,,64,1,1,0001001000000000001000000010101010101011110000000100010010000000
113213,6,2/3,pinned,0,,,,,,,,64,1,,0000000000000000000000000000000000000000000000000000000000000000
113213,6,3/4,remined,0,1,,,,,,,64,1,1,0001001000000000001000000000000000000000000000000100010010000000
113213,6,3/4,pinned,0,,,,,,,,64,1,,0000000000000000000000000000000000000000000000000000000000000000
113213,6,4/5,remined,0,1,,,,,,,64,1,1,0001001000000000001000000000000000000000000000000000000000000000
113213,6,4/5,pinned,0,,,,,,,,64,1,,0000000000000000000000000000000000000000000000000000000000000000
113213,6,1/1,remined,0,1,,,,,,,64,1,1,0001001000000000001000000000000000000000000000000000000000000000
113213,6,1/1,pinned,0,,,,,,,,64,1,,0000000000000000000000000000000000000000000000000000000000000000
113221,6,1/2,remined,1,1,1,1,1,1,0,0,64,1,1,0001000011101110111011000011000011000001101101001111111111000111
113221,6,1/2,pinned,1,5,5,5,1,1,0,0,64,1,5,0000000000000000000000000000000000000000000000000000000001000111
113221,6,2/3,remined,0,1,,,,,,,64,1,1,0001000000000000000000000011000011000001100000000000000000000000
113221,6,2/3,pinned,0,,,,,,,,64,1,,0000000000000000000000000000000000000000000000000000000000000000
113221,6,3/4,remined,0,1,,,,,,,64,1,1,0001000000000000000000000000000000000000000000000000000000000000
113221,6,3/4,pinned,0,,,,,,,,64,1,,0000000000000000000000000000000000000000000000000000000000000000
113221,6,4/5,remined,0,1,,,,,,,64,1,1,0001000000000000000000000000000000000000000000000000000000000000
113221,6,4/5,pinned,0,,,,,,,,64,1,,0000000000000000000000000000000000000000000000000000000000000000
113221,6,1/1,remined,0,1,,,,,,,64,1,1,0001000000000000000000000000000000000000000000000000000000000000
113221,6,1/1,pinned,0,,,,,,,,64,1,,0000000000000000000000000000000000000000000000000000000000000000
113222,6,1/2,remined,1,1,4,1,0,1,0,0,64,1,1,0001000011111111111000000011100011100000001111111110111001110001
113222,6,1/2,pinned,1,5,5,5,1,1,0,0,64,1,5,0000000000000000000000000000000000000000000000000000000001110001
113222,6,2/3,remined,0,1,,,,,,,64,1,1,0001000000000000000000000011100011100000000000000000000000000000
113222,6,2/3,pinned,0,,,,,,,,64,1,,0000000000000000000000000000000000000000000000000000000000000000
113222,6,3/4,remined,0,1,,,,,,,64,1,1,0001000000000000000000000000000000000000000000000000000000000000
113222,6,3/4,pinned,0,,,,,,,,64,1,,0000000000000000000000000000000000000000000000000000000000000000
113222,6,4/5,remined,0,1,,,,,,,64,1,1,0001000000000000000000000000000000000000000000000000000000000000
113222,6,4/5,pinned,0,,,,,,,,64,1,,0000000000000000000000000000000000000000000000000000000000000000
113222,6,1/1,remined,0,1,,,,,,,64,1,1,0001000000000000000000000000000000000000000000000000000000000000
113222,6,1/1,pinned,0,,,,,,,,64,1,,0000000000000000000000000000000000000000000000000000000000000000
113223,6,1/2,remined,1,1,1,1,1,1,0,0,64,1,1,0001001011111111111011000011101111101101101111111111111111111111
113223,6,1/2,pinned,1,4,4,4,1,1,0,0,64,1,4,0000000000000000000000000000000000000000000000000110011001111111
113223,6,2/3,remined,1,1,6,6,1,0,1,0,64,1,1,0001001000000000001000000011101111101101100000000110011000000001
113223,6,2/3,pinned,1,6,6,6,1,1,1,1,64,1,6,0000000000000000000000000000000000000000000000000000000000000001
113223,6,3/4,remined,0,1,,,,,,,64,1,1,0001001000000000001000000000000000000000000000000110011000000000
113223,6,3/4,pinned,0,,,,,,,,64,1,,0000000000000000000000000000000000000000000000000000000000000000
113223,6,4/5,remined,0,1,,,,,,,64,1,1,0001001000000000001000000000000000000000000000000000000000000000
113223,6,4/5,pinned,0,,,,,,,,64,1,,0000000000000000000000000000000000000000000000000000000000000000
113223,6,1/1,remined,0,1,,,,,,,64,1,1,0001001000000000001000000000000000000000000000000000000000000000
113223,6,1/1,pinned,0,,,,,,,,64,1,,0000000000000000000000000000000000000000000000000000000000000000
113231,6,1/2,remined,1,1,1,1,1,1,0,0,64,1,1,0001010011101110111111000011010011010011111101001111111111000111
113231,6,1/2,pinned,1,4,4,4,1,1,0,0,64,1,4,0000000000000000000000000000000000000000000000001000100011000111
113231,6,2/3,remined,0,1,,,,,,,64,1,1,0001010000000000010000000011010011010011110000001000100010000000
113231,6,2/3,pinned,0,,,,,,,,64,1,,0000000000000000000000000000000000000000000000000000000000000000
113231,6,3/4,remined,0,1,,,,,,,64,1,1,0001010000000000010000000000000000000000000000001000100010000000
113231,6,3/4,pinned,0,,,,,,,,64,1,,0000000000000000000000000000000000000000000000000000000000000000
113231,6,4/5,remined,0,1,,,,,,,64,1,1,0001010000000000010000000000000000000000000000000000000000000000
113231,6,4/5,pinned,0,,,,,,,,64,1,,0000000000000000000000000000000000000000000000000000000000000000
113231,6,1/1,remined,0,1,,,,,,,64,1,1,0001010000000000010000000000000000000000000000000000000000000000
113231,6,1/1,pinned,0,,,,,,,,64,1,,0000000000000000000000000000000000000000000000000000000000000000
113232,6,1/2,remined,1,1,1,1,1,1,0,0,64,1,1,0001010011111111111101000011110111110110101111111111111111111111
113232,6,1/2,pinned,1,4,4,4,1,1,0,0,64,1,4,0000000000000000000000000000000000000000000000001010101001111111
113232,6,2/3,remined,1,1,6,6,1,0,1,0,64,1,1,0001010000000000010000000011110111110110100000001010101000000001
113232,6,2/3,pinned,1,6,6,6,1,1,1,1,64,1,6,0000000000000000000000000000000000000000000000000000000000000001
113232,6,3/4,remined,0,1,,,,,,,64,1,1,0001010000000000010000000000000000000000000000001010101000000000
113232,6,3/4,pinned,0,,,,,,,,64,1,,0000000000000000000000000000000000000000000000000000000000000000
113232,6,4/5,remined,0,1,,,,,,,64,1,1,0001010000000000010000000000000000000000000000000000000000000000
113232,6,4/5,pinned,0,,,,,,,,64,1,,0000000000000000000000000000000000000000000000000000000000000000
113232,6,1/1,remined,0,1,,,,,,,64,1,1,0001010000000000010000000000000000000000000000000000000000000000
113232,6,1/1,pinned,0,,,,,,,,64,1,,0000000000000000000000000000000000000000000000000000000000000000
113233,6,1/2,remined,1,1,1,1,1,1,0,0,64,1,1,0001011011111111111111000011111111111111111111111111111111111111
113233,6,1/2,pinned,1,3,3,3,1,1,0,0,64,1,3,0000000000000000000000000000000000000000100000001111111111111111
113233,6,2/3,remined,1,1,1,1,1,1,0,0,64,1,1,0001011000000000011001000011111111111111110000001111111110000111
113233,6,2/3,pinned,1,5,5,5,1,1,0,0,64,1,5,0000000000000000000000000000000000000000000000000000000000000111
113233,6,3/4,remined,0,1,,,,,,,64,1,1,0001011000000000011001000000000000000000100000001111111110000110
113233,6,3/4,pinned,0,,,,,,,,64,1,,0000000000000000000000000000000000000000000000000000000000000000
113233,6,4/5,remined,0,1,,,,,,,64,1,1,0001011000000000011001000000000000000000100000000000000000000110
113233,6,4/5,pinned,0,,,,,,,,64,1,,0000000000000000000000000000000000000000000000000000000000000000
113233,6,1/1,remined,0,1,,,,,,,64,1,1,0001011000000000011001000000000000000000100000000000000000000000
113233,6,1/1,pinned,0,,,,,,,,64,1,,0000000000000000000000000000000000000000000000000000000000000000
113311,6,1/2,remined,0,1,,,,,,,64,1,1,0001100011001100111110000010000010000011001000001100110010000000
113311,6,1/2,pinned,0,,,,,,,,64,1,,0000000000000000000000000000000000000000000000000000000000000000
113311,6,2/3,remined,0,1,,,,,,,64,1,1,0001100000000000100000000010000010000011000000000000000000000000
113311,6,2/3,pinned,0,,,,,,,,64,1,,0000000000000000000000000000000000000000000000000000000000000000
113311,6,3/4,remined,0,1,,,,,,,64,1,1,0001100000000000100000000000000000000000000000000000000000000000
113311,6,3/4,pinned,0,,,,,,,,64,1,,0000000000000000000000000000000000000000000000000000000000000000
113311,6,4/5,remined,0,1,,,,,,,64,1,1,0001100000000000100000000000000000000000000000000000000000000000
113311,6,4/5,pinned,0,,,,,,,,64,1,,0000000000000000000000000000000000000000000000000000000000000000
113311,6,1/1,remined,0,1,,,,,,,64,1,1,0001100000000000100000000000000000000000000000000000000000000000
113311,6,1/1,pinned,0,,,,,,,,64,1,,0000000000000000000000000000000000000000000000000000000000000000
113312,6,1/2,remined,1,1,2,2,1,1,0,0,64,1,1,0001100011011101111111000010101010101011111010101111111110100111
113312,6,1/2,pinned,1,4,4,4,1,1,0,0,64,1,4,0000000000000000000000000000000000000000000000000100010010100111
113312,6,2/3,remined,0,1,,,,,,,64,1,1,0001100000000000100000000010101010101011110000000100010010000000
113312,6,2/3,pinned,0,,,,,,,,64,1,,0000000000000000000000000000000000000000000000000000000000000000
113312,6,3/4,remined,0,1,,,,,,,64,1,1,0001100000000000100000000000000000000000000000000100010010000000
113312,6,3/4,pinned,0,,,,,,,,64,1,,0000000000000000000000000000000000000000000000000000000000000000
113312,6,4/5,remined,0,1,,,,,,,64,1,1,0001100000000000100000000000000000000000000000000000000000000000
113312,6,4/5,pinned,0,,,,,,,,64,1,,0000000000000000000000000000000000000000000000000000000000000000
113312,6,1/1,remined,0,1,,,,,,,64,1,1,0001100000000000100000000000000000000000000000000000000000000000
113312,6,1/1,pinned,0,,,,,,,,64,1,,0000000000000000000000000000000000000000000000000000000000000000
113313,6,1/2,remined,1,1,1,1,1,1,0,0,64,1,1,0001101011011101111111000010101010101011111010101111111110100111
113313,6,1/2,pinned,1,3,3,3,1,1,0,0,64,1,3,0000000000000000000000000000000000000001000000000100010010100111
113313,6,2/3,remined,0,1,,,,,,,64,1,1,0001101000000000101010000010101010101011110000000100010010000000
113313,6,2/3,pinned,0,,,,,,,,64,1,,0000000000000000000000000000000000000000000000000000000000000000
113313,6,3/4,remined,0,1,,,,,,,64,1,1,0001101000000000101010000000000000000001000000000100010010000000
113313,6,3/4,pinned,0,,,,,,,,64,1,,0000000000000000000000000000000000000000000000000000000000000000
113313,6,4/5,remined,0,1,,,,,,,64,1,1,0001101000000000101010000000000000000001000000000000000000000000
113313,6,4/5,pinned,0,,,,,,,,64,1,,0000000000000000000000000000000000000000000000000000000000000000
113313,6,1/1,remined,0,1,,,,,,,64,1,1,0001101000000000101010000000000000000001000000000000000000000000
113313,6,1/1,pinned,0,,,,,,,,64,1,,0000000000000000000000000000000000000000000000000000000000000000
113321,6,1/2,remined,1,1,2,2,1,1,0,0,64,1,1,0001100011101110111111000011010011010011111101001111111111000111
113321,6,1/2,pinned,1,4,4,4,1,1,0,0,64,1,4,0000000000000000000000000000000000000000000000001000100011000111
113321,6,2/3,remined,0,1,,,,,,,64,1,1,0001100000000000100000000011010011010011110000001000100010000000
113321,6,2/3,pinned,0,,,,,,,,64,1,,0000000000000000000000000000000000000000000000000000000000000000
113321,6,3/4,remined,0,1,,,,,,,64,1,1,0001100000000000100000000000000000000000000000001000100010000000
113321,6,3/4,pinned,0,,,,,,,,64,1,,0000000000000000000000000000000000000000000000000000000000000000
113321,6,4/5,remined,0,1,,,,,,,64,1,1,0001100000000000100000000000000000000000000000000000000000000000
113321,6,4/5,pinned,0,,,,,,,,64,1,,0000000000000000000000000000000000000000000000000000000000000000
113321,6,1/1,remined,0,1,,,,,,,64,1,1,0001100000000000100000000000000000000000000000000000000000000000
113321,6,1/1,pinned,0,,,,,,,,64,1,,0000000000000000000000000000000000000000000000000000000000000000
113322,6,1/2,remined,1,1,2,1,0,1,0,0,64,1,1,0001100011111111111110000011111011111011001111111111111111111111
113322,6,1/2,pinned,1,4,4,4,1,1,0,0,64,1,4,0000000000000000000000000000000000000000000000001100110001111111
113322,6,2/3,remined,1,1,6,6,1,0,1,0,64,1,1,0001100000000000100000000011111011111011000000001100110000000001
113322,6,2/3,pinned,1,6,6,6,1,1,1,1,64,1,6,0000000000000000000000000000000000000000000000000000000000000001
113322,6,3/4,remined,0,1,,,,,,,64,1,1,0001100000000000100000000000000000000000000000001100110000000000
113322,6,3/4,pinned,0,,,,,,,,64,1,,0000000000000000000000000000000000000000000000000000000000000000
113322,6,4/5,remined,0,1,,,,,,,64,1,1,0001100000000000100000000000000000000000000000000000000000000000
113322,6,4/5,pinned,0,,,,,,,,64,1,,0000000000000000000000000000000000000000000000000000000000000000
113322,6,1/1,remined,0,1,,,,,,,64,1,1,0001100000000000100000000000000000000000000000000000000000000000
113322,6,1/1,pinned,0,,,,,,,,64,1,,0000000000000000000000000000000000000000000000000000000000000000
113323,6,1/2,remined,1,1,1,1,1,1,0,0,64,1,1,0001101011111111111111000011111111111111111111111111111111111111
113323,6,1/2,pinned,1,3,3,3,1,1,0,0,64,1,3,0000000000000000000000000000000000000001000000001111111111111111
113323,6,2/3,remined,1,1,1,1,1,1,0,0,64,1,1,0001101000000000101010000011111111111111110000001111111110000111
113323,6,2/3,pinned,1,5,5,5,1,1,0,0,64,1,5,0000000000000000000000000000000000000000000000000000000000000111
113323,6,3/4,remined,0,1,,,,,,,64,1,1,0001101000000000101010000000000000000001000000001111111110000110
113323,6,3/4,pinned,0,,,,,,,,64,1,,0000000000000000000000000000000000000000000000000000000000000000
113323,6,4/5,remined,0,1,,,,,,,64,1,1,0001101000000000101010000000000000000001000000000000000000000110
113323,6,4/5,pinned,0,,,,,,,,64,1,,0000000000000000000000000000000000000000000000000000000000000000
113323,6,1/1,remined,0,1,,,,,,,64,1,1,0001101000000000101010000000000000000001000000000000000000000000
113323,6,1/1,pinned,0,,,,,,,,64,1,,0000000000000000000000000000000000000000000000000000000000000000
113331,6,1/2,remined,1,1,1,1,1,1,0,0,64,1,1,0001110011101110111111000011010011010011111101001111111111000111
113331,6,1/2,pinned,1,3,3,3,1,1,0,0,64,1,3,0000000000000000000000000000000000000010000000001000100011000111
113331,6,2/3,remined,0,1,,,,,,,64,1,1,0001110000000000110100000011010011010011110000001000100010000000
113331,6,2/3,pinned,0,,,,,,,,64,1,,0000000000000000000000000000000000000000000000000000000000000000
113331,6,3/4,remined,0,1,,,,,,,64,1,1,0001110000000000110100000000000000000010000000001000100010000000
113331,6,3/4,pinned,0,,,,,,,,64,1,,0000000000000000000000000000000000000000000000000000000000000000
113331,6,4/5,remined,0,1,,,,,,,64,1,1,0001110000000000110100000000000000000010000000000000000000000000
113331,6,4/5,pinned,0,,,,,,,,64,1,,0000000000000000000000000000000000000000000000000000000000000000
113331,6,1/1,remined,0,1,,,,,,,64,1,1,0001110000000000110100000000000000000010000000000000000000000000
113331,6,1/1,pinned,0,,,,,,,,64,1,,0000000000000000000000000000000000000000000000000000000000000000
113332,6,1/2,remined,1,1,1,1,1,1,0,0,64,1,1,0001110011111111111111000011111111111111111111111111111111111111
113332,6,1/2,pinned,1,3,3,3,1,1,0,0,64,1,3,0000000000000000000000000000000000000010000000001111111111111111
113332,6,2/3,remined,1,1,2,1,0,1,0,0,64,1,1,0001110000000000110100000011111111111111110000001111111110000111
113332,6,2/3,pinned,1,5,5,5,1,1,0,0,64,1,5,0000000000000000000000000000000000000000000000000000000000000111
113332,6,3/4,remined,0,1,,,,,,,64,1,1,0001110000000000110100000000000000000010000000001111111110000110
113332,6,3/4,pinned,0,,,,,,,,64,1,,0000000000000000000000000000000000000000000000000000000000000000
113332,6,4/5,remined,0,1,,,,,,,64,1,1,0001110000000000110100000000000000000010000000000000000000000110
113332,6,4/5,pinned,0,,,,,,,,64,1,,0000000000000000000000000000000000000000000000000000000000000000
113332,6,1/1,remined,0,1,,,,,,,64,1,1,0001110000000000110100000000000000000010000000000000000000000000
113332,6,1/1,pinned,0,,,,,,,,64,1,,0000000000000000000000000000000000000000000000000000000000000000
113333,6,1/2,remined,1,1,1,1,1,1,0,0,64,1,1,0001111011111111111111000011111111111111111111111111111111111111
113333,6,1/2,pinned,1,3,3,3,1,1,0,0,64,1,3,0000000000000000000000000000000000000011110000001111111111111111
113333,6,2/3,remined,1,1,1,1,1,1,0,0,64,1,1,0001111000000000111111000011111111111111110000001111111110000111
113333,6,2/3,pinned,1,4,4,4,1,1,0,0,64,1,4,0000000000000000000000000000000000000000000000000000000010000111
113333,6,3/4,remined,0,1,,,,,,,64,1,1,0001111000000000111111000000000000000011110000001111111110000110
113333,6,3/4,pinned,0,,,,,,,,64,1,,0000000000000000000000000000000000000000000000000000000000000000
113333,6,4/5,remined,0,1,,,,,,,64,1,1,0001111000000000111111000000000000000011110000000000000010000110
113333,6,4/5,pinned,0,,,,,,,,64,1,,0000000000000000000000000000000000000000000000000000000000000000
113333,6,1/1,remined,0,1,,,,,,,64,1,1,0001111000000000111111000000000000000011110000000000000010000000
113333,6,1/1,pinned,0,,,,,,,,64,1,,0000000000000000000000000000000000000000000000000000000000000000
121111,6,1/2,remined,0,2,,,,,,,64,1,2,0000000100001111000000000000000000000000000000000000000000000000
121111,6,1/2,pinned,0,,,,,,,,64,1,,0000000000000000000000000000000000000000000000000000000000000000
121111,6,2/3,remined,0,,,,,,,,64,1,,0000000000000000000000000000000000000000000000000000000000000000
121111,6,2/3,pinned,0,,,,,,,,64,1,,0000000000000000000000000000000000000000000000000000000000000000
121111,6,3/4,remined,0,,,,,,,,64,1,,0000000000000000000000000000000000000000000000000000000000000000
121111,6,3/4,pinned,0,,,,,,,,64,1,,0000000000000000000000000000000000000000000000000000000000000000
121111,6,4/5,remined,0,,,,,,,,64,1,,0000000000000000000000000000000000000000000000000000000000000000
121111,6,4/5,pinned,0,,,,,,,,64,1,,0000000000000000000000000000000000000000000000000000000000000000
121111,6,1/1,remined,0,,,,,,,,64,1,,0000000000000000000000000000000000000000000000000000000000000000
121111,6,1/1,pinned,0,,,,,,,,64,1,,0000000000000000000000000000000000000000000000000000000000000000
121112,6,1/2,remined,0,2,,,,,,,64,1,2,0000000100011110001011000000000000000000000010110000011100000000
121112,6,1/2,pinned,0,,,,,,,,64,1,,0000000000000000000000000000000000000000000000000000000000000000
121112,6,2/3,remined,0,,,,,,,,64,1,,0000000000000000000000000000000000000000000000000000000000000000
121112,6,2/3,pinned,0,,,,,,,,64,1,,0000000000000000000000000000000000000000000000000000000000000000
121112,6,3/4,remined,0,,,,,,,,64,1,,0000000000000000000000000000000000000000000000000000000000000000
121112,6,3/4,pinned,0,,,,,,,,64,1,,0000000000000000000000000000000000000000000000000000000000000000
121112,6,4/5,remined,0,,,,,,,,64,1,,0000000000000000000000000000000000000000000000000000000000000000
121112,6,4/5,pinned,0,,,,,,,,64,1,,0000000000000000000000000000000000000000000000000000000000000000
121112,6,1/1,remined,0,,,,,,,,64,1,,0000000000000000000000000000000000000000000000000000000000000000
121112,6,1/1,pinned,0,,,,,,,,64,1,,0000000000000000000000000000000000000000000000000000000000000000
121113,6,1/2,remined,0,1,,,,,,,64,1,1,0000001100011111001011000100000000101100000010110000011100000000
121113,6,1/2,pinned,0,,,,,,,,64,1,,0000000000000000000000000000000000000000000000000000000000000000
121113,6,2/3,remined,0,1,,,,,,,64,1,1,0000001000000000000000000100000000101100000000000000000000000000
121113,6,2/3,pinned,0,,,,,,,,64,1,,0000000000000000000000000000000000000000000000000000000000000000
121113,6,3/4,remined,0,1,,,,,,,64,1,1,0000001000000000000000000000000000000000000000000000000000000000
121113,6,3/4,pinned,0,,,,,,,,64,1,,0000000000000000000000000000000000000000000000000000000000000000
121113,6,4/5,remined,0,1,,,,,,,64,1,1,0000001000000000000000000000000000000000000000000000000000000000
121113,6,4/5,pinned,0,,,,,,,,64,1,,0000000000000000000000000000000000000000000000000000000000000000
121113,6,1/1,remined,0,1,,,,,,,64,1,1,0000001000000000000000000000000000000000000000000000000000000000
121113,6,1/1,pinned,0,,,,,,,,64,1,,0000000000000000000000000000000000000000000000000000000000000000
121121,6,1/2,remined,0,2,,,,,,,64,1,2,0000000100101101010101000000000000000000000101010000101100000000
121121,6,1/2,pinned,0,,,,,,,,64,1,,0000000000000000000000000000000000000000000000000000000000000000
121121,6,2/3,remined,0,,,,,,,,64,1,,0000000000000000000000000000000000000000000000000000000000000000
121121,6,2/3,pinned,0,,,,,,,,64,1,,0000000000000000000000000000000000000000000000000000000000000000
121121,6,3/4,remined,0,,,,,,,,64,1,,0000000000000000000000000000000000000000000000000000000000000000
121121,6,3/4,pinned,0,,,,,,,,64,1,,0000000000000000000000000000000000000000000000000000000000000000
121121,6,4/5,remined,0,,,,,,,,64,1,,0000000000000000000000000000000000000000000000000000000000000000
121121,6,4/5,pinned,0,,,,,,,,64,1,,0000000000000000000000000000000000000000000000000000000000000000
121121,6,1/1,remined,0,,,,,,,,64,1,,0000000000000000000000000000000000000000000000000000000000000000
121121,6,1/1,pinned,0,,,,,,,,64,1,,0000000000000000000000000000000000000000000000000000000000000000
121122,6,1/2,remined,1,2,6,6,1,0,1,0,64,1,2,0000000100111100011110000000000000000000000111100011110010000001
121122,6,1/2,pinned,1,6,6,6,1,1,1,1,64,1,6,0000000000000000000000000000000000000000000000000000000000000001
121122,6,2/3,remined,0,,,,,,,,64,1,,0000000000000000000000000000000000000000000000000000000000000000
121122,6,2/3,pinned,0,,,,,,,,64,1,,0000000000000000000000000000000000000000000000000000000000000000
121122,6,3/4,remined,0,,,,,,,,64,1,,0000000000000000000000000000000000000000000000000000000000000000
121122,6,3/4,pinned,0,,,,,,,,64,1,,0000000000000000000000000000000000000000000000000000000000000000
121122,6,4/5,remined,0,,,,,,,,64,1,,0000000000000000000000000000000000000000000000000000000000000000
121122,6,4/5,pinned,0,,,,,,,,64,1,,0000000000000000000000000000000000000000000000000000000000000000
121122,6,1/1,remined,0,,,,,,,,64,1,,0000000000000000000000000000000000000000000000000000000000000000
121122,6,1/1,pinned,0,,,,,,,,64,1,,0000000000000000000000000000000000000000000000000000000000000000
121123,6,1/2,remined,1,1,1,1,1,1,0,0,64,1,1,0000001100111101011111000100000100101000110111110011111110011011
121123,6,1/2,pinned,1,5,5,5,1,1,0,0,64,1,5,0000000000000000000000000000000000000000000000000000000000011011
121123,6,2/3,remined,0,1,,,,,,,64,1,1,0000001000000000000000000100000100101000110000000000000000000000
121123,6,2/3,pinned,0,,,,,,,,64,1,,0000000000000000000000000000000000000000000000000000000000000000
121123,6,3/4,remined,0,1,,,,,,,64,1,1,0000001000000000000000000000000000000000000000000000000000000000
121123,6,3/4,pinned,0,,,,,,,,64,1,,0000000000000000000000000000000000000000000000000000000000000000
121123,6,4/5,remined,0,1,,,,,,,64,1,1,0000001000000000000000000000000000000000000000000000000000000000
121123,6,4/5,pinned,0,,,,,,,,64,1,,0000000000000000000000000000000000000000000000000000000000000000
121123,6,1/1,remined,0,1,,,,,,,64,1,1,0000001000000000000000000000000000000000000000000000000000000000
121123,6,1/1,pinned,0,,,,,,,,64,1,,0000000000000000000000000000000000000000000000000000000000000000
121131,6,1/2,remined,0,1,,,,,,,64,1,1,0000010100101111010101001000000001010100000101010000101100000000
121131,6,1/2,pinned,0,,,,,,,,64,1,,0000000000000000000000000000000000000000000000000000000000000000
121131,6,2/3,remined,0,1,,,,,,,64,1,1,0000010000000000000000001000000001010100000000000000000000000000
121131,6,2/3,pinned,0,,,,,,,,64,1,,0000000000000000000000000000000000000000000000000000000000000000
121131,6,3/4,remined,0,1,,,,,,,64,1,1,0000010000000000000000000000000000000000000000000000000000000000
121131,6,3/4,pinned,0,,,,,,,,64,1,,0000000000000000000000000000000000000000000000000000000000000000
121131,6,4/5,remined,0,1,,,,,,,64,1,1,0000010000000000000000000000000000000000000000000000000000000000
121131,6,4/5,pinned,0,,,,,,,,64,1,,0000000000000000000000000000000000000000000000000000000000000000
121131,6,1/1,remined,0,1,,,,,,,64,1,1,0000010000000000000000000000000000000000000000000000000000000000
121131,6,1/1,pinned,0,,,,,,,,64,1,,0000000000000000000000000000000000000000000000000000000000000000
121132,6,1/2,remined,1,1,1,1,1,1,0,0,64,1,1,0000010100111110011111001000000101010000110111110011111110011011
121132,6,1/2,pinned,1,5,5,5,1,1,0,0,64,1,5,0000000000000000000000000000000000000000000000000000000000011011
121132,6,2/3,remined,0,1,,,,,,,64,1,1,0000010000000000000000001000000101010000110000000000000000000000
121132,6,2/3,pinned,0,,,,,,,,64,1,,0000000000000000000000000000000000000000000000000000000000000000
121132,6,3/4,remined,0,1,,,,,,,64,1,1,0000010000000000000000000000000000000000000000000000000000000000
121132,6,3/4,pinned,0,,,,,,,,64,1,,0000000000000000000000000000000000000000000000000000000000000000
121132,6,4/5,remined,0,1,,,,,,,64,1,1,0000010000000000000000000000000000000000000000000000000000000000
121132,6,4/5,pinned,0,,,,,,,,64,1,,0000000000000000000000000000000000000000000000000000000000000000
121132,6,1/1,remined,0,1,,,,,,,64,1,1,0000010000000000000000000000000000000000000000000000000000000000
121132,6,1/1,pinned,0,,,,,,,,64,1,,0000000000000000000000000000000000000000000000000000000000000000
121133,6,1/2,remined,1,1,1,1,1,1,0,0,64,1,1,0000011100111111011111001100000101111100110111110011111110011011
121133,6,1/2,pinned,1,4,4,4,1,1,0,0,64,1,4,0000000000000000000000000000000000000000000000010000001100011011
121133,6,2/3,remined,0,1,,,,,,,64,1,1,0000011000000000000001001100000101111100110000010000001100000000
121133,6,2/3,pinned,0,,,,,,,,64,1,,0000000000000000000000000000000000000000000000000000000000000000
121133,6,3/4,remined,0,1,,,,,,,64,1,1,0000011000000000000001000000000000000000000000010000001100000000
121133,6,3/4,pinned,0,,,,,,,,64,1,,0000000000000000000000000000000000000000000000000000000000000000
121133,6,4/5,remined,0,1,,,,,,,64,1,1,0000011000000000000001000000000000000000000000000000000000000000
121133,6,4/5,pinned,0,,,,,,,,64,1,,0000000000000000000000000000000000000000000000000000000000000000
121133,6,1/1,remined,0,1,,,,,,,64,1,1,0000011000000000000001000000000000000000000000000000000000000000
121133,6,1/1,pinned,0,,,,,,,,64,1,,0000000000000000000000000000000000000000000000000000000000000000
121211,6,1/2,remined,0,2,,,,,,,64,1,2,0000000101001011100110000000000000000000001001100000110100000000
121211,6,1/2,pinned,0,,,,,,,,64,1,,0000000000000000000000000000000000000000000000000000000000000000
121211,6,2/3,remined,0,,,,,,,,64,1,,0000000000000000000000000000000000000000000000000000000000000000
121211,6,2/3,pinned,0,,,,,,,,64,1,,0000000000000000000000000000000000000000000000000000000000000000
121211,6,3/4,remined,0,,,,,,,,64,1,,0000000000000000000000000000000000000000000000000000000000000000
121211,6,3/4,pinned,0,,,,,,,,64,1,,0000000000000000000000000000000000000000000000000000000000000000
121211,6,4/5,remined,0,,,,,,,,64,1,,0000000000000000000000000000000000000000000000000000000000000000
121211,6,4/5,pinned,0,,,,,,,,64,1,,0000000000000000000000000000000000000000000000000000000000000000
121211,6,1/1,remined,0,,,,,,,,64,1,,0000000000000000000000000000000000000000000000000000000000000000
121211,6,1/1,pinned,0,,,,,,,,64,1,,0000000000000000000000000000000000000000000000000000000000000000
121212,6,1/2,remined,1,2,6,6,1,0,1,0,64,1,2,0000000101011010101101000000000000000000001011010101101010000001
121212,6,1/2,pinned,1,6,6,6,1,1,1,1,64,1,6,0000000000000000000000000000000000000000000000000000000000000001
121212,6,2/3,remined,0,,,,,,,,64,1,,0000000000000000000000000000000000000000000000000000000000000000
121212,6,2/3,pinned,0,,,,,,,,64,1,,0000000000000000000000000000000000000000000000000000000000000000
121212,6,3/4,remined,0,,,,,,,,64,1,,0000000000000000000000000000000000000000000000000000000000000000
121212,6,3/4,pinned,0,,,,,,,,64,1,,0000000000000000000000000000000000000000000000000000000000000000
121212,6,4/5,remined,0,,,,,,,,64,1,,0000000000000000000000000000000000000000000000000000000000000000
121212,6,4/5,pinned,0,,,,,,,,64,1,,0000000000000000000000000000000000000000000000000000000000000000
121212,6,1/1,remined,0,,,,,,,,64,1,,0000000000000000000000000000000000000000000000000000000000000000
121212,6,1/1,pinned,0,,,,,,,,64,1,,0000000000000000000000000000000000000000000000000000000000000000
121213,6,1/2,remined,1,1,1,1,1,1,0,0,64,1,1,0000001101011011101111000100001000100101011011110101111110101011
121213,6,1/2,pinned,1,5,5,5,1,1,0,0,64,1,5,0000000000000000000000000000000000000000000000000000000000101011
121213,6,2/3,remined,0,1,,,,,,,64,1,1,0000001000000000000000000100001000100101010000000000000000000000
121213,6,2/3,pinned,0,,,,,,,,64,1,,0000000000000000000000000000000000000000000000000000000000000000
121213,6,3/4,remined,0,1,,,,,,,64,1,1,0000001000000000000000000000000000000000000000000000000000000000
121213,6,3/4,pinned,0,,,,,,,,64,1,,0000000000000000000000000000000000000000000000000000000000000000
121213,6,4/5,remined,0,1,,,,,,,64,1,1,0000001000000000000000000000000000000000000000000000000000000000
121213,6,4/5,pinned,0,,,,,,,,64,1,,0000000000000000000000000000000000000000000000000000000000000000
121213,6,1/1,remined,0,1,,,,,,,64,1,1,0000001000000000000000000000000000000000000000000000000000000000
121213,6,1/1,pinned,0,,,,,,,,64,1,,0000000000000000000000000000000000000000000000000000000000000000
121221,6,1/2,remined,1,2,6,6,1,0,1,0,64,1,2,0000000101101001110011000000000000000000001100111001011010000001
121221,6,1/2,pinned,1,6,6,6,1,1,1,1,64,1,6,0000000000000000000000000000000000000000000000000000000000000001
121221,6,2/3,remined,0,,,,,,,,64,1,,0000000000000000000000000000000000000000000000000000000000000000
121221,6,2/3,pinned,0,,,,,,,,64,1,,0000000000000000000000000000000000000000000000000000000000000000
121221,6,3/4,remined,0,,,,,,,,64,1,,0000000000000000000000000000000000000000000000000000000000000000
121221,6,3/4,pinned,0,,,,,,,,64,1,,0000000000000000000000000000000000000000000000000000000000000000
121221,6,4/5,remined,0,,,,,,,,64,1,,0000000000000000000000000000000000000000000000000000000000000000
121221,6,4/5,pinned,0,,,,,,,,64,1,,0000000000000000000000000000000000000000000000000000000000000000
121221,6,1/1,remined,0,,,,,,,,64,1,,0000000000000000000000000000000000000000000000000000000000000000
121221,6,1/1,pinned,0,,,,,,,,64,1,,0000000000000000000000000000000000000000000000000000000000000000
121222,6,1/2,remined,0,2,,,,,,,64,1,2,0000000101111000111000000000000000000000001110001110000000000000
121222,6,1/2,pinned,0,,,,,,,,64,1,,0000000000000000000000000000000000000000000000000000000000000000
121222,6,2/3,remined,0,,,,,,,,64,1,,0000000000000000000000000000000000000000000000000000000000000000
121222,6,2/3,pinned,0,,,,,,,,64,1,,0000000000000000000000000000000000000000000000000000000000000000
121222,6,3/4,remined,0,,,,,,,,64,1,,0000000000000000000000000000000000000000000000000000000000000000
121222,6,3/4,pinned,0,,,,,,,,64,1,,0000000000000000000000000000000000000000000000000000000000000000
121222,6,4/5,remined,0,,,,,,,,64,1,,0000000000000000000000000000000000000000000000000000000000000000
121222,6,4/5,pinned,0,,,,,,,,64,1,,0000000000000000000000000000000000000000000000000000000000000000
121222,6,1/1,remined,0,,,,,,,,64,1,,0000000000000000000000000000000000000000000000000000000000000000
121222,6,1/1,pinned,0,,,,,,,,64,1,,0000000000000000000000000000000000000000000000000000000000000000
121223,6,1/2,remined,1,1,2,1,0,1,0,0,64,1,1,0000001101111001111011000100001100100001101110111111011010110101
121223,6,1/2,pinned,1,5,5,5,1,1,0,0,64,1,5,0000000000000000000000000000000000000000000000000000000000110101
121223,6,2/3,remined,0,1,,,,,,,64,1,1,0000001000000000000000000100001100100001100000000000000000000000
121223,6,2/3,pinned,0,,,,,,,,64,1,,0000000000000000000000000000000000000000000000000000000000000000
121223,6,3/4,remined,0,1,,,,,,,64,1,1,0000001000000000000000000000000000000000000000000000000000000000
121223,6,3/4,pinned,0,,,,,,,,64,1,,0000000000000000000000000000000000000000000000000000000000000000
121223,6,4/5,remined,0,1,,,,,,,64,1,1,0000001000000000000000000000000000000000000000000000000000000000
121223,6,4/5,pinned,0,,,,,,,,64,1,,0000000000000000000000000000000000000000000000000000000000000000
121223,6,1/1,remined,0,1,,,,,,,64,1,1,0000001000000000000000000000000000000000000000000000000000000000
121223,6,1/1,pinned,0,,,,,,,,64,1,,0000000000000000000000000000000000000000000000000000000000000000
121231,6,1/2,remined,1,1,1,1,1,1,0,0,64,1,1,0000010101101011110111001000010001000110011101111001111111001011
121231,6,1/2,pinned,1,5,5,5,1,1,0,0,64,1,5,0000000000000000000000000000000000000000000000000000000001001011
121231,6,2/3,remined,0,1,,,,,,,64,1,1,0000010000000000000000001000010001000110010000000000000000000000
121231,6,2/3,pinned,0,,,,,,,,64,1,,0000000000000000000000000000000000000000000000000000000000000000
121231,6,3/4,remined,0,1,,,,,,,64,1,1,0000010000000000000000000000000000000000000000000000000000000000
121231,6,3/4,pinned,0,,,,,,,,64,1,,0000000000000000000000000000000000000000000000000000000000000000
121231,6,4/5,remined,0,1,,,,,,,64,1,1,0000010000000000000000000000000000000000000000000000000000000000
121231,6,4/5,pinned,0,,,,,,,,64,1,,0000000000000000000000000000000000000000000000000000000000000000
121231,6,1/1,remined,0,1,,,,,,,64,1,1,0000010000000000000000000000000000000000000000000000000000000000
121231,6,1/1,pinned,0,,,,,,,,64,1,,0000000000000000000000000000000000000000000000000000000000000000
121232,6,1/2,remined,1,1,2,2,1,1,0,0,64,1,1,0000010101111010111101001000010101000010101111011111101011010101
121232,6,1/2,pinned,1,5,5,5,1,1,0,0,64,1,5,0000000000000000000000000000000000000000000000000000000001010101
121232,6,2/3,remined,0,1,,,,,,,64,1,1,0000010000000000000000001000010101000010100000000000000000000000
121232,6,2/3,pinned,0,,,,,,,,64,1,,0000000000000000000000000000000000000000000000000000000000000000
121232,6,3/4,remined,0,1,,,,,,,64,1,1,0000010000000000000000000000000000000000000000000000000000000000
121232,6,3/4,pinned,0,,,,,,,,64,1,,0000000000000000000000000000000000000000000000000000000000000000
121232,6,4/5,remined,0,1,,,,,,,64,1,1,0000010000000000000000000000000000000000000000000000000000000000
121232,6,4/5,pinned,0,,,,,,,,64,1,,0000000000000000000000000000000000000000000000000000000000000000
121232,6,1/1,remined,0,1,,,,,,,64,1,1,0000010000000000000000000000000000000000000000000000000000000000
121232,6,1/1,pinned,0,,,,,,,,64,1,,0000000000000000000000000000000000000000000000000000000000000000
121233,6,1/2,remined,1,1,1,1,1,1,0,0,64,1,1,0000011101111011111111001100011101100111111111111111111111111111
121233,6,1/2,pinned,1,4,4,4,1,1,0,0,64,1,4,0000000000000000000000000000000000000000000000010001001011111111
121233,6,2/3,remined,1,1,6,6,1,0,1,0,64,1,1,0000011000000000000001001100011101100111110000010001001010000001
121233,6,2/3,pinned,1,6,6,6,1,1,1,1,64,1,6,0000000000000000000000000000000000000000000000000000000000000001
121233,6,3/4,remined,0,1,,,,,,,64,1,1,0000011000000000000001000000000000000000000000010001001010000000
121233,6,3/4,pinned,0,,,,,,,,64,1,,0000000000000000000000000000000000000000000000000000000000000000
121233,6,4/5,remined,0,1,,,,,,,64,1,1,0000011000000000000001000000000000000000000000000000000000000000
121233,6,4/5,pinned,0,,,,,,,,64,1,,0000000000000000000000000000000000000000000000000000000000000000
121233,6,1/1,remined,0,1,,,,,,,64,1,1,0000011000000000000001000000000000000000000000000000000000000000
121233,6,1/1,pinned,0,,,,,,,,64,1,,0000000000000000000000000000000000000000000000000000000000000000
121311,6,1/2,remined,0,1,,,,,,,64,1,1,0000100101001111100110010000000010011000001001100000110100000000
121311,6,1/2,pinned,0,,,,,,,,64,1,,0000000000000000000000000000000000000000000000000000000000000000
121311,6,2/3,remined,0,1,,,,,,,64,1,1,0000100000000000000000010000000010011000000000000000000000000000
121311,6,2/3,pinned,0,,,,,,,,64,1,,0000000000000000000000000000000000000000000000000000000000000000
121311,6,3/4,remined,0,1,,,,,,,64,1,1,0000100000000000000000000000000000000000000000000000000000000000
121311,6,3/4,pinned,0,,,,,,,,64,1,,0000000000000000000000000000000000000000000000000000000000000000
121311,6,4/5,remined,0,1,,,,,,,64,1,1,0000100000000000000000000000000000000000000000000000000000000000
121311,6,4/5,pinned,0,,,,,,,,64,1,,0000000000000000000000000000000000000000000000000000000000000000
121311,6,1/1,remined,0,1,,,,,,,64,1,1,0000100000000000000000000000000000000000000000000000000000000000
121311,6,1/1,pinned,0,,,,,,,,64,1,,0000000000000000000000000000000000000000000000000000000000000000
121312,6,1/2,remined,1,1,2,2,1,1,0,0,64,1,1,0000100101011110101111010000001010010001011011110101111110101011
121312,6,1/2,pinned,1,5,5,5,1,1,0,0,64,1,5,0000000000000000000000000000000000000000000000000000000000101011
121312,6,2/3,remined,0,1,,,,,,,64,1,1,0000100000000000000000010000001010010001010000000000000000000000
121312,6,2/3,pinned,0,,,,,,,,64,1,,0000000000000000000000000000000000000000000000000000000000000000
121312,6,3/4,remined,0,1,,,,,,,64,1,1,0000100000000000000000000000000000000000000000000000000000000000
121312,6,3/4,pinned,0,,,,,,,,64,1,,0000000000000000000000000000000000000000000000000000000000000000
121312,6,4/5,remined,0,1,,,,,,,64,1,1,0000100000000000000000000000000000000000000000000000000000000000
121312,6,4/5,pinned,0,,,,,,,,64,1,,0000000000000000000000000000000000000000000000000000000000000000
121312,6,1/1,remined,0,1,,,,,,,64,1,1,0000100000000000000000000000000000000000000000000000000000000000
121312,6,1/1,pinned,0,,,,,,,,64,1,,0000000000000000000000000000000000000000000000000000000000000000
121313,6,1/2,remined,1,1,1,1,1,1,0,0,64,1,1,0000101101011111101111010100001010111101011011110101111110101011
121313,6,1/2,pinned,1,4,4,4,1,1,0,0,64,1,4,0000000000000000000000000000000000000000000000100000010100101011
121313,6,2/3,remined,0,1,,,,,,,64,1,1,0000101000000000000010010100001010111101010000100000010100000000
121313,6,2/3,pinned,0,,,,,,,,64,1,,0000000000000000000000000000000000000000000000000000000000000000
121313,6,3/4,remined,0,1,,,,,,,64,1,1,0000101000000000000010000000000000000000000000100000010100000000
121313,6,3/4,pinned,0,,,,,,,,64,1,,0000000000000000000000000000000000000000000000000000000000000000
121313,6,4/5,remined,0,1,,,,,,,64,1,1,0000101000000000000010000000000000000000000000000000000000000000
121313,6,4/5,pinned,0,,,,,,,,64,1,,0000000000000000000000000000000000000000000000000000000000000000
121313,6,1/1,remined,0,1,,,,,,,64,1,1,0000101000000000000010000000000000000000000000000000000000000000
121313,6,1/1,pinned,0,,,,,,,,64,1,,0000000000000000000000000000000000000000000000000000000000000000
121321,6,1/2,remined,1,1,2,2,1,1,0,0,64,1,1,0000100101101101110111010000010010001010011101111001111111001011
121321,6,1/2,pinned,1,5,5,5,1,1,0,0,64,1,5,0000000000000000000000000000000000000000000000000000000001001011
121321,6,2/3,remined,0,1,,,,,,,64,1,1,0000100000000000000000010000010010001010010000000000000000000000
121321,6,2/3,pinned,0,,,,,,,,64,1,,0000000000000000000000000000000000000000000000000000000000000000
121321,6,3/4,remined,0,1,,,,,,,64,1,1,0000100000000000000000000000000000000000000000000000000000000000
121321,6,3/4,pinned,0,,,,,,,,64,1,,0000000000000000000000000000000000000000000000000000000000000000
121321,6,4/5,remined,0,1,,,,,,,64,1,1,0000100000000000000000000000000000000000000000000000000000000000
121321,6,4/5,pinned,0,,,,,,,,64,1,,0000000000000000000000000000000000000000000000000000000000000000
121321,6,1/1,remined,0,1,,,,,,,64,1,1,0000100000000000000000000000000000000000000000000000000000000000
121321,6,1/1,pinned,0,,,,,,,,64,1,,0000000000000000000000000000000000000000000000000000000000000000
121322,6,1/2,remined,1,1,2,1,0,1,0,0,64,1,1,0000100101111100111110010000011010000011001111101111110011100101
121322,6,1/2,pinned,1,5,5,5,1,1,0,0,64,1,5,0000000000000000000000000000000000000000000000000000000001100101
121322,6,2/3,remined,0,1,,,,,,,64,1,1,0000100000000000000000010000011010000011000000000000000000000000
121322,6,2/3,pinned,0,,,,,,,,64,1,,0000000000000000000000000000000000000000000000000000000000000000
121322,6,3/4,remined,0,1,,,,,,,64,1,1,0000100000000000000000000000000000000000000000000000000000000000
121322,6,3/4,pinned,0,,,,,,,,64,1,,0000000000000000000000000000000000000000000000000000000000000000
121322,6,4/5,remined,0,1,,,,,,,64,1,1,0000100000000000000000000000000000000000000000000000000000000000
121322,6,4/5,pinned,0,,,,,,,,64,1,,0000000000000000000000000000000000000000000000000000000000000000
121322,6,1/1,remined,0,1,,,,,,,64,1,1,0000100000000000000000000000000000000000000000000000000000000000
121322,6,1/1,pinned,0,,,,,,,,64,1,,0000000000000000000000000000000000000000000000000000000000000000
121323,6,1/2,remined,1,1,1,1,1,1,0,0,64,1,1,0000101101111101111111010100011110101011111111111111111111111111
121323,6,1/2,pinned,1,4,4,4,1,1,0,0,64,1,4,0000000000000000000000000000000000000000000000100001010011111111
121323,6,2/3,remined,1,1,6,6,1,0,1,0,64,1,1,0000101000000000000010010100011110101011110000100001010010000001
121323,6,2/3,pinned,1,6,6,6,1,1,1,1,64,1,6,0000000000000000000000000000000000000000000000000000000000000001
121323,6,3/4,remined,0,1,,,,,,,64,1,1,0000101000000000000010000000000000000000000000100001010010000000
121323,6,3/4,pinned,0,,,,,,,,64,1,,0000000000000000000000000000000000000000000000000000000000000000
121323,6,4/5,remined,0,1,,,,,,,64,1,1,0000101000000000000010000000000000000000000000000000000000000000
121323,6,4/5,pinned,0,,,,,,,,64,1,,0000000000000000000000000000000000000000000000000000000000000000
121323,6,1/1,remined,0,1,,,,,,,64,1,1,0000101000000000000010000000000000000000000000000000000000000000
121323,6,1/1,pinned,0,,,,,,,,64,1,,0000000000000000000000000000000000000000000000000000000000000000
121331,6,1/2,remined,1,1,1,1,1,1,0,0,64,1,1,0000110101101111110111011000010011011110011101111001111111001011
121331,6,1/2,pinned,1,4,4,4,1,1,0,0,64,1,4,0000000000000000000000000000000000000000000001000000100101001011
121331,6,2/3,remined,0,1,,,,,,,64,1,1,0000110000000000000100011000010011011110010001000000100100000000
121331,6,2/3,pinned,0,,,,,,,,64,1,,0000000000000000000000000000000000000000000000000000000000000000
121331,6,3/4,remined,0,1,,,,,,,64,1,1,0000110000000000000100000000000000000000000001000000100100000000
121331,6,3/4,pinned,0,,,,,,,,64,1,,0000000000000000000000000000000000000000000000000000000000000000
121331,6,4/5,remined,0,1,,,,,,,64,1,1,0000110000000000000100000000000000000000000000000000000000000000
121331,6,4/5,pinned,0,,,,,,,,64,1,,0000000000000000000000000000000000000000000000000000000000000000
121331,6,1/1,remined,0,1,,,,,,,64,1,1,0000110000000000000100000000000000000000000000000000000000000000
121331,6,1/1,pinned,0,,,,,,,,64,1,,0000000000000000000000000000000000000000000000000000000000000000
121332,6,1/2,remined,1,1,1,1,1,1,0,0,64,1,1,0000110101111110111111011000011111010011111111111111111111111111
121332,6,1/2,pinned,1,4,4,4,1,1,0,0,64,1,4,0000000000000000000000000000000000000000000001000001100011111111
121332,6,2/3,remined,1,1,6,6,1,0,1,0,64,1,1,0000110000000000000100011000011111010011110001000001100010000001
121332,6,2/3,pinned,1,6,6,6,1,1,1,1,64,1,6,0000000000000000000000000000000000000000000000000000000000000001
121332,6,3/4,remined,0,1,,,,,,,64,1,1,0000110000000000000100000000000000000000000001000001100010000000
121332,6,3/4,pinned,0,,,,,,,,64,1,,0000000000000000000000000000000000000000000000000000000000000000
121332,6,4/5,remined,0,1,,,,,,,64,1,1,0000110000000000000100000000000000000000000000000000000000000000
121332,6,4/5,pinned,0,,,,,,,,64,1,,0000000000000000000000000000000000000000000000000000000000000000
121332,6,1/1,remined,0,1,,,,,,,64,1,1,0000110000000000000100000000000000000000000000000000000000000000
121332,6,1/1,pinned,0,,,,,,,,64,1,,0000000000000000000000000000000000000000000000000000000000000000
121333,6,1/2,remined,1,1,1,1,1,1,0,0,64,1,1,0000111101111111111111011100011111111111111111111111111111111111
121333,6,1/2,pinned,1,3,3,3,1,1,0,0,64,1,3,0000000000000000000000000000000000000000010001110001111111111111
121333,6,2/3,remined,1,1,1,1,1,1,0,0,64,1,1,0000111000000000000111011100011111111111110001110001111110001011
121333,6,2/3,pinned,1,5,5,5,1,1,0,0,64,1,5,0000000000000000000000000000000000000000000000000000000000001011
121333,6,3/4,remined,0,1,,,,,,,64,1,1,0000111000000000000111000000000000000000010001110001111110001010
121333,6,3/4,pinned,0,,,,,,,,64,1,,0000000000000000000000000000000000000000000000000000000000000000
121333,6,4/5,remined,0,1,,,,,,,64,1,1,0000111000000000000111000000000000000000010000000000000000001010
121333,6,4/5,pinned,0,,,,,,,,64,1,,0000000000000000000000000000000000000000000000000000000000000000
121333,6,1/1,remined,0,1,,,,,,,64,1,1,0000111000000000000111000000000000000000010000000000000000000000
121333,6,1/1,pinned,0,,,,,,,,64,1,,0000000000000000000000000000000000000000000000000000000000000000
122111,6,1/2,remined,0,2,,,,,,,64,1,2,0000000110000111111000000000000000000000001110000000111000000000
122111,6,1/2,pinned,0,,,,,,,,64,1,,0000000000000000000000000000000000000000000000000000000000000000
122111,6,2/3,remined,0,,,,,,,,64,1,,0000000000000000000000000000000000000000000000000000000000000000
122111,6,2/3,pinned,0,,,,,,,,64,1,,0000000000000000000000000000000000000000000000000000000000000000
122111,6,3/4,remined,0,,,,,,,,64,1,,0000000000000000000000000000000000000000000000000000000000000000
122111,6,3/4,pinned,0,,,,,,,,64,1,,0000000000000000000000000000000000000000000000000000000000000000
122111,6,4/5,remined,0,,,,,,,,64,1,,0000000000000000000000000000000000000000000000000000000000000000
122111,6,4/5,pinned,0,,,,,,,,64,1,,0000000000000000000000000000000000000000000000000000000000000000
122111,6,1/1,remined,0,,,,,,,,64,1,,0000000000000000000000000000000000000000000000000000000000000000
122111,6,1/1,pinned,0,,,,,,,,64,1,,0000000000000000000000000000000000000000000000000000000000000000
122112,6,1/2,remined,1,2,6,6,1,0,1,0,64,1,2,0000000110010110110011000000000000000000001100110110100110000001
122112,6,1/2,pinned,1,6,6,6,1,1,1,1,64,1,6,0000000000000000000000000000000000000000000000000000000000000001
122112,6,2/3,remined,0,,,,,,,,64,1,,0000000000000000000000000000000000000000000000000000000000000000
122112,6,2/3,pinned,0,,,,,,,,64,1,,0000000000000000000000000000000000000000000000000000000000000000
122112,6,3/4,remined,0,,,,,,,,64,1,,0000000000000000000000000000000000000000000000000000000000000000
122112,6,3/4,pinned,0,,,,,,,,64,1,,0000000000000000000000000000000000000000000000000000000000000000
122112,6,4/5,remined,0,,,,,,,,64,1,,0000000000000000000000000000000000000000000000000000000000000000
122112,6,4/5,pinned,0,,,,,,,,64,1,,0000000000000000000000000000000000000000000000000000000000000000
122112,6,1/1,remined,0,,,,,,,,64,1,,0000000000000000000000000000000000000000000000000000000000000000
122112,6,1/1,pinned,0,,,,,,,,64,1,,0000000000000000000000000000000000000000000000000000000000000000
122113,6,1/2,remined,1,1,2,1,0,1,0,0,64,1,1,0000001110010111111011000100100000001101101110110110111110110011
122113,6,1/2,pinned,1,5,5,5,1,1,0,0,64,1,5,0000000000000000000000000000000000000000000000000000000000110011
122113,6,2/3,remined,0,1,,,,,,,64,1,1,0000001000000000000000000100100000001101100000000000000000000000
122113,6,2/3,pinned,0,,,,,,,,64,1,,0000000000000000000000000000000000000000000000000000000000000000
122113,6,3/4,remined,0,1,,,,,,,64,1,1,0000001000000000000000000000000000000000000000000000000000000000
122113,6,3/4,pinned,0,,,,,,,,64,1,,0000000000000000000000000000000000000000000000000000000000000000
122113,6,4/5,remined,0,1,,,,,,,64,1,1,0000001000000000000000000000000000000000000000000000000000000000
122113,6,4/5,pinned,0,,,,,,,,64,1,,0000000000000000000000000000000000000000000000000000000000000000
122113,6,1/1,remined,0,1,,,,,,,64,1,1,0000001000000000000000000000000000000000000000000000000000000000
122113,6,1/1,pinned,0,,,,,,,,64,1,,0000000000000000000000000000000000000000000000000000000000000000
122121,6,1/2,remined,1,2,6,6,1,0,1,0,64,1,2,0000000110100101101101000000000000000000001011011010010110000001
122121,6,1/2,pinned,1,6,6,6,1,1,1,1,64,1,6,0000000000000000000000000000000000000000000000000000000000000001
122121,6,2/3,remined,0,,,,,,,,64,1,,0000000000000000000000000000000000000000000000000000000000000000
122121,6,2/3,pinned,0,,,,,,,,64,1,,0000000000000000000000000000000000000000000000000000000000000000
122121,6,3/4,remined,0,,,,,,,,64,1,,0000000000000000000000000000000000000000000000000000000000000000
122121,6,3/4,pinned,0,,,,,,,,64,1,,0000000000000000000000000000000000000000000000000000000000000000
122121,6,4/5,remined,0,,,,,,,,64,1,,0000000000000000000000000000000000000000000000000000000000000000
122121,6,4/5,pinned,0,,,,,,,,64,1,,0000000000000000000000000000000000000000000000000000000000000000
122121,6,1/1,remined,0,,,,,,,,64,1,,0000000000000000000000000000000000000000000000000000000000000000
122121,6,1/1,pinned,0,,,,,,,,64,1,,0000000000000000000000000000000000000000000000000000000000000000
122122,6,1/2,remined,0,2,,,,,,,64,1,2,0000000110110100100110000000000000000000001001101101000000000000
122122,6,1/2,pinned,0,,,,,,,,64,1,,0000000000000000000000000000000000000000000000000000000000000000
122122,6,2/3,remined,0,,,,,,,,64,1,,0000000000000000000000000000000000000000000000000000000000000000
122122,6,2/3,pinned,0,,,,,,,,64,1,,0000000000000000000000000000000000000000000000000000000000000000
122122,6,3/4,remined,0,,,,,,,,64,1,,0000000000000000000000000000000000000000000000000000000000000000
122122,6,3/4,pinned,0,,,,,,,,64,1,,0000000000000000000000000000000000000000000000000000000000000000
122122,6,4/5,remined,0,,,,,,,,64,1,,0000000000000000000000000000000000000000000000000000000000000000
122122,6,4/5,pinned,0,,,,,,,,64,1,,0000000000000000000000000000000000000000000000000000000000000000
122122,6,1/1,remined,0,,,,,,,,64,1,,0000000000000000000000000000000000000000000000000000000000000000
122122,6,1/1,pinned,0,,,,,,,,64,1,,0000000000000000000000000000000000000000000000000000000000000000
122123,6,1/2,remined,1,1,2,1,0,1,0,0,64,1,1,0000001110110101101111000100100100001001011011111111010110101101
122123,6,1/2,pinned,1,5,5,5,1,1,0,0,64,1,5,0000000000000000000000000000000000000000000000000000000000101101
122123,6,2/3,remined,0,1,,,,,,,64,1,1,0000001000000000000000000100100100001001010000000000000000000000
122123,6,2/3,pinned,0,,,,,,,,64,1,,0000000000000000000000000000000000000000000000000000000000000000
122123,6,3/4,remined,0,1,,,,,,,64,1,1,0000001000000000000000000000000000000000000000000000000000000000
122123,6,3/4,pinned,0,,,,,,,,64,1,,0000000000000000000000000000000000000000000000000000000000000000
122123,6,4/5,remined,0,1,,,,,,,64,1,1,0000001000000000000000000000000000000000000000000000000000000000
122123,6,4/5,pinned,0,,,,,,,,64,1,,0000000000000000000000000000000000000000000000000000000000000000
122123,6,1/1,remined,0,1,,,,,,,64,1,1,0000001000000000000000000000000000000000000000000000000000000000
122123,6,1/1,pinned,0,,,,,,,,64,1,,0000000000000000000000000000000000000000000000000000000000000000
122131,6,1/2,remined,1,1,2,2,1,1,0,0,64,1,1,0000010110100111111101001001000000010110101111011010111111010011
122131,6,1/2,pinned,1,5,5,5,1,1,0,0,64,1,5,0000000000000000000000000000000000000000000000000000000001010011
122131,6,2/3,remined,0,1,,,,,,,64,1,1,0000010000000000000000001001000000010110100000000000000000000000
122131,6,2/3,pinned,0,,,,,,,,64,1,,0000000000000000000000000000000000000000000000000000000000000000
122131,6,3/4,remined,0,1,,,,,,,64,1,1,0000010000000000000000000000000000000000000000000000000000000000
122131,6,3/4,pinned,0,,,,,,,,64,1,,0000000000000000000000000000000000000000000000000000000000000000
122131,6,4/5,remined,0,1,,,,,,,64,1,1,0000010000000000000000000000000000000000000000000000000000000000
122131,6,4/5,pinned,0,,,,,,,,64,1,,0000000000000000000000000000000000000000000000000000000000000000
122131,6,1/1,remined,0,1,,,,,,,64,1,1,0000010000000000000000000000000000000000000000000000000000000000
122131,6,1/1,pinned,0,,,,,,,,64,1,,0000000000000000000000000000000000000000000000000000000000000000
122132,6,1/2,remined,1,1,2,2,1,1,0,0,64,1,1,0000010110110110110111001001000100010010011101111111100111001101
122132,6,1/2,pinned,1,5,5,5,1,1,0,0,64,1,5,0000000000000000000000000000000000000000000000000000000001001101
122132,6,2/3,remined,0,1,,,,,,,64,1,1,0000010000000000000000001001000100010010010000000000000000000000
122132,6,2/3,pinned,0,,,,,,,,64,1,,0000000000000000000000000000000000000000000000000000000000000000
122132,6,3/4,remined,0,1,,,,,,,64,1,1,0000010000000000000000000000000000000000000000000000000000000000
122132,6,3/4,pinned,0,,,,,,,,64,1,,0000000000000000000000000000000000000000000000000000000000000000
122132,6,4/5,remined,0,1,,,,,,,64,1,1,0000010000000000000000000000000000000000000000000000000000000000
122132,6,4/5,pinned,0,,,,,,,,64,1,,0000000000000000000000000000000000000000000000000000000000000000
122132,6,1/1,remined,0,1,,,,,,,64,1,1,0000010000000000000000000000000000000000000000000000000000000000
122132,6,1/1,pinned,0,,,,,,,,64,1,,0000000000000000000000000000000000000000000000000000000000000000
122133,6,1/2,remined,1,1,1,1,1,1,0,0,64,1,1,0000011110110111111111001101100100011111111111111111111111111111
122133,6,1/2,pinned,1,4,4,4,1,1,0,0,64,1,4,0000000000000000000000000000000000000000000000010010000111111111
122133,6,2/3,remined,1,1,6,6,1,0,1,0,64,1,1,0000011000000000000001001101100100011111110000010010000110000001
122133,6,2/3,pinned,1,6,6,6,1,1,1,1,64,1,6,0000000000000000000000000000000000000000000000000000000000000001
122133,6,3/4,remined,0,1,,,,,,,64,1,1,0000011000000000000001000000000000000000000000010010000110000000
122133,6,3/4,pinned,0,,,,,,,,64,1,,0000000000000000000000000000000000000000000000000000000000000000
122133,6,4/5,remined,0,1,,,,,,,64,1,1,0000011000000000000001000000000000000000000000000000000000000000
122133,6,4/5,pinned,0,,,,,,,,64,1,,0000000000000000000000000000000000000000000000000000000000000000
122133,6,1/1,remined,0,1,,,,,,,64,1,1,0000011000000000000001000000000000000000000000000000000000000000
122133,6,1/1,pinned,0,,,,,,,,64,1,,0000000000000000000000000000000000000000000000000000000000000000
122211,6,1/2,remined,1,2,6,6,1,0,1,0,64,1,2,0000000111000011011110000000000000000000000111101100001110000001
122211,6,1/2,pinned,1,6,6,6,1,1,1,1,64,1,6,0000000000000000000000000000000000000000000000000000000000000001
122211,6,2/3,remined,0,,,,,,,,64,1,,0000000000000000000000000000000000000000000000000000000000000000
122211,6,2/3,pinned,0,,,,,,,,64,1,,0000000000000000000000000000000000000000000000000000000000000000
122211,6,3/4,remined,0,,,,,,,,64,1,,0000000000000000000000000000000000000000000000000000000000000000
122211,6,3/4,pinned,0,,,,,,,,64,1,,0000000000000000000000000000000000000000000000000000000000000000
122211,6,4/5,remined,0,,,,,,,,64,1,,0000000000000000000000000000000000000000000000000000000000000000
122211,6,4/5,pinned,0,,,,,,,,64,1,,0000000000000000000000000000000000000000000000000000000000000000
122211,6,1/1,remined,0,,,,,,,,64,1,,0000000000000000000000000000000000000000000000000000000000000000
122211,6,1/1,pinned,0,,,,,,,,64,1,,0000000000000000000000000000000000000000000000000000000000000000
122212,6,1/2,remined,0,2,,,,,,,64,1,2,0000000111010010010101000000000000000000000101011011000000000000
122212,6,1/2,pinned,0,,,,,,,,64,1,,0000000000000000000000000000000000000000000000000000000000000000
122212,6,2/3,remined,0,,,,,,,,64,1,,0000000000000000000000000000000000000000000000000000000000000000
122212,6,2/3,pinned,0,,,,,,,,64,1,,0000000000000000000000000000000000000000000000000000000000000000
122212,6,3/4,remined,0,,,,,,,,64,1,,0000000000000000000000000000000000000000000000000000000000000000
122212,6,3/4,pinned,0,,,,,,,,64,1,,0000000000000000000000000000000000000000000000000000000000000000
122212,6,4/5,remined,0,,,,,,,,64,1,,0000000000000000000000000000000000000000000000000000000000000000
122212,6,4/5,pinned,0,,,,,,,,64,1,,0000000000000000000000000000000000000000000000000000000000000000
122212,6,1/1,remined,0,,,,,,,,64,1,,0000000000000000000000000000000000000000000000000000000000000000
122212,6,1/1,pinned,0,,,,,,,,64,1,,0000000000000000000000000000000000000000000000000000000000000000
122213,6,1/2,remined,1,1,2,2,1,1,0,0,64,1,1,0000001111010011011111000100101000000100110111111111001110011101
122213,6,1/2,pinned,1,5,5,5,1,1,0,0,64,1,5,0000000000000000000000000000000000000000000000000000000000011101
122213,6,2/3,remined,0,1,,,,,,,64,1,1,0000001000000000000000000100101000000100110000000000000000000000
122213,6,2/3,pinned,0,,,,,,,,64,1,,0000000000000000000000000000000000000000000000000000000000000000
122213,6,3/4,remined,0,1,,,,,,,64,1,1,0000001000000000000000000000000000000000000000000000000000000000
122213,6,3/4,pinned,0,,,,,,,,64,1,,0000000000000000000000000000000000000000000000000000000000000000
122213,6,4/5,remined,0,1,,,,,,,64,1,1,0000001000000000000000000000000000000000000000000000000000000000
122213,6,4/5,pinned,0,,,,,,,,64,1,,0000000000000000000000000000000000000000000000000000000000000000
122213,6,1/1,remined,0,1,,,,,,,64,1,1,0000001000000000000000000000000000000000000000000000000000000000
122213,6,1/1,pinned,0,,,,,,,,64,1,,0000000000000000000000000000000000000000000000000000000000000000
122221,6,1/2,remined,0,2,,,,,,,64,1,2,0000000111100001001011000000000000000000000010110111000000000000
122221,6,1/2,pinned,0,,,,,,,,64,1,,0000000000000000000000000000000000000000000000000000000000000000
122221,6,2/3,remined,0,,,,,,,,64,1,,0000000000000000000000000000000000000000000000000000000000000000
122221,6,2/3,pinned,0,,,,,,,,64,1,,0000000000000000000000000000000000000000000000000000000000000000
122221,6,3/4,remined,0,,,,,,,,64,1,,0000000000000000000000000000000000000000000000000000000000000000
122221,6,3/4,pinned,0,,,,,,,,64,1,,0000000000000000000000000000000000000000000000000000000000000000
122221,6,4/5,remined,0,,,,,,,,64,1,,0000000000000000000000000000000000000000000000000000000000000000
122221,6,4/5,pinned,0,,,,,,,,64,1,,0000000000000000000000000000000000000000000000000000000000000000
122221,6,1/1,remined,0,,,,,,,,64,1,,0000000000000000000000000000000000000000000000000000000000000000
122221,6,1/1,pinned,0,,,,,,,,64,1,,0000000000000000000000000000000000000000000000000000000000000000
122222,6,1/2,remined,0,2,,,,,,,64,1,2,0000000111110000000000000000000000000000000000000000000000000000
122222,6,1/2,pinned,0,,,,,,,,64,1,,0000000000000000000000000000000000000000000000000000000000000000
122222,6,2/3,remined,0,,,,,,,,64,1,,0000000000000000000000000000000000000000000000000000000000000000
122222,6,2/3,pinned,0,,,,,,,,64,1,,0000000000000000000000000000000000000000000000000000000000000000
122222,6,3/4,remined,0,,,,,,,,64,1,,0000000000000000000000000000000000000000000000000000000000000000
122222,6,3/4,pinned,0,,,,,,,,64,1,,0000000000000000000000000000000000000000000000000000000000000000
122222,6,4/5,remined,0,,,,,,,,64,1,,0000000000000000000000000000000000000000000000000000000000000000
122222,6,4/5,pinned,0,,,,,,,,64,1,,0000000000000000000000000000000000000000000000000000000000000000
122222,6,1/1,remined,0,,,,,,,,64,1,,0000000000000000000000000000000000000000000000000000000000000000
122222,6,1/1,pinned,0,,,,,,,,64,1,,0000000000000000000000000000000000000000000000000000000000000000
122223,6,1/2,remined,0,1,,,,,,,64,1,1,0000001111110001001011000100101100000000000010110111000000000000
122223,6,1/2,pinned,0,,,,,,,,64,1,,0000000000000000000000000000000000000000000000000000000000000000
122223,6,2/3,remined,0,1,,,,,,,64,1,1,0000001000000000000000000100101100000000000000000000000000000000
122223,6,2/3,pinned,0,,,,,,,,64,1,,0000000000000000000000000000000000000000000000000000000000000000
122223,6,3/4,remined,0,1,,,,,,,64,1,1,0000001000000000000000000000000000000000000000000000000000000000
122223,6,3/4,pinned,0,,,,,,,,64,1,,0000000000000000000000000000000000000000000000000000000000000000
122223,6,4/5,remined,0,1,,,,,,,64,1,1,0000001000000000000000000000000000000000000000000000000000000000
122223,6,4/5,pinned,0,,,,,,,,64,1,,0000000000000000000000000000000000000000000000000000000000000000
122223,6,1/1,remined,0,1,,,,,,,64,1,1,0000001000000000000000000000000000000000000000000000000000000000
122223,6,1/1,pinned,0,,,,,,,,64,1,,0000000000000000000000000000000000000000000000000000000000000000
122231,6,1/2,remined,1,1,3,1,0,1,0,0,64,1,1,0000010111100011011111001001010000000100110111111111001110011101
122231,6,1/2,pinned,1,5,5,5,1,1,0,0,64,1,5,0000000000000000000000000000000000000000000000000000000000011101
122231,6,2/3,remined,0,1,,,,,,,64,1,1,0000010000000000000000001001010000000100110000000000000000000000
122231,6,2/3,pinned,0,,,,,,,,64,1,,0000000000000000000000000000000000000000000000000000000000000000
122231,6,3/4,remined,0,1,,,,,,,64,1,1,0000010000000000000000000000000000000000000000000000000000000000
122231,6,3/4,pinned,0,,,,,,,,64,1,,0000000000000000000000000000000000000000000000000000000000000000
122231,6,4/5,remined,0,1,,,,,,,64,1,1,0000010000000000000000000000000000000000000000000000000000000000
122231,6,4/5,pinned,0,,,,,,,,64,1,,0000000000000000000000000000000000000000000000000000000000000000
122231,6,1/1,remined,0,1,,,,,,,64,1,1,0000010000000000000000000000000000000000000000000000000000000000
122231,6,1/1,pinned,0,,,,,,,,64,1,,0000000000000000000000000000000000000000000000000000000000000000
122232,6,1/2,remined,0,1,,,,,,,64,1,1,0000010111110010010101001001010100000000000101011011000000000000
122232,6,1/2,pinned,0,,,,,,,,64,1,,0000000000000000000000000000000000000000000000000000000000000000
122232,6,2/3,remined,0,1,,,,,,,64,1,1,0000010000000000000000001001010100000000000000000000000000000000
122232,6,2/3,pinned,0,,,,,,,,64,1,,0000000000000000000000000000000000000000000000000000000000000000
122232,6,3/4,remined,0,1,,,,,,,64,1,1,0000010000000000000000000000000000000000000000000000000000000000
122232,6,3/4,pinned,0,,,,,,,,64,1,,0000000000000000000000000000000000000000000000000000000000000000
122232,6,4/5,remined,0,1,,,,,,,64,1,1,0000010000000000000000000000000000000000000000000000000000000000
122232,6,4/5,pinned,0,,,,,,,,64,1,,0000000000000000000000000000000000000000000000000000000000000000
122232,6,1/1,remined,0,1,,,,,,,64,1,1,0000010000000000000000000000000000000000000000000000000000000000
122232,6,1/1,pinned,0,,,,,,,,64,1,,0000000000000000000000000000000000000000000000000000000000000000
122233,6,1/2,remined,1,1,2,1,0,1,0,0,64,1,1,0000011111110011011111001101111100000100110111111111001110011101
122233,6,1/2,pinned,1,4,4,4,1,1,0,0,64,1,4,0000000000000000000000000000000000000000000000010011000000011101
122233,6,2/3,remined,0,1,,,,,,,64,1,1,0000011000000000000001001101111100000100110000010011000000000000
122233,6,2/3,pinned,0,,,,,,,,64,1,,0000000000000000000000000000000000000000000000000000000000000000
122233,6,3/4,remined,0,1,,,,,,,64,1,1,0000011000000000000001000000000000000000000000010011000000000000
122233,6,3/4,pinned,0,,,,,,,,64,1,,0000000000000000000000000000000000000000000000000000000000000000
122233,6,4/5,remined,0,1,,,,,,,64,1,1,0000011000000000000001000000000000000000000000000000000000000000
122233,6,4/5,pinned,0,,,,,,,,64,1,,0000000000000000000000000000000000000000000000000000000000000000
122233,6,1/1,remined,0,1,,,,,,,64,1,1,0000011000000000000001000000000000000000000000000000000000000000
122233,6,1/1,pinned,0,,,,,,,,64,1,,0000000000000000000000000000000000000000000000000000000000000000
122311,6,1/2,remined,1,1,2,1,0,1,0,0,64,1,1,0000100111000111111110010010000000011011001111101100111111100011
122311,6,1/2,pinned,1,5,5,5,1,1,0,0,64,1,5,0000000000000000000000000000000000000000000000000000000001100011
122311,6,2/3,remined,0,1,,,,,,,64,1,1,0000100000000000000000010010000000011011000000000000000000000000
122311,6,2/3,pinned,0,,,,,,,,64,1,,0000000000000000000000000000000000000000000000000000000000000000
122311,6,3/4,remined,0,1,,,,,,,64,1,1,0000100000000000000000000000000000000000000000000000000000000000
122311,6,3/4,pinned,0,,,,,,,,64,1,,0000000000000000000000000000000000000000000000000000000000000000
122311,6,4/5,remined,0,1,,,,,,,64,1,1,0000100000000000000000000000000000000000000000000000000000000000
122311,6,4/5,pinned,0,,,,,,,,64,1,,0000000000000000000000000000000000000000000000000000000000000000
122311,6,1/1,remined,0,1,,,,,,,64,1,1,0000100000000000000000000000000000000000000000000000000000000000
122311,6,1/1,pinned,0,,,,,,,,64,1,,0000000000000000000000000000000000000000000000000000000000000000
122312,6,1/2,remined,1,1,2,1,0,1,0,0,64,1,1,0000100111010110110111010010001000010010011101111111100111001101
122312,6,1/2,pinned,1,5,5,5,1,1,0,0,64,1,5,0000000000000000000000000000000000000000000000000000000001001101
122312,6,2/3,remined,0,1,,,,,,,64,1,1,0000100000000000000000010010001000010010010000000000000000000000
122312,6,2/3,pinned,0,,,,,,,,64,1,,0000000000000000000000000000000000000000000000000000000000000000
122312,6,3/4,remined,0,1,,,,,,,64,1,1,0000100000000000000000000000000000000000000000000000000000000000
122312,6,3/4,pinned,0,,,,,,,,64,1,,0000000000000000000000000000000000000000000000000000000000000000
122312,6,4/5,remined,0,1,,,,,,,64,1,1,0000100000000000000000000000000000000000000000000000000000000000
122312,6,4/5,pinned,0,,,,,,,,64,1,,0000000000000000000000000000000000000000000000000000000000000000
122312,6,1/1,remined,0,1,,,,,,,64,1,1,0000100000000000000000000000000000000000000000000000000000000000
122312,6,1/1,pinned,0,,,,,,,,64,1,,0000000000000000000000000000000000000000000000000000000000000000
122313,6,1/2,remined,1,1,1,1,1,1,0,0,64,1,1,0000101111010111111111010110101000011111111111111111111111111111
122313,6,1/2,pinned,1,4,4,4,1,1,0,0,64,1,4,0000000000000000000000000000000000000000000000100100000111111111
122313,6,2/3,remined,1,1,6,6,1,0,1,0,64,1,1,0000101000000000000010010110101000011111110000100100000110000001
122313,6,2/3,pinned,1,6,6,6,1,1,1,1,64,1,6,0000000000000000000000000000000000000000000000000000000000000001
122313,6,3/4,remined,0,1,,,,,,,64,1,1,0000101000000000000010000000000000000000000000100100000110000000
122313,6,3/4,pinned,0,,,,,,,,64,1,,0000000000000000000000000000000000000000000000000000000000000000
122313,6,4/5,remined,0,1,,,,,,,64,1,1,0000101000000000000010000000000000000000000000000000000000000000
122313,6,4/5,pinned,0,,,,,,,,64,1,,0000000000000000000000000000000000000000000000000000000000000000
122313,6,1/1,remined,0,1,,,,,,,64,1,1,0000101000000000000010000000000000000000000000000000000000000000
122313,6,1/1,pinned,0,,,,,,,,64,1,,0000000000000000000000000000000000000000000000000000000000000000
122321,6,1/2,remined,1,1,3,1,0,1,0,0,64,1,1,0000100111100101101111010010010000001001011011111111010110101101
122321,6,1/2,pinned,1,5,5,5,1,1,0,0,64,1,5,0000000000000000000000000000000000000000000000000000000000101101
122321,6,2/3,remined,0,1,,,,,,,64,1,1,0000100000000000000000010010010000001001010000000000000000000000
122321,6,2/3,pinned,0,,,,,,,,64,1,,0000000000000000000000000000000000000000000000000000000000000000
122321,6,3/4,remined,0,1,,,,,,,64,1,1,0000100000000000000000000000000000000000000000000000000000000000
122321,6,3/4,pinned,0,,,,,,,,64,1,,0000000000000000000000000000000000000000000000000000000000000000
122321,6,4/5,remined,0,1,,,,,,,64,1,1,0000100000000000000000000000000000000000000000000000000000000000
122321,6,4/5,pinned,0,,,,,,,,64,1,,0000000000000000000000000000000000000000000000000000000000000000
122321,6,1/1,remined,0,1,,,,,,,64,1,1,0000100000000000000000000000000000000000000000000000000000000000
122321,6,1/1,pinned,0,,,,,,,,64,1,,0000000000000000000000000000000000000000000000000000000000000000
122322,6,1/2,remined,0,1,,,,,,,64,1,1,0000100111110100100110010010011000000000001001101101000000000000
122322,6,1/2,pinned,0,,,,,,,,64,1,,0000000000000000000000000000000000000000000000000000000000000000
122322,6,2/3,remined,0,1,,,,,,,64,1,1,0000100000000000000000010010011000000000000000000000000000000000
122322,6,2/3,pinned,0,,,,,,,,64,1,,0000000000000000000000000000000000000000000000000000000000000000
122322,6,3/4,remined,0,1,,,,,,,64,1,1,0000100000000000000000000000000000000000000000000000000000000000
122322,6,3/4,pinned,0,,,,,,,,64,1,,0000000000000000000000000000000000000000000000000000000000000000
122322,6,4/5,remined,0,1,,,,,,,64,1,1,0000100000000000000000000000000000000000000000000000000000000000
122322,6,4/5,pinned,0,,,,,,,,64,1,,0000000000000000000000000000000000000000000000000000000000000000
122322,6,1/1,remined,0,1,,,,,,,64,1,1,0000100000000000000000000000000000000000000000000000000000000000
122322,6,1/1,pinned,0,,,,,,,,64,1,,0000000000000000000000000000000000000000000000000000000000000000
122323,6,1/2,remined,1,1,2,1,0,1,0,0,64,1,1,0000101111110101101111010110111100001001011011111111010110101101
122323,6,1/2,pinned,1,4,4,4,1,1,0,0,64,1,4,0000000000000000000000000000000000000000000000100101000000101101
122323,6,2/3,remined,0,1,,,,,,,64,1,1,0000101000000000000010010110111100001001010000100101000000000000
122323,6,2/3,pinned,0,,,,,,,,64,1,,0000000000000000000000000000000000000000000000000000000000000000
122323,6,3/4,remined,0,1,,,,,,,64,1,1,0000101000000000000010000000000000000000000000100101000000000000
122323,6,3/4,pinned,0,,,,,,,,64,1,,0000000000000000000000000000000000000000000000000000000000000000
122323,6,4/5,remined,0,1,,,,,,,64,1,1,0000101000000000000010000000000000000000000000000000000000000000
122323,6,4/5,pinned,0,,,,,,,,64,1,,0000000000000000000000000000000000000000000000000000000000000000
122323,6,1/1,remined,0,1,,,,,,,64,1,1,0000101000000000000010000000000000000000000000000000000000000000
122323,6,1/1,pinned,0,,,,,,,,64,1,,0000000000000000000000000000000000000000000000000000000000000000
122331,6,1/2,remined,1,1,1,1,1,1,0,0,64,1,1,0000110111100111111111011011010000011111111111111111111111111111
122331,6,1/2,pinned,1,4,4,4,1,1,0,0,64,1,4,0000000000000000000000000000000000000000000001001000000111111111
122331,6,2/3,remined,1,1,6,6,1,0,1,0,64,1,1,0000110000000000000100011011010000011111110001001000000110000001
122331,6,2/3,pinned,1,6,6,6,1,1,1,1,64,1,6,0000000000000000000000000000000000000000000000000000000000000001
122331,6,3/4,remined,0,1,,,,,,,64,1,1,0000110000000000000100000000000000000000000001001000000110000000
122331,6,3/4,pinned,0,,,,,,,,64,1,,0000000000000000000000000000000000000000000000000000000000000000
122331,6,4/5,remined,0,1,,,,,,,64,1,1,0000110000000000000100000000000000000000000000000000000000000000
122331,6,4/5,pinned,0,,,,,,,,64,1,,0000000000000000000000000000000000000000000000000000000000000000
122331,6,1/1,remined,0,1,,,,,,,64,1,1,0000110000000000000100000000000000000000000000000000000000000000
122331,6,1/1,pinned,0,,,,,,,,64,1,,0000000000000000000000000000000000000000000000000000000000000000
122332,6,1/2,remined,1,1,2,2,1,1,0,0,64,1,1,0000110111110110110111011011011100010010011101111111100111001101
122332,6,1/2,pinned,1,4,4,4,1,1,0,0,64,1,4,0000000000000000000000000000000000000000000001001001000001001101
122332,6,2/3,remined,0,1,,,,,,,64,1,1,0000110000000000000100011011011100010010010001001001000000000000
122332,6,2/3,pinned,0,,,,,,,,64,1,,0000000000000000000000000000000000000000000000000000000000000000
122332,6,3/4,remined,0,1,,,,,,,64,1,1,0000110000000000000100000000000000000000000001001001000000000000
122332,6,3/4,pinned,0,,,,,,,,64,1,,0000000000000000000000000000000000000000000000000000000000000000
122332,6,4/5,remined,0,1,,,,,,,64,1,1,0000110000000000000100000000000000000000000000000000000000000000
122332,6,4/5,pinned,0,,,,,,,,64,1,,0000000000000000000000000000000000000000000000000000000000000000
122332,6,1/1,remined,0,1,,,,,,,64,1,1,0000110000000000000100000000000000000000000000000000000000000000
122332,6,1/1,pinned,0,,,,,,,,64,1,,0000000000000000000000000000000000000000000000000000000000000000
122333,6,1/2,remined,1,1,1,1,1,1,0,0,64,1,1,0000111111110111111111011111111100011111111111111111111111111111
122333,6,1/2,pinned,1,3,3,3,1,1,0,0,64,1,3,0000000000000000000000000000000000000000010001111111000111111111
122333,6,2/3,remined,1,1,3,1,0,1,0,0,64,1,1,0000111000000000000111011111111100011111110001111111000110001101
122333,6,2/3,pinned,1,5,5,5,1,1,0,0,64,1,5,0000000000000000000000000000000000000000000000000000000000001101
122333,6,3/4,remined,0,1,,,,,,,64,1,1,0000111000000000000111000000000000000000010001111111000110001100
122333,6,3/4,pinned,0,,,,,,,,64,1,,0000000000000000000000000000000000000000000000000000000000000000
122333,6,4/5,remined,0,1,,,,,,,64,1,1,0000111000000000000111000000000000000000010000000000000000001100
122333,6,4/5,pinned,0,,,,,,,,64,1,,0000000000000000000000000000000000000000000000000000000000000000
122333,6,1/1,remined,0,1,,,,,,,64,1,1,0000111000000000000111000000000000000000010000000000000000000000
122333,6,1/1,pinned,0,,,,,,,,64,1,,0000000000000000000000000000000000000000000000000000000000000000
123111,6,1/2,remined,0,1,,,,,,,64,1,1,0001000110001111111000100000000011100000001110000000111000000000
123111,6,1/2,pinned,0,,,,,,,,64,1,,0000000000000000000000000000000000000000000000000000000000000000
123111,6,2/3,remined,0,1,,,,,,,64,1,1,0001000000000000000000100000000011100000000000000000000000000000
123111,6,2/3,pinned,0,,,,,,,,64,1,,0000000000000000000000000000000000000000000000000000000000000000
123111,6,3/4,remined,0,1,,,,,,,64,1,1,0001000000000000000000000000000000000000000000000000000000000000
123111,6,3/4,pinned,0,,,,,,,,64,1,,0000000000000000000000000000000000000000000000000000000000000000
123111,6,4/5,remined,0,1,,,,,,,64,1,1,0001000000000000000000000000000000000000000000000000000000000000
123111,6,4/5,pinned,0,,,,,,,,64,1,,0000000000000000000000000000000000000000000000000000000000000000
123111,6,1/1,remined,0,1,,,,,,,64,1,1,0001000000000000000000000000000000000000000000000000000000000000
123111,6,1/1,pinned,0,,,,,,,,64,1,,0000000000000000000000000000000000000000000000000000000000000000
123112,6,1/2,remined,1,1,1,1,1,1,0,0,64,1,1,0001000110011110111011100000100011000001101110110110111110110011
123112,6,1/2,pinned,1,5,5,5,1,1,0,0,64,1,5,0000000000000000000000000000000000000000000000000000000000110011
123112,6,2/3,remined,0,1,,,,,,,64,1,1,0001000000000000000000100000100011000001100000000000000000000000
123112,6,2/3,pinned,0,,,,,,,,64,1,,0000000000000000000000000000000000000000000000000000000000000000
123112,6,3/4,remined,0,1,,,,,,,64,1,1,0001000000000000000000000000000000000000000000000000000000000000
123112,6,3/4,pinned,0,,,,,,,,64,1,,0000000000000000000000000000000000000000000000000000000000000000
123112,6,4/5,remined,0,1,,,,,,,64,1,1,0001000000000000000000000000000000000000000000000000000000000000
123112,6,4/5,pinned,0,,,,,,,,64,1,,0000000000000000000000000000000000000000000000000000000000000000
123112,6,1/1,remined,0,1,,,,,,,64,1,1,0001000000000000000000000000000000000000000000000000000000000000
123112,6,1/1,pinned,0,,,,,,,,64,1,,0000000000000000000000000000000000000000000000000000000000000000
123113,6,1/2,remined,1,1,1,1,1,1,0,0,64,1,1,0001001110011111111011100100100011101101101110110110111110110011
123113,6,1/2,pinned,1,4,4,4,1,1,0,0,64,1,4,0000000000000000000000000000000000000000000010000000011000110011
123113,6,2/3,remined,0,1,,,,,,,64,1,1,0001001000000000001000100100100011101101100010000000011000000000
123113,6,2/3,pinned,0,,,,,,,,64,1,,0000000000000000000000000000000000000000000000000000000000000000
123113,6,3/4,remined,0,1,,,,,,,64,1,1,0001001000000000001000000000000000000000000010000000011000000000
123113,6,3/4,pinned,0,,,,,,,,64,1,,0000000000000000000000000000000000000000000000000000000000000000
123113,6,4/5,remined,0,1,,,,,,,64,1,1,0001001000000000001000000000000000000000000000000000000000000000
123113,6,4/5,pinned,0,,,,,,,,64,1,,0000000000000000000000000000000000000000000000000000000000000000
123113,6,1/1,remined,0,1,,,,,,,64,1,1,0001001000000000001000000000000000000000000000000000000000000000
123113,6,1/1,pinned,0,,,,,,,,64,1,,0000000000000000000000000000000000000000000000000000000000000000
123121,6,1/2,remined,1,1,1,1,1,1,0,0,64,1,1,0001000110101101111101100001000010100010101111011010111111010011
123121,6,1/2,pinned,1,5,5,5,1,1,0,0,64,1,5,0000000000000000000000000000000000000000000000000000000001010011
123121,6,2/3,remined,0,1,,,,,,,64,1,1,0001000000000000000000100001000010100010100000000000000000000000
123121,6,2/3,pinned,0,,,,,,,,64,1,,0000000000000000000000000000000000000000000000000000000000000000
123121,6,3/4,remined,0,1,,,,,,,64,1,1,0001000000000000000000000000000000000000000000000000000000000000
123121,6,3/4,pinned,0,,,,,,,,64,1,,0000000000000000000000000000000000000000000000000000000000000000
123121,6,4/5,remined,0,1,,,,,,,64,1,1,0001000000000000000000000000000000000000000000000000000000000000
123121,6,4/5,pinned,0,,,,,,,,64,1,,0000000000000000000000000000000000000000000000000000000000000000
123121,6,1/1,remined,0,1,,,,,,,64,1,1,0001000000000000000000000000000000000000000000000000000000000000
123121,6,1/1,pinned,0,,,,,,,,64,1,,0000000000000000000000000000000000000000000000000000000000000000
123122,6,1/2,remined,1,1,4,4,1,0,0,0,64,1,1,0001000110111100111110100001100010000011001111101111110011100101
123122,6,1/2,pinned,1,5,5,5,1,1,0,0,64,1,5,0000000000000000000000000000000000000000000000000000000001100101
123122,6,2/3,remined,0,1,,,,,,,64,1,1,0001000000000000000000100001100010000011000000000000000000000000
123122,6,2/3,pinned,0,,,,,,,,64,1,,0000000000000000000000000000000000000000000000000000000000000000
123122,6,3/4,remined,0,1,,,,,,,64,1,1,0001000000000000000000000000000000000000000000000000000000000000
123122,6,3/4,pinned,0,,,,,,,,64,1,,0000000000000000000000000000000000000000000000000000000000000000
123122,6,4/5,remined,0,1,,,,,,,64,1,1,0001000000000000000000000000000000000000000000000000000000000000
123122,6,4/5,pinned,0,,,,,,,,64,1,,0000000000000000000000000000000000000000000000000000000000000000
123122,6,1/1,remined,0,1,,,,,,,64,1,1,0001000000000000000000000000000000000000000000000000000000000000
123122,6,1/1,pinned,0,,,,,,,,64,1,,0000000000000000000000000000000000000000000000000000000000000000
123123,6,1/2,remined,1,1,1,1,1,1,0,0,64,1,1,0001001110111101111111100101100110101011111111111111111111111111
123123,6,1/2,pinned,1,4,4,4,1,1,0,0,64,1,4,0000000000000000000000000000000000000000000010000010010011111111
123123,6,2/3,remined,1,1,6,6,1,0,1,0,64,1,1,0001001000000000001000100101100110101011110010000010010010000001
123123,6,2/3,pinned,1,6,6,6,1,1,1,1,64,1,6,0000000000000000000000000000000000000000000000000000000000000001
123123,6,3/4,remined,0,1,,,,,,,64,1,1,0001001000000000001000000000000000000000000010000010010010000000
123123,6,3/4,pinned,0,,,,,,,,64,1,,0000000000000000000000000000000000000000000000000000000000000000
123123,6,4/5,remined,0,1,,,,,,,64,1,1,0001001000000000001000000000000000000000000000000000000000000000
123123,6,4/5,pinned,0,,,,,,,,64,1,,0000000000000000000000000000000000000000000000000000000000000000
123123,6,1/1,remined,0,1,,,,,,,64,1,1,0001001000000000001000000000000000000000000000000000000000000000
123123,6,1/1,pinned,0,,,,,,,,64,1,,0000000000000000000000000000000000000000000000000000000000000000
123131,6,1/2,remined,1,1,1,1,1,1,0,0,64,1,1,0001010110101111111101101001000011110110101111011010111111010011
123131,6,1/2,pinned,1,4,4,4,1,1,0,0,64,1,4,0000000000000000000000000000000000000000000100000000101001010011
123131,6,2/3,remined,0,1,,,,,,,64,1,1,0001010000000000010000101001000011110110100100000000101000000000
123131,6,2/3,pinned,0,,,,,,,,64,1,,0000000000000000000000000000000000000000000000000000000000000000
123131,6,3/4,remined,0,1,,,,,,,64,1,1,0001010000000000010000000000000000000000000100000000101000000000
123131,6,3/4,pinned,0,,,,,,,,64,1,,0000000000000000000000000000000000000000000000000000000000000000
123131,6,4/5,remined,0,1,,,,,,,64,1,1,0001010000000000010000000000000000000000000000000000000000000000
123131,6,4/5,pinned,0,,,,,,,,64,1,,0000000000000000000000000000000000000000000000000000000000000000
123131,6,1/1,remined,0,1,,,,,,,64,1,1,0001010000000000010000000000000000000000000000000000000000000000
123131,6,1/1,pinned,0,,,,,,,,64,1,,0000000000000000000000000000000000000000000000000000000000000000
123132,6,1/2,remined,1,1,1,1,1,1,0,0,64,1,1,0001010110111110111111101001100111010011111111111111111111111111
123132,6,1/2,pinned,1,4,4,4,1,1,0,0,64,1,4,0000000000000000000000000000000000000000000100000010100011111111
123132,6,2/3,remined,1,1,6,6,1,0,1,0,64,1,1,0001010000000000010000101001100111010011110100000010100010000001
123132,6,2/3,pinned,1,6,6,6,1,1,1,1,64,1,6,0000000000000000000000000000000000000000000000000000000000000001
123132,6,3/4,remined,0,1,,,,,,,64,1,1,0001010000000000010000000000000000000000000100000010100010000000
123132,6,3/4,pinned,0,,,,,,,,64,1,,0000000000000000000000000000000000000000000000000000000000000000
123132,6,4/5,remined,0,1,,,,,,,64,1,1,0001010000000000010000000000000000000000000000000000000000000000
123132,6,4/5,pinned,0,,,,,,,,64,1,,0000000000000000000000000000000000000000000000000000000000000000
123132,6,1/1,remined,0,1,,,,,,,64,1,1,0001010000000000010000000000000000000000000000000000000000000000
123132,6,1/1,pinned,0,,,,,,,,64,1,,0000000000000000000000000000000000000000000000000000000000000000
123133,6,1/2,remined,1,1,1,1,1,1,0,0,64,1,1,0001011110111111111111101101100111111111111111111111111111111111
123133,6,1/2,pinned,1,3,3,3,1,1,0,0,64,1,3,0000000000000000000000000000000000000000100110010010111111111111
123133,6,2/3,remined,1,1,1,1,1,1,0,0,64,1,1,0001011000000000011001101101100111111111110110010010111110010011
123133,6,2/3,pinned,1,5,5,5,1,1,0,0,64,1,5,0000000000000000000000000000000000000000000000000000000000010011
123133,6,3/4,remined,0,1,,,,,,,64,1,1,0001011000000000011001000000000000000000100110010010111110010010
123133,6,3/4,pinned,0,,,,,,,,64,1,,0000000000000000000000000000000000000000000000000000000000000000
123133,6,4/5,remined,0,1,,,,,,,64,1,1,0001011000000000011001000000000000000000100000000000000000010010
123133,6,4/5,pinned,0,,,,,,,,64,1,,0000000000000000000000000000000000000000000000000000000000000000
123133,6,1/1,remined,0,1,,,,,,,64,1,1,0001011000000000011001000000000000000000100000000000000000000000
123133,6,1/1,pinned,0,,,,,,,,64,1,,0000000000000000000000000000000000000000000000000000000000000000
123211,6,1/2,remined,1,1,2,1,0,1,0,0,64,1,1,0001000111001011111110100010000001100011001111101100111111100011
123211,6,1/2,pinned,1,5,5,5,1,1,0,0,64,1,5,0000000000000000000000000000000000000000000000000000000001100011
123211,6,2/3,remined,0,1,,,,,,,64,1,1,0001000000000000000000100010000001100011000000000000000000000000
123211,6,2/3,pinned,0,,,,,,,,64,1,,0000000000000000000000000000000000000000000000000000000000000000
123211,6,3/4,remined,0,1,,,,,,,64,1,1,0001000000000000000000000000000000000000000000000000000000000000
123211,6,3/4,pinned,0,,,,,,,,64,1,,0000000000000000000000000000000000000000000000000000000000000000
123211,6,4/5,remined,0,1,,,,,,,64,1,1,0001000000000000000000000000000000000000000000000000000000000000
123211,6,4/5,pinned,0,,,,,,,,64,1,,0000000000000000000000000000000000000000000000000000000000000000
123211,6,1/1,remined,0,1,,,,,,,64,1,1,0001000000000000000000000000000000000000000000000000000000000000
123211,6,1/1,pinned,0,,,,,,,,64,1,,0000000000000000000000000000000000000000000000000000000000000000
123212,6,1/2,remined,1,1,4,4,1,0,0,0,64,1,1,0001000111011010111101100010100001000010101111011111101011010101
123212,6,1/2,pinned,1,5,5,5,1,1,0,0,64,1,5,0000000000000000000000000000000000000000000000000000000001010101
123212,6,2/3,remined,0,1,,,,,,,64,1,1,0001000000000000000000100010100001000010100000000000000000000000
123212,6,2/3,pinned,0,,,,,,,,64,1,,0000000000000000000000000000000000000000000000000000000000000000
123212,6,3/4,remined,0,1,,,,,,,64,1,1,0001000000000000000000000000000000000000000000000000000000000000
123212,6,3/4,pinned,0,,,,,,,,64,1,,0000000000000000000000000000000000000000000000000000000000000000
123212,6,4/5,remined,0,1,,,,,,,64,1,1,0001000000000000000000000000000000000000000000000000000000000000
123212,6,4/5,pinned,0,,,,,,,,64,1,,0000000000000000000000000000000000000000000000000000000000000000
123212,6,1/1,remined,0,1,,,,,,,64,1,1,0001000000000000000000000000000000000000000000000000000000000000
123212,6,1/1,pinned,0,,,,,,,,64,1,,0000000000000000000000000000000000000000000000000000000000000000
123213,6,1/2,remined,1,1,1,1,1,1,0,0,64,1,1,0001001111011011111111100110101001100111111111111111111111111111
123213,6,1/2,pinned,1,4,4,4,1,1,0,0,64,1,4,0000000000000000000000000000000000000000000010000100001011111111
123213,6,2/3,remined,1,1,6,6,1,0,1,0,64,1,1,0001001000000000001000100110101001100111110010000100001010000001
123213,6,2/3,pinned,1,6,6,6,1,1,1,1,64,1,6,0000000000000000000000000000000000000000000000000000000000000001
123213,6,3/4,remined,0,1,,,,,,,64,1,1,0001001000000000001000000000000000000000000010000100001010000000
123213,6,3/4,pinned,0,,,,,,,,64,1,,0000000000000000000000000000000000000000000000000000000000000000
123213,6,4/5,remined,0,1,,,,,,,64,1,1,0001001000000000001000000000000000000000000000000000000000000000
123213,6,4/5,pinned,0,,,,,,,,64,1,,0000000000000000000000000000000000000000000000000000000000000000
123213,6,1/1,remined,0,1,,,,,,,64,1,1,0001001000000000001000000000000000000000000000000000000000000000
123213,6,1/1,pinned,0,,,,,,,,64,1,,0000000000000000000000000000000000000000000000000000000000000000
123221,6,1/2,remined,1,1,4,4,1,0,0,0,64,1,1,0001000111101001111011100011000000100001101110111111011010110101
123221,6,1/2,pinned,1,5,5,5,1,1,0,0,64,1,5,0000000000000000000000000000000000000000000000000000000000110101
123221,6,2/3,remined,0,1,,,,,,,64,1,1,0001000000000000000000100011000000100001100000000000000000000000
123221,6,2/3,pinned,0,,,,,,,,64,1,,0000000000000000000000000000000000000000000000000000000000000000
123221,6,3/4,remined,0,1,,,,,,,64,1,1,0001000000000000000000000000000000000000000000000000000000000000
123221,6,3/4,pinned,0,,,,,,,,64,1,,0000000000000000000000000000000000000000000000000000000000000000
123221,6,4/5,remined,0,1,,,,,,,64,1,1,0001000000000000000000000000000000000000000000000000000000000000
123221,6,4/5,pinned,0,,,,,,,,64,1,,0000000000000000000000000000000000000000000000000000000000000000
123221,6,1/1,remined,0,1,,,,,,,64,1,1,0001000000000000000000000000000000000000000000000000000000000000
123221,6,1/1,pinned,0,,,,,,,,64,1,,0000000000000000000000000000000000000000000000000000000000000000
123222,6,1/2,remined,0,1,,,,,,,64,1,1,0001000111111000111000100011100000000000001110001110000000000000
123222,6,1/2,pinned,0,,,,,,,,64,1,,0000000000000000000000000000000000000000000000000000000000000000
123222,6,2/3,remined,0,1,,,,,,,64,1,1,0001000000000000000000100011100000000000000000000000000000000000
123222,6,2/3,pinned,0,,,,,,,,64,1,,0000000000000000000000000000000000000000000000000000000000000000
123222,6,3/4,remined,0,1,,,,,,,64,1,1,0001000000000000000000000000000000000000000000000000000000000000
123222,6,3/4,pinned,0,,,,,,,,64,1,,0000000000000000000000000000000000000000000000000000000000000000
123222,6,4/5,remined,0,1,,,,,,,64,1,1,0001000000000000000000000000000000000000000000000000000000000000
123222,6,4/5,pinned,0,,,,,,,,64,1,,0000000000000000000000000000000000000000000000000000000000000000
123222,6,1/1,remined,0,1,,,,,,,64,1,1,0001000000000000000000000000000000000000000000000000000000000000
123222,6,1/1,pinned,0,,,,,,,,64,1,,0000000000000000000000000000000000000000000000000000000000000000
123223,6,1/2,remined,1,1,2,1,0,1,0,0,64,1,1,0001001111111001111011100111101100100001101110111111011010110101
123223,6,1/2,pinned,1,4,4,4,1,1,0,0,64,1,4,0000000000000000000000000000000000000000000010000110000000110101
123223,6,2/3,remined,0,1,,,,,,,64,1,1,0001001000000000001000100111101100100001100010000110000000000000
123223,6,2/3,pinned,0,,,,,,,,64,1,,0000000000000000000000000000000000000000000000000000000000000000
123223,6,3/4,remined,0,1,,,,,,,64,1,1,0001001000000000001000000000000000000000000010000110000000000000
123223,6,3/4,pinned,0,,,,,,,,64,1,,0000000000000000000000000000000000000000000000000000000000000000
123223,6,4/5,remined,0,1,,,,,,,64,1,1,0001001000000000001000000000000000000000000000000000000000000000
123223,6,4/5,pinned,0,,,,,,,,64,1,,0000000000000000000000000000000000000000000000000000000000000000
123223,6,1/1,remined,0,1,,,,,,,64,1,1,0001001000000000001000000000000000000000000000000000000000000000
123223,6,1/1,pinned,0,,,,,,,,64,1,,0000000000000000000000000000000000000000000000000000000000000000
123231,6,1/2,remined,1,1,1,1,1,1,0,0,64,1,1,0001010111101011111111101011010001100111111111111111111111111111
123231,6,1/2,pinned,1,4,4,4,1,1,0,0,64,1,4,0000000000000000000000000000000000000000000100001000001011111111
123231,6,2/3,remined,1,1,6,6,1,0,1,0,64,1,1,0001010000000000010000101011010001100111110100001000001010000001
123231,6,2/3,pinned,1,6,6,6,1,1,1,1,64,1,6,0000000000000000000000000000000000000000000000000000000000000001
123231,6,3/4,remined,0,1,,,,,,,64,1,1,0001010000000000010000000000000000000000000100001000001010000000
123231,6,3/4,pinned,0,,,,,,,,64,1,,0000000000000000000000000000000000000000000000000000000000000000
123231,6,4/5,remined,0,1,,,,,,,64,1,1,0001010000000000010000000000000000000000000000000000000000000000
123231,6,4/5,pinned,0,,,,,,,,64,1,,0000000000000000000000000000000000000000000000000000000000000000
123231,6,1/1,remined,0,1,,,,,,,64,1,1,0001010000000000010000000000000000000000000000000000000000000000
123231,6,1/1,pinned,0,,,,,,,,64,1,,0000000000000000000000000000000000000000000000000000000000000000
123232,6,1/2,remined,1,1,2,2,1,1,0,0,64,1,1,0001010111111010111101101011110101000010101111011111101011010101
123232,6,1/2,pinned,1,4,4,4,1,1,0,0,64,1,4,0000000000000000000000000000000000000000000100001010000001010101
123232,6,2/3,remined,0,1,,,,,,,64,1,1,0001010000000000010000101011110101000010100100001010000000000000
123232,6,2/3,pinned,0,,,,,,,,64,1,,0000000000000000000000000000000000000000000000000000000000000000
123232,6,3/4,remined,0,1,,,,,,,64,1,1,0001010000000000010000000000000000000000000100001010000000000000
123232,6,3/4,pinned,0,,,,,,,,64,1,,0000000000000000000000000000000000000000000000000000000000000000
123232,6,4/5,remined,0,1,,,,,,,64,1,1,0001010000000000010000000000000000000000000000000000000000000000
123232,6,4/5,pinned,0,,,,,,,,64,1,,0000000000000000000000000000000000000000000000000000000000000000
123232,6,1/1,remined,0,1,,,,,,,64,1,1,0001010000000000010000000000000000000000000000000000000000000000
123232,6,1/1,pinned,0,,,,,,,,64,1,,0000000000000000000000000000000000000000000000000000000000000000
123233,6,1/2,remined,1,1,1,1,1,1,0,0,64,1,1,0001011111111011111111101111111101100111111111111111111111111111
123233,6,1/2,pinned,1,3,3,3,1,1,0,0,64,1,3,0000000000000000000000000000000000000000100110011111001011111111
123233,6,2/3,remined,1,1,3,1,0,1,0,0,64,1,1,0001011000000000011001101111111101100111110110011111001010010101
123233,6,2/3,pinned,1,5,5,5,1,1,0,0,64,1,5,0000000000000000000000000000000000000000000000000000000000010101
123233,6,3/4,remined,0,1,,,,,,,64,1,1,0001011000000000011001000000000000000000100110011111001010010100
123233,6,3/4,pinned,0,,,,,,,,64,1,,0000000000000000000000000000000000000000000000000000000000000000
123233,6,4/5,remined,0,1,,,,,,,64,1,1,0001011000000000011001000000000000000000100000000000000000010100
123233,6,4/5,pinned,0,,,,,,,,64,1,,0000000000000000000000000000000000000000000000000000000000000000
123233,6,1/1,remined,0,1,,,,,,,64,1,1,0001011000000000011001000000000000000000100000000000000000000000
123233,6,1/1,pinned,0,,,,,,,,64,1,,0000000000000000000000000000000000000000000000000000000000000000
123311,6,1/2,remined,1,1,2,1,0,1,0,0,64,1,1,0001100111001111111110110010000011111011001111101100111111100011
123311,6,1/2,pinned,1,4,4,4,1,1,0,0,64,1,4,0000000000000000000000000000000000000000001000000000110001100011
123311,6,2/3,remined,0,1,,,,,,,64,1,1,0001100000000000100000110010000011111011001000000000110000000000
123311,6,2/3,pinned,0,,,,,,,,64,1,,0000000000000000000000000000000000000000000000000000000000000000
123311,6,3/4,remined,0,1,,,,,,,64,1,1,0001100000000000100000000000000000000000001000000000110000000000
123311,6,3/4,pinned,0,,,,,,,,64,1,,0000000000000000000000000000000000000000000000000000000000000000
123311,6,4/5,remined,0,1,,,,,,,64,1,1,0001100000000000100000000000000000000000000000000000000000000000
123311,6,4/5,pinned,0,,,,,,,,64,1,,0000000000000000000000000000000000000000000000000000000000000000
123311,6,1/1,remined,0,1,,,,,,,64,1,1,0001100000000000100000000000000000000000000000000000000000000000
123311,6,1/1,pinned,0,,,,,,,,64,1,,0000000000000000000000000000000000000000000000000000000000000000
123312,6,1/2,remined,1,1,2,2,1,1,0,0,64,1,1,0001100111011110111111110010101011010011111111111111111111111111
123312,6,1/2,pinned,1,4,4,4,1,1,0,0,64,1,4,0000000000000000000000000000000000000000001000000100100011111111
123312,6,2/3,remined,1,1,6,6,1,0,1,0,64,1,1,0001100000000000100000110010101011010011111000000100100010000001
123312,6,2/3,pinned,1,6,6,6,1,1,1,1,64,1,6,0000000000000000000000000000000000000000000000000000000000000001
123312,6,3/4,remined,0,1,,,,,,,64,1,1,0001100000000000100000000000000000000000001000000100100010000000
123312,6,3/4,pinned,0,,,,,,,,64,1,,0000000000000000000000000000000000000000000000000000000000000000
123312,6,4/5,remined,0,1,,,,,,,64,1,1,0001100000000000100000000000000000000000000000000000000000000000
123312,6,4/5,pinned,0,,,,,,,,64,1,,0000000000000000000000000000000000000000000000000000000000000000
123312,6,1/1,remined,0,1,,,,,,,64,1,1,0001100000000000100000000000000000000000000000000000000000000000
123312,6,1/1,pinned,0,,,,,,,,64,1,,0000000000000000000000000000000000000000000000000000000000000000
123313,6,1/2,remined,1,1,1,1,1,1,0,0,64,1,1,0001101111011111111111110110101011111111111111111111111111111111
123313,6,1/2,pinned,1,3,3,3,1,1,0,0,64,1,3,0000000000000000000000000000000000000001001010100100111111111111
123313,6,2/3,remined,1,1,1,1,1,1,0,0,64,1,1,0001101000000000101010110110101011111111111010100100111110100011
123313,6,2/3,pinned,1,5,5,5,1,1,0,0,64,1,5,0000000000000000000000000000000000000000000000000000000000100011
123313,6,3/4,remined,0,1,,,,,,,64,1,1,0001101000000000101010000000000000000001001010100100111110100010
123313,6,3/4,pinned,0,,,,,,,,64,1,,0000000000000000000000000000000000000000000000000000000000000000
123313,6,4/5,remined,0,1,,,,,,,64,1,1,0001101000000000101010000000000000000001000000000000000000100010
123313,6,4/5,pinned,0,,,,,,,,64,1,,0000000000000000000000000000000000000000000000000000000000000000
123313,6,1/1,remined,0,1,,,,,,,64,1,1,0001101000000000101010000000000000000001000000000000000000000000
123313,6,1/1,pinned,0,,,,,,,,64,1,,0000000000000000000000000000000000000000000000000000000000000000
123321,6,1/2,remined,1,1,2,2,1,1,0,0,64,1,1,0001100111101101111111110011010010101011111111111111111111111111
123321,6,1/2,pinned,1,4,4,4,1,1,0,0,64,1,4,0000000000000000000000000000000000000000001000001000010011111111
123321,6,2/3,remined,1,1,6,6,1,0,1,0,64,1,1,0001100000000000100000110011010010101011111000001000010010000001
123321,6,2/3,pinned,1,6,6,6,1,1,1,1,64,1,6,0000000000000000000000000000000000000000000000000000000000000001
123321,6,3/4,remined,0,1,,,,,,,64,1,1,0001100000000000100000000000000000000000001000001000010010000000
123321,6,3/4,pinned,0,,,,,,,,64,1,,0000000000000000000000000000000000000000000000000000000000000000
123321,6,4/5,remined,0,1,,,,,,,64,1,1,0001100000000000100000000000000000000000000000000000000000000000
123321,6,4/5,pinned,0,,,,,,,,64,1,,0000000000000000000000000000000000000000000000000000000000000000
123321,6,1/1,remined,0,1,,,,,,,64,1,1,0001100000000000100000000000000000000000000000000000000000000000
123321,6,1/1,pinned,0,,,,,,,,64,1,,0000000000000000000000000000000000000000000000000000000000000000
123322,6,1/2,remined,1,1,2,1,0,1,0,0,64,1,1,0001100111111100111110110011111010000011001111101111110011100101
123322,6,1/2,pinned,1,4,4,4,1,1,0,0,64,1,4,0000000000000000000000000000000000000000001000001100000001100101
123322,6,2/3,remined,0,1,,,,,,,64,1,1,0001100000000000100000110011111010000011001000001100000000000000
123322,6,2/3,pinned,0,,,,,,,,64,1,,0000000000000000000000000000000000000000000000000000000000000000
123322,6,3/4,remined,0,1,,,,,,,64,1,1,0001100000000000100000000000000000000000001000001100000000000000
123322,6,3/4,pinned,0,,,,,,,,64,1,,0000000000000000000000000000000000000000000000000000000000000000
123322,6,4/5,remined,0,1,,,,,,,64,1,1,0001100000000000100000000000000000000000000000000000000000000000
123322,6,4/5,pinned,0,,,,,,,,64,1,,0000000000000000000000000000000000000000000000000000000000000000
123322,6,1/1,remined,0,1,,,,,,,64,1,1,0001100000000000100000000000000000000000000000000000000000000000
123322,6,1/1,pinned,0,,,,,,,,64,1,,0000000000000000000000000000000000000000000000000000000000000000
123323,6,1/2,remined,1,1,1,1,1,1,0,0,64,1,1,0001101111111101111111110111111110101011111111111111111111111111
123323,6,1/2,pinned,1,3,3,3,1,1,0,0,64,1,3,0000000000000000000000000000000000000001001010101111010011111111
123323,6,2/3,remined,1,1,3,3,1,0,0,0,64,1,1,0001101000000000101010110111111110101011111010101111010010100101
123323,6,2/3,pinned,1,5,5,5,1,1,0,0,64,1,5,0000000000000000000000000000000000000000000000000000000000100101
123323,6,3/4,remined,0,1,,,,,,,64,1,1,0001101000000000101010000000000000000001001010101111010010100100
123323,6,3/4,pinned,0,,,,,,,,64,1,,0000000000000000000000000000000000000000000000000000000000000000
123323,6,4/5,remined,0,1,,,,,,,64,1,1,0001101000000000101010000000000000000001000000000000000000100100
123323,6,4/5,pinned,0,,,,,,,,64,1,,0000000000000000000000000000000000000000000000000000000000000000
123323,6,1/1,remined,0,1,,,,,,,64,1,1,0001101000000000101010000000000000000001000000000000000000000000
123323,6,1/1,pinned,0,,,,,,,,64,1,,0000000000000000000000000000000000000000000000000000000000000000
123331,6,1/2,remined,1,1,1,1,1,1,0,0,64,1,1,0001110111101111111111111011010011111111111111111111111111111111
123331,6,1/2,pinned,1,3,3,3,1,1,0,0,64,1,3,0000000000000000000000000000000000000010001101001000111111111111
123331,6,2/3,remined,1,1,2,1,0,1,0,0,64,1,1,0001110000000000110100111011010011111111111101001000111111000011
123331,6,2/3,pinned,1,5,5,5,1,1,0,0,64,1,5,0000000000000000000000000000000000000000000000000000000001000011
123331,6,3/4,remined,0,1,,,,,,,64,1,1,0001110000000000110100000000000000000010001101001000111111000010
123331,6,3/4,pinned,0,,,,,,,,64,1,,0000000000000000000000000000000000000000000000000000000000000000
123331,6,4/5,remined,0,1,,,,,,,64,1,1,0001110000000000110100000000000000000010000000000000000001000010
123331,6,4/5,pinned,0,,,,,,,,64,1,,0000000000000000000000000000000000000000000000000000000000000000
123331,6,1/1,remined,0,1,,,,,,,64,1,1,0001110000000000110100000000000000000010000000000000000000000000
123331,6,1/1,pinned,0,,,,,,,,64,1,,0000000000000000000000000000000000000000000000000000000000000000
123332,6,1/2,remined,1,1,1,1,1,1,0,0,64,1,1,0001110111111110111111111011111111010011111111111111111111111111
123332,6,1/2,pinned,1,3,3,3,1,1,0,0,64,1,3,0000000000000000000000000000000000000010001101001111100011111111
123332,6,2/3,remined,1,1,3,3,1,0,0,0,64,1,1,0001110000000000110100111011111111010011111101001111100011000101
123332,6,2/3,pinned,1,5,5,5,1,1,0,0,64,1,5,0000000000000000000000000000000000000000000000000000000001000101
123332,6,3/4,remined,0,1,,,,,,,64,1,1,0001110000000000110100000000000000000010001101001111100011000100
123332,6,3/4,pinned,0,,,,,,,,64,1,,0000000000000000000000000000000000000000000000000000000000000000
123332,6,4/5,remined,0,1,,,,,,,64,1,1,0001110000000000110100000000000000000010000000000000000001000100
123332,6,4/5,pinned,0,,,,,,,,64,1,,0000000000000000000000000000000000000000000000000000000000000000
123332,6,1/1,remined,0,1,,,,,,,64,1,1,0001110000000000110100000000000000000010000000000000000000000000
123332,6,1/1,pinned,0,,,,,,,,64,1,,0000000000000000000000000000000000000000000000000000000000000000
123333,6,1/2,remined,1,1,1,1,1,1,0,0,64,1,1,0001111111111111111111111111111111111111111111111111111111111111
123333,6,1/2,pinned,1,3,3,3,1,1,0,0,64,1,3,0000000000000000000000000000000000000011111111111111111111111111
123333,6,2/3,remined,1,1,1,1,1,1,0,0,64,1,1,0001111000000000111111111111111111111111111111111111111111111111
123333,6,2/3,pinned,1,4,4,4,1,1,0,0,64,1,4,0000000000000000000000000000000000000000000000000000000011111111
123333,6,3/4,remined,1,1,1,1,1,1,0,0,64,1,1,0001111000000000111111000000000000000011111111111111111111111111
123333,6,3/4,pinned,1,6,6,6,1,1,1,1,64,1,6,0000000000000000000000000000000000000000000000000000000000000001
123333,6,4/5,remined,1,1,1,1,1,1,0,0,64,1,1,0001111000000000111111000000000000000011110000000000000011111111
123333,6,4/5,pinned,1,6,6,6,1,1,1,1,64,1,6,0000000000000000000000000000000000000000000000000000000000000001
123333,6,1/1,remined,0,1,,,,,,,64,1,1,0001111000000000111111000000000000000011110000000000000010000000
123333,6,1/1,pinned,0,,,,,,,,64,1,,0000000000000000000000000000000000000000000000000000000000000000
131111,6,1/2,remined,0,1,,,,,,,64,1,1,0010000100001111000000000000000000000000000000000000000000000000
131111,6,1/2,pinned,0,,,,,,,,64,1,,0000000000000000000000000000000000000000000000000000000000000000
131111,6,2/3,remined,0,1,,,,,,,64,1,1,0010000000000000000000000000000000000000000000000000000000000000
131111,6,2/3,pinned,0,,,,,,,,64,1,,0000000000000000000000000000000000000000000000000000000000000000
131111,6,3/4,remined,0,1,,,,,,,64,1,1,0010000000000000000000000000000000000000000000000000000000000000
131111,6,3/4,pinned,0,,,,,,,,64,1,,0000000000000000000000000000000000000000000000000000000000000000
131111,6,4/5,remined,0,1,,,,,,,64,1,1,0010000000000000000000000000000000000000000000000000000000000000
131111,6,4/5,pinned,0,,,,,,,,64,1,,0000000000000000000000000000000000000000000000000000000000000000
131111,6,1/1,remined,0,1,,,,,,,64,1,1,0010000000000000000000000000000000000000000000000000000000000000
131111,6,1/1,pinned,0,,,,,,,,64,1,,0000000000000000000000000000000000000000000000000000000000000000
131112,6,1/2,remined,0,1,,,,,,,64,1,1,0010000100011111001011000100000000101100000010110000011100000000
131112,6,1/2,pinned,0,,,,,,,,64,1,,0000000000000000000000000000000000000000000000000000000000000000
131112,6,2/3,remined,0,1,,,,,,,64,1,1,0010000000000000000000000100000000101100000000000000000000000000
131112,6,2/3,pinned,0,,,,,,,,64,1,,0000000000000000000000000000000000000000000000000000000000000000
131112,6,3/4,remined,0,1,,,,,,,64,1,1,0010000000000000000000000000000000000000000000000000000000000000
131112,6,3/4,pinned,0,,,,,,,,64,1,,0000000000000000000000000000000000000000000000000000000000000000
131112,6,4/5,remined,0,1,,,,,,,64,1,1,0010000000000000000000000000000000000000000000000000000000000000
131112,6,4/5,pinned,0,,,,,,,,64,1,,0000000000000000000000000000000000000000000000000000000000000000
131112,6,1/1,remined,0,1,,,,,,,64,1,1,0010000000000000000000000000000000000000000000000000000000000000
131112,6,1/1,pinned,0,,,,,,,,64,1,,0000000000000000000000000000000000000000000000000000000000000000
131113,6,1/2,remined,0,1,,,,,,,64,1,1,0010001100011111001011000100000000101100000010110000011100000000
131113,6,1/2,pinned,0,,,,,,,,64,1,,0000000000000000000000000000000000000000000000000000000000000000
131113,6,2/3,remined,0,1,,,,,,,64,1,1,0010001000000001000000000100000000101100000000000000000000000000
131113,6,2/3,pinned,0,,,,,,,,64,1,,0000000000000000000000000000000000000000000000000000000000000000
131113,6,3/4,remined,0,1,,,,,,,64,1,1,0010001000000001000000000000000000000000000000000000000000000000
131113,6,3/4,pinned,0,,,,,,,,64,1,,0000000000000000000000000000000000000000000000000000000000000000
131113,6,4/5,remined,0,1,,,,,,,64,1,1,0010001000000001000000000000000000000000000000000000000000000000
131113,6,4/5,pinned,0,,,,,,,,64,1,,0000000000000000000000000000000000000000000000000000000000000000
131113,6,1/1,remined,0,1,,,,,,,64,1,1,0010001000000001000000000000000000000000000000000000000000000000
131113,6,1/1,pinned,0,,,,,,,,64,1,,0000000000000000000000000000000000000000000000000000000000000000
131121,6,1/2,remined,0,1,,,,,,,64,1,1,0010000100101111010101001000000001010100000101010000101100000000
131121,6,1/2,pinned,0,,,,,,,,64,1,,0000000000000000000000000000000000000000000000000000000000000000
131121,6,2/3,remined,0,1,,,,,,,64,1,1,0010000000000000000000001000000001010100000000000000000000000000
131121,6,2/3,pinned,0,,,,,,,,64,1,,0000000000000000000000000000000000000000000000000000000000000000
131121,6,3/4,remined,0,1,,,,,,,64,1,1,0010000000000000000000000000000000000000000000000000000000000000
131121,6,3/4,pinned,0,,,,,,,,64,1,,0000000000000000000000000000000000000000000000000000000000000000
131121,6,4/5,remined,0,1,,,,,,,64,1,1,0010000000000000000000000000000000000000000000000000000000000000
131121,6,4/5,pinned,0,,,,,,,,64,1,,0000000000000000000000000000000000000000000000000000000000000000
131121,6,1/1,remined,0,1,,,,,,,64,1,1,0010000000000000000000000000000000000000000000000000000000000000
131121,6,1/1,pinned,0,,,,,,,,64,1,,0000000000000000000000000000000000000000000000000000000000000000
131122,6,1/2,remined,1,1,4,4,1,0,0,0,64,1,1,0010000100111111011110001100000001111000000111110011111110011011
131122,6,1/2,pinned,1,5,5,5,1,1,0,0,64,1,5,0000000000000000000000000000000000000000000000000000000000011011
131122,6,2/3,remined,0,1,,,,,,,64,1,1,0010000000000000000000001100000001111000000000000000000000000000
131122,6,2/3,pinned,0,,,,,,,,64,1,,0000000000000000000000000000000000000000000000000000000000000000
131122,6,3/4,remined,0,1,,,,,,,64,1,1,0010000000000000000000000000000000000000000000000000000000000000
131122,6,3/4,pinned,0,,,,,,,,64,1,,0000000000000000000000000000000000000000000000000000000000000000
131122,6,4/5,remined,0,1,,,,,,,64,1,1,0010000000000000000000000000000000000000000000000000000000000000
131122,6,4/5,pinned,0,,,,,,,,64,1,,0000000000000000000000000000000000000000000000000000000000000000
131122,6,1/1,remined,0,1,,,,,,,64,1,1,0010000000000000000000000000000000000000000000000000000000000000
131122,6,1/1,pinned,0,,,,,,,,64,1,,0000000000000000000000000000000000000000000000000000000000000000
131123,6,1/2,remined,1,1,1,1,1,1,0,0,64,1,1,0010001100111111011111001100000101111100110111110011111110011011
131123,6,1/2,pinned,1,4,4,4,1,1,0,0,64,1,4,0000000000000000000000000000000000000000000000010000001100011011
131123,6,2/3,remined,0,1,,,,,,,64,1,1,0010001000000001000000001100000101111100110000010000001100000000
131123,6,2/3,pinned,0,,,,,,,,64,1,,0000000000000000000000000000000000000000000000000000000000000000
131123,6,3/4,remined,0,1,,,,,,,64,1,1,0010001000000001000000000000000000000000000000010000001100000000
131123,6,3/4,pinned,0,,,,,,,,64,1,,0000000000000000000000000000000000000000000000000000000000000000
131123,6,4/5,remined,0,1,,,,,,,64,1,1,0010001000000001000000000000000000000000000000000000000000000000
131123,6,4/5,pinned,0,,,,,,,,64,1,,0000000000000000000000000000000000000000000000000000000000000000
131123,6,1/1,remined,0,1,,,,,,,64,1,1,0010001000000001000000000000000000000000000000000000000000000000
131123,6,1/1,pinned,0,,,,,,,,64,1,,0000000000000000000000000000000000000000000000000000000000000000
131131,6,1/2,remined,0,1,,,,,,,64,1,1,0010010100101111010101001000000001010100000101010000101100000000
131131,6,1/2,pinned,0,,,,,,,,64,1,,0000000000000000000000000000000000000000000000000000000000000000
131131,6,2/3,remined,0,1,,,,,,,64,1,1,0010010000000010000000001000000001010100000000000000000000000000
131131,6,2/3,pinned,0,,,,,,,,64,1,,0000000000000000000000000000000000000000000000000000000000000000
131131,6,3/4,remined,0,1,,,,,,,64,1,1,0010010000000010000000000000000000000000000000000000000000000000
131131,6,3/4,pinned,0,,,,,,,,64,1,,0000000000000000000000000000000000000000000000000000000000000000
131131,6,4/5,remined,0,1,,,,,,,64,1,1,0010010000000010000000000000000000000000000000000000000000000000
131131,6,4/5,pinned,0,,,,,,,,64,1,,0000000000000000000000000000000000000000000000000000000000000000
131131,6,1/1,remined,0,1,,,,,,,64,1,1,0010010000000010000000000000000000000000000000000000000000000000
131131,6,1/1,pinned,0,,,,,,,,64,1,,0000000000000000000000000000000000000000000000000000000000000000
131132,6,1/2,remined,1,1,1,1,1,1,0,0,64,1,1,0010010100111111011111001100000101111100110111110011111110011011
131132,6,1/2,pinned,1,4,4,4,1,1,0,0,64,1,4,0000000000000000000000000000000000000000000000010000001100011011
131132,6,2/3,remined,0,1,,,,,,,64,1,1,0010010000000010000000001100000101111100110000010000001100000000
131132,6,2/3,pinned,0,,,,,,,,64,1,,0000000000000000000000000000000000000000000000000000000000000000
131132,6,3/4,remined,0,1,,,,,,,64,1,1,0010010000000010000000000000000000000000000000010000001100000000
131132,6,3/4,pinned,0,,,,,,,,64,1,,0000000000000000000000000000000000000000000000000000000000000000
131132,6,4/5,remined,0,1,,,,,,,64,1,1,0010010000000010000000000000000000000000000000000000000000000000
131132,6,4/5,pinned,0,,,,,,,,64,1,,0000000000000000000000000000000000000000000000000000000000000000
131132,6,1/1,remined,0,1,,,,,,,64,1,1,0010010000000010000000000000000000000000000000000000000000000000
131132,6,1/1,pinned,0,,,,,,,,64,1,,0000000000000000000000000000000000000000000000000000000000000000
131133,6,1/2,remined,1,1,1,1,1,1,0,0,64,1,1,0010011100111111011111001100000101111100110111110011111110011011
131133,6,1/2,pinned,1,3,3,3,1,1,0,0,64,1,3,0000000000000000000000000000000000000100000000010000001100011011
131133,6,2/3,remined,0,1,,,,,,,64,1,1,0010011000000011000001001100000101111100110000010000001100000000
131133,6,2/3,pinned,0,,,,,,,,64,1,,0000000000000000000000000000000000000000000000000000000000000000
131133,6,3/4,remined,0,1,,,,,,,64,1,1,0010011000000011000001000000000000000100000000010000001100000000
131133,6,3/4,pinned,0,,,,,,,,64,1,,0000000000000000000000000000000000000000000000000000000000000000
131133,6,4/5,remined,0,1,,,,,,,64,1,1,0010011000000011000001000000000000000100000000000000000000000000
131133,6,4/5,pinned,0,,,,,,,,64,1,,0000000000000000000000000000000000000000000000000000000000000000
131133,6,1/1,remined,0,1,,,,,,,64,1,1,0010011000000011000001000000000000000100000000000000000000000000
131133,6,1/1,pinned,0,,,,,,,,64,1,,0000000000000000000000000000000000000000000000000000000000000000
131211,6,1/2,remined,0,1,,,,,,,64,1,1,0010000101001111100110010000000010011000001001100000110100000000
131211,6,1/2,pinned,0,,,,,,,,64,1,,0000000000000000000000000000000000000000000000000000000000000000
131211,6,2/3,remined,0,1,,,,,,,64,1,1,0010000000000000000000010000000010011000000000000000000000000000
131211,6,2/3,pinned,0,,,,,,,,64,1,,0000000000000000000000000000000000000000000000000000000000000000
131211,6,3/4,remined,0,1,,,,,,,64,1,1,0010000000000000000000000000000000000000000000000000000000000000
131211,6,3/4,pinned,0,,,,,,,,64,1,,0000000000000000000000000000000000000000000000000000000000000000
131211,6,4/5,remined,0,1,,,,,,,64,1,1,0010000000000000000000000000000000000000000000000000000000000000
131211,6,4/5,pinned,0,,,,,,,,64,1,,0000000000000000000000000000000000000000000000000000000000000000
131211,6,1/1,remined,0,1,,,,,,,64,1,1,0010000000000000000000000000000000000000000000000000000000000000
131211,6,1/1,pinned,0,,,,,,,,64,1,,0000000000000000000000000000000000000000000000000000000000000000
131212,6,1/2,remined,1,1,4,4,1,0,0,0,64,1,1,0010000101011111101101010100000010110100001011110101111110101011
131212,6,1/2,pinned,1,5,5,5,1,1,0,0,64,1,5,0000000000000000000000000000000000000000000000000000000000101011
131212,6,2/3,remined,0,1,,,,,,,64,1,1,0010000000000000000000010100000010110100000000000000000000000000
131212,6,2/3,pinned,0,,,,,,,,64,1,,0000000000000000000000000000000000000000000000000000000000000000
131212,6,3/4,remined,0,1,,,,,,,64,1,1,0010000000000000000000000000000000000000000000000000000000000000
131212,6,3/4,pinned,0,,,,,,,,64,1,,0000000000000000000000000000000000000000000000000000000000000000
131212,6,4/5,remined,0,1,,,,,,,64,1,1,0010000000000000000000000000000000000000000000000000000000000000
131212,6,4/5,pinned,0,,,,,,,,64,1,,0000000000000000000000000000000000000000000000000000000000000000
131212,6,1/1,remined,0,1,,,,,,,64,1,1,0010000000000000000000000000000000000000000000000000000000000000
131212,6,1/1,pinned,0,,,,,,,,64,1,,0000000000000000000000000000000000000000000000000000000000000000
131213,6,1/2,remined,1,1,1,1,1,1,0,0,64,1,1,0010001101011111101111010100001010111101011011110101111110101011
131213,6,1/2,pinned,1,4,4,4,1,1,0,0,64,1,4,0000000000000000000000000000000000000000000000100000010100101011
131213,6,2/3,remined,0,1,,,,,,,64,1,1,0010001000000001000000010100001010111101010000100000010100000000
131213,6,2/3,pinned,0,,,,,,,,64,1,,0000000000000000000000000000000000000000000000000000000000000000
131213,6,3/4,remined,0,1,,,,,,,64,1,1,0010001000000001000000000000000000000000000000100000010100000000
131213,6,3/4,pinned,0,,,,,,,,64,1,,0000000000000000000000000000000000000000000000000000000000000000
131213,6,4/5,remined,0,1,,,,,,,64,1,1,0010001000000001000000000000000000000000000000000000000000000000
131213,6,4/5,pinned,0,,,,,,,,64,1,,0000000000000000000000000000000000000000000000000000000000000000
131213,6,1/1,remined,0,1,,,,,,,64,1,1,0010001000000001000000000000000000000000000000000000000000000000
131213,6,1/1,pinned,0,,,,,,,,64,1,,0000000000000000000000000000000000000000000000000000000000000000
131221,6,1/2,remined,1,1,4,4,1,0,0,0,64,1,1,0010000101101111110011011000000011001100001101111001111111001011
131221,6,1/2,pinned,1,5,5,5,1,1,0,0,64,1,5,0000000000000000000000000000000000000000000000000000000001001011
131221,6,2/3,remined,0,1,,,,,,,64,1,1,0010000000000000000000011000000011001100000000000000000000000000
131221,6,2/3,pinned,0,,,,,,,,64,1,,0000000000000000000000000000000000000000000000000000000000000000
131221,6,3/4,remined,0,1,,,,,,,64,1,1,0010000000000000000000000000000000000000000000000000000000000000
131221,6,3/4,pinned,0,,,,,,,,64,1,,0000000000000000000000000000000000000000000000000000000000000000
131221,6,4/5,remined,0,1,,,,,,,64,1,1,0010000000000000000000000000000000000000000000000000000000000000
131221,6,4/5,pinned,0,,,,,,,,64,1,,0000000000000000000000000000000000000000000000000000000000000000
131221,6,1/1,remined,0,1,,,,,,,64,1,1,0010000000000000000000000000000000000000000000000000000000000000
131221,6,1/1,pinned,0,,,,,,,,64,1,,0000000000000000000000000000000000000000000000000000000000000000
131222,6,1/2,remined,1,1,4,2,0,1,0,0,64,1,1,0010000101111111111000011100000011100000001111111110111001110001
131222,6,1/2,pinned,1,5,5,5,1,1,0,0,64,1,5,0000000000000000000000000000000000000000000000000000000001110001
131222,6,2/3,remined,0,1,,,,,,,64,1,1,0010000000000000000000011100000011100000000000000000000000000000
131222,6,2/3,pinned,0,,,,,,,,64,1,,0000000000000000000000000000000000000000000000000000000000000000
131222,6,3/4,remined,0,1,,,,,,,64,1,1,0010000000000000000000000000000000000000000000000000000000000000
131222,6,3/4,pinned,0,,,,,,,,64,1,,0000000000000000000000000000000000000000000000000000000000000000
131222,6,4/5,remined,0,1,,,,,,,64,1,1,0010000000000000000000000000000000000000000000000000000000000000
131222,6,4/5,pinned,0,,,,,,,,64,1,,0000000000000000000000000000000000000000000000000000000000000000
131222,6,1/1,remined,0,1,,,,,,,64,1,1,0010000000000000000000000000000000000000000000000000000000000000
131222,6,1/1,pinned,0,,,,,,,,64,1,,0000000000000000000000000000000000000000000000000000000000000000
131223,6,1/2,remined,1,1,2,1,0,1,0,0,64,1,1,0010001101111111111011011100001111101101101111111111111111111111
131223,6,1/2,pinned,1,4,4,4,1,1,0,0,64,1,4,0000000000000000000000000000000000000000000000110000011001111111
131223,6,2/3,remined,1,1,6,6,1,0,1,0,64,1,1,0010001000000001000000011100001111101101100000110000011000000001
131223,6,2/3,pinned,1,6,6,6,1,1,1,1,64,1,6,0000000000000000000000000000000000000000000000000000000000000001
131223,6,3/4,remined,0,1,,,,,,,64,1,1,0010001000000001000000000000000000000000000000110000011000000000
131223,6,3/4,pinned,0,,,,,,,,64,1,,0000000000000000000000000000000000000000000000000000000000000000
131223,6,4/5,remined,0,1,,,,,,,64,1,1,0010001000000001000000000000000000000000000000000000000000000000
131223,6,4/5,pinned,0,,,,,,,,64,1,,0000000000000000000000000000000000000000000000000000000000000000
131223,6,1/1,remined,0,1,,,,,,,64,1,1,0010001000000001000000000000000000000000000000000000000000000000
131223,6,1/1,pinned,0,,,,,,,,64,1,,0000000000000000000000000000000000000000000000000000000000000000
131231,6,1/2,remined,1,1,1,1,1,1,0,0,64,1,1,0010010101101111110111011000010011011110011101111001111111001011
131231,6,1/2,pinned,1,4,4,4,1,1,0,0,64,1,4,0000000000000000000000000000000000000000000001000000100101001011
131231,6,2/3,remined,0,1,,,,,,,64,1,1,0010010000000010000000011000010011011110010001000000100100000000
131231,6,2/3,pinned,0,,,,,,,,64,1,,0000000000000000000000000000000000000000000000000000000000000000
131231,6,3/4,remined,0,1,,,,,,,64,1,1,0010010000000010000000000000000000000000000001000000100100000000
131231,6,3/4,pinned,0,,,,,,,,64,1,,0000000000000000000000000000000000000000000000000000000000000000
131231,6,4/5,remined,0,1,,,,,,,64,1,1,0010010000000010000000000000000000000000000000000000000000000000
131231,6,4/5,pinned,0,,,,,,,,64,1,,0000000000000000000000000000000000000000000000000000000000000000
131231,6,1/1,remined,0,1,,,,,,,64,1,1,0010010000000010000000000000000000000000000000000000000000000000
131231,6,1/1,pinned,0,,,,,,,,64,1,,0000000000000000000000000000000000000000000000000000000000000000
131232,6,1/2,remined,1,1,2,2,1,1,0,0,64,1,1,0010010101111111111101011100010111110110101111111111111111111111
131232,6,1/2,pinned,1,4,4,4,1,1,0,0,64,1,4,0000000000000000000000000000000000000000000001010000101001111111
131232,6,2/3,remined,1,1,6,6,1,0,1,0,64,1,1,0010010000000010000000011100010111110110100001010000101000000001
131232,6,2/3,pinned,1,6,6,6,1,1,1,1,64,1,6,0000000000000000000000000000000000000000000000000000000000000001
131232,6,3/4,remined,0,1,,,,,,,64,1,1,0010010000000010000000000000000000000000000001010000101000000000
131232,6,3/4,pinned,0,,,,,,,,64,1,,0000000000000000000000000000000000000000000000000000000000000000
131232,6,4/5,remined,0,1,,,,,,,64,1,1,0010010000000010000000000000000000000000000000000000000000000000
131232,6,4/5,pinned,0,,,,,,,,64,1,,0000000000000000000000000000000000000000000000000000000000000000
131232,6,1/1,remined,0,1,,,,,,,64,1,1,0010010000000010000000000000000000000000000000000000000000000000
131232,6,1/1,pinned,0,,,,,,,,64,1,,0000000000000000000000000000000000000000000000000000000000000000
131233,6,1/2,remined,1,1,1,1,1,1,0,0,64,1,1,0010011101111111111111011100011111111111111111111111111111111111
131233,6,1/2,pinned,1,3,4,4,1,1,0,0,64,1,3,0000000000000000000000000000000000000100000001110001111111111111
131233,6,2/3,remined,1,1,1,1,1,1,0,0,64,1,1,0010011000000011000001011100011111111111110001110001111110001011
131233,6,2/3,pinned,1,5,5,5,1,1,0,0,64,1,5,0000000000000000000000000000000000000000000000000000000000001011
131233,6,3/4,remined,0,1,,,,,,,64,1,1,0010011000000011000001000000000000000100000001110001111110001010
131233,6,3/4,pinned,0,,,,,,,,64,1,,0000000000000000000000000000000000000000000000000000000000000000
131233,6,4/5,remined,0,1,,,,,,,64,1,1,0010011000000011000001000000000000000100000000000000000000001010
131233,6,4/5,pinned,0,,,,,,,,64,1,,0000000000000000000000000000000000000000000000000000000000000000
131233,6,1/1,remined,0,1,,,,,,,64,1,1,0010011000000011000001000000000000000100000000000000000000000000
131233,6,1/1,pinned,0,,,,,,,,64,1,,0000000000000000000000000000000000000000000000000000000000000000
131311,6,1/2,remined,0,1,,,,,,,64,1,1,0010100101001111100110010000000010011000001001100000110100000000
131311,6,1/2,pinned,0,,,,,,,,64,1,,0000000000000000000000000000000000000000000000000000000000000000
131311,6,2/3,remined,0,1,,,,,,,64,1,1,0010100000000100000000010000000010011000000000000000000000000000
131311,6,2/3,pinned,0,,,,,,,,64,1,,0000000000000000000000000000000000000000000000000000000000000000
131311,6,3/4,remined,0,1,,,,,,,64,1,1,0010100000000100000000000000000000000000000000000000000000000000
131311,6,3/4,pinned,0,,,,,,,,64,1,,0000000000000000000000000000000000000000000000000000000000000000
131311,6,4/5,remined,0,1,,,,,,,64,1,1,0010100000000100000000000000000000000000000000000000000000000000
131311,6,4/5,pinned,0,,,,,,,,64,1,,0000000000000000000000000000000000000000000000000000000000000000
131311,6,1/1,remined,0,1,,,,,,,64,1,1,0010100000000100000000000000000000000000000000000000000000000000
131311,6,1/1,pinned,0,,,,,,,,64,1,,0000000000000000000000000000000000000000000000000000000000000000
131312,6,1/2,remined,1,1,2,2,1,1,0,0,64,1,1,0010100101011111101111010100001010111101011011110101111110101011
131312,6,1/2,pinned,1,4,4,4,1,1,0,0,64,1,4,0000000000000000000000000000000000000000000000100000010100101011
131312,6,2/3,remined,0,1,,,,,,,64,1,1,0010100000000100000000010100001010111101010000100000010100000000
131312,6,2/3,pinned,0,,,,,,,,64,1,,0000000000000000000000000000000000000000000000000000000000000000
131312,6,3/4,remined,0,1,,,,,,,64,1,1,0010100000000100000000000000000000000000000000100000010100000000
131312,6,3/4,pinned,0,,,,,,,,64,1,,0000000000000000000000000000000000000000000000000000000000000000
131312,6,4/5,remined,0,1,,,,,,,64,1,1,0010100000000100000000000000000000000000000000000000000000000000
131312,6,4/5,pinned,0,,,,,,,,64,1,,0000000000000000000000000000000000000000000000000000000000000000
131312,6,1/1,remined,0,1,,,,,,,64,1,1,0010100000000100000000000000000000000000000000000000000000000000
131312,6,1/1,pinned,0,,,,,,,,64,1,,0000000000000000000000000000000000000000000000000000000000000000
131313,6,1/2,remined,1,1,1,1,1,1,0,0,64,1,1,0010101101011111101111010100001010111101011011110101111110101011
131313,6,1/2,pinned,1,3,3,3,1,1,0,0,64,1,3,0000000000000000000000000000000000001000000000100000010100101011
131313,6,2/3,remined,0,1,,,,,,,64,1,1,0010101000000101000010010100001010111101010000100000010100000000
131313,6,2/3,pinned,0,,,,,,,,64,1,,0000000000000000000000000000000000000000000000000000000000000000
131313,6,3/4,remined,0,1,,,,,,,64,1,1,0010101000000101000010000000000000001000000000100000010100000000
131313,6,3/4,pinned,0,,,,,,,,64,1,,0000000000000000000000000000000000000000000000000000000000000000
131313,6,4/5,remined,0,1,,,,,,,64,1,1,0010101000000101000010000000000000001000000000000000000000000000
131313,6,4/5,pinned,0,,,,,,,,64,1,,0000000000000000000000000000000000000000000000000000000000000000
131313,6,1/1,remined,0,1,,,,,,,64,1,1,0010101000000101000010000000000000001000000000000000000000000000
131313,6,1/1,pinned,0,,,,,,,,64,1,,0000000000000000000000000000000000000000000000000000000000000000
131321,6,1/2,remined,1,1,2,2,1,1,0,0,64,1,1,0010100101101111110111011000010011011110011101111001111111001011
131321,6,1/2,pinned,1,4,4,4,1,1,0,0,64,1,4,0000000000000000000000000000000000000000000001000000100101001011
131321,6,2/3,remined,0,1,,,,,,,64,1,1,0010100000000100000000011000010011011110010001000000100100000000
131321,6,2/3,pinned,0,,,,,,,,64,1,,0000000000000000000000000000000000000000000000000000000000000000
131321,6,3/4,remined,0,1,,,,,,,64,1,1,0010100000000100000000000000000000000000000001000000100100000000
131321,6,3/4,pinned,0,,,,,,,,64,1,,0000000000000000000000000000000000000000000000000000000000000000
131321,6,4/5,remined,0,1,,,,,,,64,1,1,0010100000000100000000000000000000000000000000000000000000000000
131321,6,4/5,pinned,0,,,,,,,,64,1,,0000000000000000000000000000000000000000000000000000000000000000
131321,6,1/1,remined,0,1,,,,,,,64,1,1,0010100000000100000000000000000000000000000000000000000000000000
131321,6,1/1,pinned,0,,,,,,,,64,1,,0000000000000000000000000000000000000000000000000000000000000000
131322,6,1/2,remined,1,1,2,1,0,1,0,0,64,1,1,0010100101111111111110011100011011111011001111111111111111111111
131322,6,1/2,pinned,1,4,4,4,1,1,0,0,64,1,4,0000000000000000000000000000000000000000000001100000110001111111
131322,6,2/3,remined,1,1,6,6,1,0,1,0,64,1,1,0010100000000100000000011100011011111011000001100000110000000001
131322,6,2/3,pinned,1,6,6,6,1,1,1,1,64,1,6,0000000000000000000000000000000000000000000000000000000000000001
131322,6,3/4,remined,0,1,,,,,,,64,1,1,0010100000000100000000000000000000000000000001100000110000000000
131322,6,3/4,pinned,0,,,,,,,,64,1,,0000000000000000000000000000000000000000000000000000000000000000
131322,6,4/5,remined,0,1,,,,,,,64,1,1,0010100000000100000000000000000000000000000000000000000000000000
131322,6,4/5,pinned,0,,,,,,,,64,1,,0000000000000000000000000000000000000000000000000000000000000000
131322,6,1/1,remined,0,1,,,,,,,64,1,1,0010100000000100000000000000000000000000000000000000000000000000
131322,6,1/1,pinned,0,,,,,,,,64,1,,0000000000000000000000000000000000000000000000000000000000000000
131323,6,1/2,remined,1,1,1,1,1,1,0,0,64,1,1,0010101101111111111111011100011111111111111111111111111111111111
131323,6,1/2,pinned,1,3,4,4,1,1,0,0,64,1,3,0000000000000000000000000000000000001000000001110001111111111111
131323,6,2/3,remined,1,1,1,1,1,1,0,0,64,1,1,0010101000000101000010011100011111111111110001110001111110001011
131323,6,2/3,pinned,1,5,5,5,1,1,0,0,64,1,5,0000000000000000000000000000000000000000000000000000000000001011
131323,6,3/4,remined,0,1,,,,,,,64,1,1,0010101000000101000010000000000000001000000001110001111110001010
131323,6,3/4,pinned,0,,,,,,,,64,1,,0000000000000000000000000000000000000000000000000000000000000000
131323,6,4/5,remined,0,1,,,,,,,64,1,1,0010101000000101000010000000000000001000000000000000000000001010
131323,6,4/5,pinned,0,,,,,,,,64,1,,0000000000000000000000000000000000000000000000000000000000000000
131323,6,1/1,remined,0,1,,,,,,,64,1,1,0010101000000101000010000000000000001000000000000000000000000000
131323,6,1/1,pinned,0,,,,,,,,64,1,,0000000000000000000000000000000000000000000000000000000000000000
131331,6,1/2,remined,1,1,1,1,1,1,0,0,64,1,1,0010110101101111110111011000010011011110011101111001111111001011
131331,6,1/2,pinned,1,3,3,3,1,1,0,0,64,1,3,0000000000000000000000000000000000010000000001000000100101001011
131331,6,2/3,remined,0,1,,,,,,,64,1,1,0010110000000110000100011000010011011110010001000000100100000000
131331,6,2/3,pinned,0,,,,,,,,64,1,,0000000000000000000000000000000000000000000000000000000000000000
131331,6,3/4,remined,0,1,,,,,,,64,1,1,0010110000000110000100000000000000010000000001000000100100000000
131331,6,3/4,pinned,0,,,,,,,,64,1,,0000000000000000000000000000000000000000000000000000000000000000
131331,6,4/5,remined,0,1,,,,,,,64,1,1,0010110000000110000100000000000000010000000000000000000000000000
131331,6,4/5,pinned,0,,,,,,,,64,1,,0000000000000000000000000000000000000000000000000000000000000000
131331,6,1/1,remined,0,1,,,,,,,64,1,1,0010110000000110000100000000000000010000000000000000000000000000
131331,6,1/1,pinned,0,,,,,,,,64,1,,0000000000000000000000000000000000000000000000000000000000000000
131332,6,1/2,remined,1,1,1,1,1,1,0,0,64,1,1,0010110101111111111111011100011111111111111111111111111111111111
131332,6,1/2,pinned,1,3,4,4,1,1,0,0,64,1,3,0000000000000000000000000000000000010000000001110001111111111111
131332,6,2/3,remined,1,1,2,1,0,1,0,0,64,1,1,0010110000000110000100011100011111111111110001110001111110001011
131332,6,2/3,pinned,1,5,5,5,1,1,0,0,64,1,5,0000000000000000000000000000000000000000000000000000000000001011
131332,6,3/4,remined,0,1,,,,,,,64,1,1,0010110000000110000100000000000000010000000001110001111110001010
131332,6,3/4,pinned,0,,,,,,,,64,1,,0000000000000000000000000000000000000000000000000000000000000000
131332,6,4/5,remined,0,1,,,,,,,64,1,1,0010110000000110000100000000000000010000000000000000000000001010
131332,6,4/5,pinned,0,,,,,,,,64,1,,0000000000000000000000000000000000000000000000000000000000000000
131332,6,1/1,remined,0,1,,,,,,,64,1,1,0010110000000110000100000000000000010000000000000000000000000000
131332,6,1/1,pinned,0,,,,,,,,64,1,,0000000000000000000000000000000000000000000000000000000000000000
131333,6,1/2,remined,1,1,1,1,1,1,0,0,64,1,1,0010111101111111111111011100011111111111111111111111111111111111
131333,6,1/2,pinned,1,3,3,3,1,1,0,0,64,1,3,0000000000000000000000000000000000011100010001110001111111111111
131333,6,2/3,remined,1,1,1,1,1,1,0,0,64,1,1,0010111000000111000111011100011111111111110001110001111110001011
131333,6,2/3,pinned,1,4,4,4,1,1,0,0,64,1,4,0000000000000000000000000000000000000000000000000000000100001011
131333,6,3/4,remined,0,1,,,,,,,64,1,1,0010111000000111000111000000000000011100010001110001111110001010
131333,6,3/4,pinned,0,,,,,,,,64,1,,0000000000000000000000000000000000000000000000000000000000000000
131333,6,4/5,remined,0,1,,,,,,,64,1,1,0010111000000111000111000000000000011100010000000000000100001010
131333,6,4/5,pinned,0,,,,,,,,64,1,,0000000000000000000000000000000000000000000000000000000000000000
131333,6,1/1,remined,0,1,,,,,,,64,1,1,0010111000000111000111000000000000011100010000000000000100000000
131333,6,1/1,pinned,0,,,,,,,,64,1,,0000000000000000000000000000000000000000000000000000000000000000
132111,6,1/2,remined,0,1,,,,,,,64,1,1,0010000110001111111000100000000011100000001110000000111000000000
132111,6,1/2,pinned,0,,,,,,,,64,1,,0000000000000000000000000000000000000000000000000000000000000000
132111,6,2/3,remined,0,1,,,,,,,64,1,1,0010000000000000000000100000000011100000000000000000000000000000
132111,6,2/3,pinned,0,,,,,,,,64,1,,0000000000000000000000000000000000000000000000000000000000000000
132111,6,3/4,remined,0,1,,,,,,,64,1,1,0010000000000000000000000000000000000000000000000000000000000000
132111,6,3/4,pinned,0,,,,,,,,64,1,,0000000000000000000000000000000000000000000000000000000000000000
132111,6,4/5,remined,0,1,,,,,,,64,1,1,0010000000000000000000000000000000000000000000000000000000000000
132111,6,4/5,pinned,0,,,,,,,,64,1,,0000000000000000000000000000000000000000000000000000000000000000
132111,6,1/1,remined,0,1,,,,,,,64,1,1,0010000000000000000000000000000000000000000000000000000000000000
132111,6,1/1,pinned,0,,,,,,,,64,1,,0000000000000000000000000000000000000000000000000000000000000000
132112,6,1/2,remined,1,1,4,4,1,0,0,0,64,1,1,0010000110011111110011100100000011001100001110110110111110110011
132112,6,1/2,pinned,1,5,5,5,1,1,0,0,64,1,5,0000000000000000000000000000000000000000000000000000000000110011
132112,6,2/3,remined,0,1,,,,,,,64,1,1,0010000000000000000000100100000011001100000000000000000000000000
132112,6,2/3,pinned,0,,,,,,,,64,1,,0000000000000000000000000000000000000000000000000000000000000000
132112,6,3/4,remined,0,1,,,,,,,64,1,1,0010000000000000000000000000000000000000000000000000000000000000
132112,6,3/4,pinned,0,,,,,,,,64,1,,0000000000000000000000000000000000000000000000000000000000000000
132112,6,4/5,remined,0,1,,,,,,,64,1,1,0010000000000000000000000000000000000000000000000000000000000000
132112,6,4/5,pinned,0,,,,,,,,64,1,,0000000000000000000000000000000000000000000000000000000000000000
132112,6,1/1,remined,0,1,,,,,,,64,1,1,0010000000000000000000000000000000000000000000000000000000000000
132112,6,1/1,pinned,0,,,,,,,,64,1,,0000000000000000000000000000000000000000000000000000000000000000
132113,6,1/2,remined,1,1,2,1,0,1,0,0,64,1,1,0010001110011111111011100100100011101101101110110110111110110011
132113,6,1/2,pinned,1,4,4,4,1,1,0,0,64,1,4,0000000000000000000000000000000000000000000010000000011000110011
132113,6,2/3,remined,0,1,,,,,,,64,1,1,0010001000000001000000100100100011101101100010000000011000000000
132113,6,2/3,pinned,0,,,,,,,,64,1,,0000000000000000000000000000000000000000000000000000000000000000
132113,6,3/4,remined,0,1,,,,,,,64,1,1,0010001000000001000000000000000000000000000010000000011000000000
132113,6,3/4,pinned,0,,,,,,,,64,1,,0000000000000000000000000000000000000000000000000000000000000000
132113,6,4/5,remined,0,1,,,,,,,64,1,1,0010001000000001000000000000000000000000000000000000000000000000
132113,6,4/5,pinned,0,,,,,,,,64,1,,0000000000000000000000000000000000000000000000000000000000000000
132113,6,1/1,remined,0,1,,,,,,,64,1,1,0010001000000001000000000000000000000000000000000000000000000000
132113,6,1/1,pinned,0,,,,,,,,64,1,,0000000000000000000000000000000000000000000000000000000000000000
132121,6,1/2,remined,1,1,4,4,1,0,0,0,64,1,1,0010000110101111101101101000000010110100001111011010111111010011
132121,6,1/2,pinned,1,5,5,5,1,1,0,0,64,1,5,0000000000000000000000000000000000000000000000000000000001010011
132121,6,2/3,remined,0,1,,,,,,,64,1,1,0010000000000000000000101000000010110100000000000000000000000000
132121,6,2/3,pinned,0,,,,,,,,64,1,,0000000000000000000000000000000000000000000000000000000000000000
132121,6,3/4,remined,0,1,,,,,,,64,1,1,0010000000000000000000000000000000000000000000000000000000000000
132121,6,3/4,pinned,0,,,,,,,,64,1,,0000000000000000000000000000000000000000000000000000000000000000
132121,6,4/5,remined,0,1,,,,,,,64,1,1,0010000000000000000000000000000000000000000000000000000000000000
132121,6,4/5,pinned,0,,,,,,,,64,1,,0000000000000000000000000000000000000000000000000000000000000000
132121,6,1/1,remined,0,1,,,,,,,64,1,1,0010000000000000000000000000000000000000000000000000000000000000
132121,6,1/1,pinned,0,,,,,,,,64,1,,0000000000000000000000000000000000000000000000000000000000000000
132122,6,1/2,remined,1,1,2,1,0,1,0,0,64,1,1,0010000110111111100110101100000010011000001111111101110101101001
132122,6,1/2,pinned,1,5,5,5,1,1,0,0,64,1,5,0000000000000000000000000000000000000000000000000000000001101001
132122,6,2/3,remined,0,1,,,,,,,64,1,1,0010000000000000000000101100000010011000000000000000000000000000
132122,6,2/3,pinned,0,,,,,,,,64,1,,0000000000000000000000000000000000000000000000000000000000000000
132122,6,3/4,remined,0,1,,,,,,,64,1,1,0010000000000000000000000000000000000000000000000000000000000000
132122,6,3/4,pinned,0,,,,,,,,64,1,,0000000000000000000000000000000000000000000000000000000000000000
132122,6,4/5,remined,0,1,,,,,,,64,1,1,0010000000000000000000000000000000000000000000000000000000000000
132122,6,4/5,pinned,0,,,,,,,,64,1,,0000000000000000000000000000000000000000000000000000000000000000
132122,6,1/1,remined,0,1,,,,,,,64,1,1,0010000000000000000000000000000000000000000000000000000000000000
132122,6,1/1,pinned,0,,,,,,,,64,1,,0000000000000000000000000000000000000000000000000000000000000000
132123,6,1/2,remined,1,1,1,1,1,1,0,0,64,1,1,0010001110111111101111101100100110111101011111111111111111111111
132123,6,1/2,pinned,1,4,4,4,1,1,0,0,64,1,4,0000000000000000000000000000000000000000000010010000010101111111
132123,6,2/3,remined,1,1,6,6,1,0,1,0,64,1,1,0010001000000001000000101100100110111101010010010000010100000001
132123,6,2/3,pinned,1,6,6,6,1,1,1,1,64,1,6,0000000000000000000000000000000000000000000000000000000000000001
132123,6,3/4,remined,0,1,,,,,,,64,1,1,0010001000000001000000000000000000000000000010010000010100000000
132123,6,3/4,pinned,0,,,,,,,,64,1,,0000000000000000000000000000000000000000000000000000000000000000
132123,6,4/5,remined,0,1,,,,,,,64,1,1,0010001000000001000000000000000000000000000000000000000000000000
132123,6,4/5,pinned,0,,,,,,,,64,1,,0000000000000000000000000000000000000000000000000000000000000000
132123,6,1/1,remined,0,1,,,,,,,64,1,1,0010001000000001000000000000000000000000000000000000000000000000
132123,6,1/1,pinned,0,,,,,,,,64,1,,0000000000000000000000000000000000000000000000000000000000000000
132131,6,1/2,remined,1,1,2,2,1,1,0,0,64,1,1,0010010110101111111101101001000011110110101111011010111111010011
132131,6,1/2,pinned,1,4,4,4,1,1,0,0,64,1,4,0000000000000000000000000000000000000000000100000000101001010011
132131,6,2/3,remined,0,1,,,,,,,64,1,1,0010010000000010000000101001000011110110100100000000101000000000
132131,6,2/3,pinned,0,,,,,,,,64,1,,0000000000000000000000000000000000000000000000000000000000000000
132131,6,3/4,remined,0,1,,,,,,,64,1,1,0010010000000010000000000000000000000000000100000000101000000000
132131,6,3/4,pinned,0,,,,,,,,64,1,,0000000000000000000000000000000000000000000000000000000000000000
132131,6,4/5,remined,0,1,,,,,,,64,1,1,0010010000000010000000000000000000000000000000000000000000000000
132131,6,4/5,pinned,0,,,,,,,,64,1,,0000000000000000000000000000000000000000000000000000000000000000
132131,6,1/1,remined,0,1,,,,,,,64,1,1,0010010000000010000000000000000000000000000000000000000000000000
132131,6,1/1,pinned,0,,,,,,,,64,1,,0000000000000000000000000000000000000000000000000000000000000000
132132,6,1/2,remined,1,1,1,1,1,1,0,0,64,1,1,0010010110111111110111101101000111011110011111111111111111111111
132132,6,1/2,pinned,1,4,4,4,1,1,0,0,64,1,4,0000000000000000000000000000000000000000000100010000100101111111
132132,6,2/3,remined,1,1,6,6,1,0,1,0,64,1,1,0010010000000010000000101101000111011110010100010000100100000001
132132,6,2/3,pinned,1,6,6,6,1,1,1,1,64,1,6,0000000000000000000000000000000000000000000000000000000000000001
132132,6,3/4,remined,0,1,,,,,,,64,1,1,0010010000000010000000000000000000000000000100010000100100000000
132132,6,3/4,pinned,0,,,,,,,,64,1,,0000000000000000000000000000000000000000000000000000000000000000
132132,6,4/5,remined,0,1,,,,,,,64,1,1,0010010000000010000000000000000000000000000000000000000000000000
132132,6,4/5,pinned,0,,,,,,,,64,1,,0000000000000000000000000000000000000000000000000000000000000000
132132,6,1/1,remined,0,1,,,,,,,64,1,1,0010010000000010000000000000000000000000000000000000000000000000
132132,6,1/1,pinned,0,,,,,,,,64,1,,0000000000000000000000000000000000000000000000000000000000000000
132133,6,1/2,remined,1,1,1,1,1,1,0,0,64,1,1,0010011110111111111111101101100111111111111111111111111111111111
132133,6,1/2,pinned,1,3,4,4,1,1,0,0,64,1,3,0000000000000000000000000000000000000100000110010010111111111111
132133,6,2/3,remined,1,1,1,1,1,1,0,0,64,1,1,0010011000000011000001101101100111111111110110010010111110010011
132133,6,2/3,pinned,1,5,5,5,1,1,0,0,64,1,5,0000000000000000000000000000000000000000000000000000000000010011
132133,6,3/4,remined,0,1,,,,,,,64,1,1,0010011000000011000001000000000000000100000110010010111110010010
132133,6,3/4,pinned,0,,,,,,,,64,1,,0000000000000000000000000000000000000000000000000000000000000000
132133,6,4/5,remined,0,1,,,,,,,64,1,1,0010011000000011000001000000000000000100000000000000000000010010
132133,6,4/5,pinned,0,,,,,,,,64,1,,0000000000000000000000000000000000000000000000000000000000000000
132133,6,1/1,remined,0,1,,,,,,,64,1,1,0010011000000011000001000000000000000100000000000000000000000000
132133,6,1/1,pinned,0,,,,,,,,64,1,,0000000000000000000000000000000000000000000000000000000000000000
132211,6,1/2,remined,1,1,4,4,1,0,0,0,64,1,1,0010000111001111011110110000000001111000001111101100111111100011
132211,6,1/2,pinned,1,5,5,5,1,1,0,0,64,1,5,0000000000000000000000000000000000000000000000000000000001100011
132211,6,2/3,remined,0,1,,,,,,,64,1,1,0010000000000000000000110000000001111000000000000000000000000000
132211,6,2/3,pinned,0,,,,,,,,64,1,,0000000000000000000000000000000000000000000000000000000000000000
132211,6,3/4,remined,0,1,,,,,,,64,1,1,0010000000000000000000000000000000000000000000000000000000000000
132211,6,3/4,pinned,0,,,,,,,,64,1,,0000000000000000000000000000000000000000000000000000000000000000
132211,6,4/5,remined,0,1,,,,,,,64,1,1,0010000000000000000000000000000000000000000000000000000000000000
132211,6,4/5,pinned,0,,,,,,,,64,1,,0000000000000000000000000000000000000000000000000000000000000000
132211,6,1/1,remined,0,1,,,,,,,64,1,1,0010000000000000000000000000000000000000000000000000000000000000
132211,6,1/1,pinned,0,,,,,,,,64,1,,0000000000000000000000000000000000000000000000000000000000000000
132212,6,1/2,remined,1,1,2,1,0,1,0,0,64,1,1,0010000111011111010101110100000001010100001111111011101101011001
132212,6,1/2,pinned,1,5,5,5,1,1,0,0,64,1,5,0000000000000000000000000000000000000000000000000000000001011001
132212,6,2/3,remined,0,1,,,,,,,64,1,1,0010000000000000000000110100000001010100000000000000000000000000
132212,6,2/3,pinned,0,,,,,,,,64,1,,0000000000000000000000000000000000000000000000000000000000000000
132212,6,3/4,remined,0,1,,,,,,,64,1,1,0010000000000000000000000000000000000000000000000000000000000000
132212,6,3/4,pinned,0,,,,,,,,64,1,,0000000000000000000000000000000000000000000000000000000000000000
132212,6,4/5,remined,0,1,,,,,,,64,1,1,0010000000000000000000000000000000000000000000000000000000000000
132212,6,4/5,pinned,0,,,,,,,,64,1,,0000000000000000000000000000000000000000000000000000000000000000
132212,6,1/1,remined,0,1,,,,,,,64,1,1,0010000000000000000000000000000000000000000000000000000000000000
132212,6,1/1,pinned,0,,,,,,,,64,1,,0000000000000000000000000000000000000000000000000000000000000000
132213,6,1/2,remined,1,1,1,1,1,1,0,0,64,1,1,0010001111011111011111110100101001111100111111111111111111111111
132213,6,1/2,pinned,1,4,4,4,1,1,0,0,64,1,4,0000000000000000000000000000000000000000000010100000001101111111
132213,6,2/3,remined,1,1,6,6,1,0,1,0,64,1,1,0010001000000001000000110100101001111100110010100000001100000001
132213,6,2/3,pinned,1,6,6,6,1,1,1,1,64,1,6,0000000000000000000000000000000000000000000000000000000000000001
132213,6,3/4,remined,0,1,,,,,,,64,1,1,0010001000000001000000000000000000000000000010100000001100000000
132213,6,3/4,pinned,0,,,,,,,,64,1,,0000000000000000000000000000000000000000000000000000000000000000
132213,6,4/5,remined,0,1,,,,,,,64,1,1,0010001000000001000000000000000000000000000000000000000000000000
132213,6,4/5,pinned,0,,,,,,,,64,1,,0000000000000000000000000000000000000000000000000000000000000000
132213,6,1/1,remined,0,1,,,,,,,64,1,1,0010001000000001000000000000000000000000000000000000000000000000
132213,6,1/1,pinned,0,,,,,,,,64,1,,0000000000000000000000000000000000000000000000000000000000000000
132221,6,1/2,remined,1,1,3,1,0,1,0,0,64,1,1,0010000111101111001011111000000000101100001111110111011100111001
132221,6,1/2,pinned,1,5,5,5,1,1,0,0,64,1,5,0000000000000000000000000000000000000000000000000000000000111001
132221,6,2/3,remined,0,1,,,,,,,64,1,1,0010000000000000000000111000000000101100000000000000000000000000
132221,6,2/3,pinned,0,,,,,,,,64,1,,0000000000000000000000000000000000000000000000000000000000000000
132221,6,3/4,remined,0,1,,,,,,,64,1,1,0010000000000000000000000000000000000000000000000000000000000000
132221,6,3/4,pinned,0,,,,,,,,64,1,,0000000000000000000000000000000000000000000000000000000000000000
132221,6,4/5,remined,0,1,,,,,,,64,1,1,0010000000000000000000000000000000000000000000000000000000000000
132221,6,4/5,pinned,0,,,,,,,,64,1,,0000000000000000000000000000000000000000000000000000000000000000
132221,6,1/1,remined,0,1,,,,,,,64,1,1,0010000000000000000000000000000000000000000000000000000000000000
132221,6,1/1,pinned,0,,,,,,,,64,1,,0000000000000000000000000000000000000000000000000000000000000000
132222,6,1/2,remined,0,1,,,,,,,64,1,1,0010000111111111000000111100000000000000001111110000000000000000
132222,6,1/2,pinned,0,,,,,,,,64,1,,0000000000000000000000000000000000000000000000000000000000000000
132222,6,2/3,remined,0,1,,,,,,,64,1,1,0010000000000000000000111100000000000000000000000000000000000000
132222,6,2/3,pinned,0,,,,,,,,64,1,,0000000000000000000000000000000000000000000000000000000000000000
132222,6,3/4,remined,0,1,,,,,,,64,1,1,0010000000000000000000000000000000000000000000000000000000000000
132222,6,3/4,pinned,0,,,,,,,,64,1,,0000000000000000000000000000000000000000000000000000000000000000
132222,6,4/5,remined,0,1,,,,,,,64,1,1,0010000000000000000000000000000000000000000000000000000000000000
132222,6,4/5,pinned,0,,,,,,,,64,1,,0000000000000000000000000000000000000000000000000000000000000000
132222,6,1/1,remined,0,1,,,,,,,64,1,1,0010000000000000000000000000000000000000000000000000000000000000
132222,6,1/1,pinned,0,,,,,,,,64,1,,0000000000000000000000000000000000000000000000000000000000000000
132223,6,1/2,remined,1,1,2,1,0,1,0,0,64,1,1,0010001111111111001011111100101100101100001111110111011100111001
132223,6,1/2,pinned,1,4,4,4,1,1,0,0,64,1,4,0000000000000000000000000000000000000000000010110000000000111001
132223,6,2/3,remined,0,1,,,,,,,64,1,1,0010001000000001000000111100101100101100000010110000000000000000
132223,6,2/3,pinned,0,,,,,,,,64,1,,0000000000000000000000000000000000000000000000000000000000000000
132223,6,3/4,remined,0,1,,,,,,,64,1,1,0010001000000001000000000000000000000000000010110000000000000000
132223,6,3/4,pinned,0,,,,,,,,64,1,,0000000000000000000000000000000000000000000000000000000000000000
132223,6,4/5,remined,0,1,,,,,,,64,1,1,0010001000000001000000000000000000000000000000000000000000000000
132223,6,4/5,pinned,0,,,,,,,,64,1,,0000000000000000000000000000000000000000000000000000000000000000
132223,6,1/1,remined,0,1,,,,,,,64,1,1,0010001000000001000000000000000000000000000000000000000000000000
132223,6,1/1,pinned,0,,,,,,,,64,1,,0000000000000000000000000000000000000000000000000000000000000000
132231,6,1/2,remined,1,1,1,1,1,1,0,0,64,1,1,0010010111101111011111111001010001111100111111111111111111111111
132231,6,1/2,pinned,1,4,4,4,1,1,0,0,64,1,4,0000000000000000000000000000000000000000000101000000001101111111
132231,6,2/3,remined,1,1,6,6,1,0,1,0,64,1,1,0010010000000010000000111001010001111100110101000000001100000001
132231,6,2/3,pinned,1,6,6,6,1,1,1,1,64,1,6,0000000000000000000000000000000000000000000000000000000000000001
132231,6,3/4,remined,0,1,,,,,,,64,1,1,0010010000000010000000000000000000000000000101000000001100000000
132231,6,3/4,pinned,0,,,,,,,,64,1,,0000000000000000000000000000000000000000000000000000000000000000
132231,6,4/5,remined,0,1,,,,,,,64,1,1,0010010000000010000000000000000000000000000000000000000000000000
132231,6,4/5,pinned,0,,,,,,,,64,1,,0000000000000000000000000000000000000000000000000000000000000000
132231,6,1/1,remined,0,1,,,,,,,64,1,1,0010010000000010000000000000000000000000000000000000000000000000
132231,6,1/1,pinned,0,,,,,,,,64,1,,0000000000000000000000000000000000000000000000000000000000000000
132232,6,1/2,remined,1,1,2,1,0,1,0,0,64,1,1,0010010111111111010101111101010101010100001111111011101101011001
132232,6,1/2,pinned,1,4,4,4,1,1,0,0,64,1,4,0000000000000000000000000000000000000000000101010000000001011001
132232,6,2/3,remined,0,1,,,,,,,64,1,1,0010010000000010000000111101010101010100000101010000000000000000
132232,6,2/3,pinned,0,,,,,,,,64,1,,0000000000000000000000000000000000000000000000000000000000000000
132232,6,3/4,remined,0,1,,,,,,,64,1,1,0010010000000010000000000000000000000000000101010000000000000000
132232,6,3/4,pinned,0,,,,,,,,64,1,,0000000000000000000000000000000000000000000000000000000000000000
132232,6,4/5,remined,0,1,,,,,,,64,1,1,0010010000000010000000000000000000000000000000000000000000000000
132232,6,4/5,pinned,0,,,,,,,,64,1,,0000000000000000000000000000000000000000000000000000000000000000
132232,6,1/1,remined,0,1,,,,,,,64,1,1,0010010000000010000000000000000000000000000000000000000000000000
132232,6,1/1,pinned,0,,,,,,,,64,1,,0000000000000000000000000000000000000000000000000000000000000000
132233,6,1/2,remined,1,1,1,1,1,1,0,0,64,1,1,0010011111111111011111111101111101111100111111111111111111111111
132233,6,1/2,pinned,1,3,3,3,1,1,0,0,64,1,3,0000000000000000000000000000000000000100000111110011001101111111
132233,6,2/3,remined,1,1,3,1,0,1,0,0,64,1,1,0010011000000011000001111101111101111100110111110011001100011001
132233,6,2/3,pinned,1,5,5,5,1,1,0,0,64,1,5,0000000000000000000000000000000000000000000000000000000000011001
132233,6,3/4,remined,0,1,,,,,,,64,1,1,0010011000000011000001000000000000000100000111110011001100011000
132233,6,3/4,pinned,0,,,,,,,,64,1,,0000000000000000000000000000000000000000000000000000000000000000
132233,6,4/5,remined,0,1,,,,,,,64,1,1,0010011000000011000001000000000000000100000000000000000000011000
132233,6,4/5,pinned,0,,,,,,,,64,1,,0000000000000000000000000000000000000000000000000000000000000000
132233,6,1/1,remined,0,1,,,,,,,64,1,1,0010011000000011000001000000000000000100000000000000000000000000
132233,6,1/1,pinned,0,,,,,,,,64,1,,0000000000000000000000000000000000000000000000000000000000000000
132311,6,1/2,remined,1,1,2,1,0,1,0,0,64,1,1,0010100111001111111110110010000011111011001111101100111111100011
132311,6,1/2,pinned,1,4,4,4,1,1,0,0,64,1,4,0000000000000000000000000000000000000000001000000000110001100011
132311,6,2/3,remined,0,1,,,,,,,64,1,1,0010100000000100000000110010000011111011001000000000110000000000
132311,6,2/3,pinned,0,,,,,,,,64,1,,0000000000000000000000000000000000000000000000000000000000000000
132311,6,3/4,remined,0,1,,,,,,,64,1,1,0010100000000100000000000000000000000000001000000000110000000000
132311,6,3/4,pinned,0,,,,,,,,64,1,,0000000000000000000000000000000000000000000000000000000000000000
132311,6,4/5,remined,0,1,,,,,,,64,1,1,0010100000000100000000000000000000000000000000000000000000000000
132311,6,4/5,pinned,0,,,,,,,,64,1,,0000000000000000000000000000000000000000000000000000000000000000
132311,6,1/1,remined,0,1,,,,,,,64,1,1,0010100000000100000000000000000000000000000000000000000000000000
132311,6,1/1,pinned,0,,,,,,,,64,1,,0000000000000000000000000000000000000000000000000000000000000000
132312,6,1/2,remined,1,1,2,2,1,1,0,0,64,1,1,0010100111011111110111110110001011011110011111111111111111111111
132312,6,1/2,pinned,1,4,4,4,1,1,0,0,64,1,4,0000000000000000000000000000000000000000001000100000100101111111
132312,6,2/3,remined,1,1,6,6,1,0,1,0,64,1,1,0010100000000100000000110110001011011110011000100000100100000001
132312,6,2/3,pinned,1,6,6,6,1,1,1,1,64,1,6,0000000000000000000000000000000000000000000000000000000000000001
132312,6,3/4,remined,0,1,,,,,,,64,1,1,0010100000000100000000000000000000000000001000100000100100000000
132312,6,3/4,pinned,0,,,,,,,,64,1,,0000000000000000000000000000000000000000000000000000000000000000
132312,6,4/5,remined,0,1,,,,,,,64,1,1,0010100000000100000000000000000000000000000000000000000000000000
132312,6,4/5,pinned,0,,,,,,,,64,1,,0000000000000000000000000000000000000000000000000000000000000000
132312,6,1/1,remined,0,1,,,,,,,64,1,1,0010100000000100000000000000000000000000000000000000000000000000
132312,6,1/1,pinned,0,,,,,,,,64,1,,0000000000000000000000000000000000000000000000000000000000000000
132313,6,1/2,remined,1,1,1,1,1,1,0,0,64,1,1,0010101111011111111111110110101011111111111111111111111111111111
132313,6,1/2,pinned,1,3,4,4,1,1,0,0,64,1,3,0000000000000000000000000000000000001000001010100100111111111111
132313,6,2/3,remined,1,1,1,1,1,1,0,0,64,1,1,0010101000000101000010110110101011111111111010100100111110100011
132313,6,2/3,pinned,1,5,5,5,1,1,0,0,64,1,5,0000000000000000000000000000000000000000000000000000000000100011
132313,6,3/4,remined,0,1,,,,,,,64,1,1,0010101000000101000010000000000000001000001010100100111110100010
132313,6,3/4,pinned,0,,,,,,,,64,1,,0000000000000000000000000000000000000000000000000000000000000000
132313,6,4/5,remined,0,1,,,,,,,64,1,1,0010101000000101000010000000000000001000000000000000000000100010
132313,6,4/5,pinned,0,,,,,,,,64,1,,0000000000000000000000000000000000000000000000000000000000000000
132313,6,1/1,remined,0,1,,,,,,,64,1,1,0010101000000101000010000000000000001000000000000000000000000000
132313,6,1/1,pinned,0,,,,,,,,64,1,,0000000000000000000000000000000000000000000000000000000000000000
132321,6,1/2,remined,1,1,2,2,1,1,0,0,64,1,1,0010100111101111101111111010010010111101011111111111111111111111
132321,6,1/2,pinned,1,4,4,4,1,1,0,0,64,1,4,0000000000000000000000000000000000000000001001000000010101111111
132321,6,2/3,remined,1,1,6,6,1,0,1,0,64,1,1,0010100000000100000000111010010010111101011001000000010100000001
132321,6,2/3,pinned,1,6,6,6,1,1,1,1,64,1,6,0000000000000000000000000000000000000000000000000000000000000001
132321,6,3/4,remined,0,1,,,,,,,64,1,1,0010100000000100000000000000000000000000001001000000010100000000
132321,6,3/4,pinned,0,,,,,,,,64,1,,0000000000000000000000000000000000000000000000000000000000000000
132321,6,4/5,remined,0,1,,,,,,,64,1,1,0010100000000100000000000000000000000000000000000000000000000000
132321,6,4/5,pinned,0,,,,,,,,64,1,,0000000000000000000000000000000000000000000000000000000000000000
132321,6,1/1,remined,0,1,,,,,,,64,1,1,0010100000000100000000000000000000000000000000000000000000000000
132321,6,1/1,pinned,0,,,,,,,,64,1,,0000000000000000000000000000000000000000000000000000000000000000
132322,6,1/2,remined,1,1,2,1,0,1,0,0,64,1,1,0010100111111111100110111110011010011000001111111101110101101001
132322,6,1/2,pinned,1,4,4,4,1,1,0,0,64,1,4,0000000000000000000000000000000000000000001001100000000001101001
132322,6,2/3,remined,0,1,,,,,,,64,1,1,0010100000000100000000111110011010011000001001100000000000000000
132322,6,2/3,pinned,0,,,,,,,,64,1,,0000000000000000000000000000000000000000000000000000000000000000
132322,6,3/4,remined,0,1,,,,,,,64,1,1,0010100000000100000000000000000000000000001001100000000000000000
132322,6,3/4,pinned,0,,,,,,,,64,1,,0000000000000000000000000000000000000000000000000000000000000000
132322,6,4/5,remined,0,1,,,,,,,64,1,1,0010100000000100000000000000000000000000000000000000000000000000
132322,6,4/5,pinned,0,,,,,,,,64,1,,0000000000000000000000000000000000000000000000000000000000000000
132322,6,1/1,remined,0,1,,,,,,,64,1,1,0010100000000100000000000000000000000000000000000000000000000000
132322,6,1/1,pinned,0,,,,,,,,64,1,,0000000000000000000000000000000000000000000000000000000000000000
132323,6,1/2,remined,1,1,1,1,1,1,0,0,64,1,1,0010101111111111101111111110111110111101011111111111111111111111
132323,6,1/2,pinned,1,3,3,3,1,1,0,0,64,1,3,0000000000000000000000000000000000001000001011110101010101111111
132323,6,2/3,remined,1,1,3,1,0,1,0,0,64,1,1,0010101000000101000010111110111110111101011011110101010100101001
132323,6,2/3,pinned,1,5,5,5,1,1,0,0,64,1,5,0000000000000000000000000000000000000000000000000000000000101001
132323,6,3/4,remined,0,1,,,,,,,64,1,1,0010101000000101000010000000000000001000001011110101010100101000
132323,6,3/4,pinned,0,,,,,,,,64,1,,0000000000000000000000000000000000000000000000000000000000000000
132323,6,4/5,remined,0,1,,,,,,,64,1,1,0010101000000101000010000000000000001000000000000000000000101000
132323,6,4/5,pinned,0,,,,,,,,64,1,,0000000000000000000000000000000000000000000000000000000000000000
132323,6,1/1,remined,0,1,,,,,,,64,1,1,0010101000000101000010000000000000001000000000000000000000000000
132323,6,1/1,pinned,0,,,,,,,,64,1,,0000000000000000000000000000000000000000000000000000000000000000
132331,6,1/2,remined,1,1,1,1,1,1,0,0,64,1,1,0010110111101111111111111011010011111111111111111111111111111111
132331,6,1/2,pinned,1,3,4,4,1,1,0,0,64,1,3,0000000000000000000000000000000000010000001101001000111111111111
132331,6,2/3,remined,1,1,2,1,0,1,0,0,64,1,1,0010110000000110000100111011010011111111111101001000111111000011
132331,6,2/3,pinned,1,5,5,5,1,1,0,0,64,1,5,0000000000000000000000000000000000000000000000000000000001000011
132331,6,3/4,remined,0,1,,,,,,,64,1,1,0010110000000110000100000000000000010000001101001000111111000010
132331,6,3/4,pinned,0,,,,,,,,64,1,,0000000000000000000000000000000000000000000000000000000000000000
132331,6,4/5,remined,0,1,,,,,,,64,1,1,0010110000000110000100000000000000010000000000000000000001000010
132331,6,4/5,pinned,0,,,,,,,,64,1,,0000000000000000000000000000000000000000000000000000000000000000
132331,6,1/1,remined,0,1,,,,,,,64,1,1,0010110000000110000100000000000000010000000000000000000000000000
132331,6,1/1,pinned,0,,,,,,,,64,1,,0000000000000000000000000000000000000000000000000000000000000000
132332,6,1/2,remined,1,1,1,1,1,1,0,0,64,1,1,0010110111111111110111111111011111011110011111111111111111111111
132332,6,1/2,pinned,1,3,3,3,1,1,0,0,64,1,3,0000000000000000000000000000000000010000001101111001100101111111
132332,6,2/3,remined,1,1,3,3,1,0,0,0,64,1,1,0010110000000110000100111111011111011110011101111001100101001001
132332,6,2/3,pinned,1,5,5,5,1,1,0,0,64,1,5,0000000000000000000000000000000000000000000000000000000001001001
132332,6,3/4,remined,0,1,,,,,,,64,1,1,0010110000000110000100000000000000010000001101111001100101001000
132332,6,3/4,pinned,0,,,,,,,,64,1,,0000000000000000000000000000000000000000000000000000000000000000
132332,6,4/5,remined,0,1,,,,,,,64,1,1,0010110000000110000100000000000000010000000000000000000001001000
132332,6,4/5,pinned,0,,,,,,,,64,1,,0000000000000000000000000000000000000000000000000000000000000000
132332,6,1/1,remined,0,1,,,,,,,64,1,1,0010110000000110000100000000000000010000000000000000000000000000
132332,6,1/1,pinned,0,,,,,,,,64,1,,0000000000000000000000000000000000000000000000000000000000000000
132333,6,1/2,remined,1,1,1,1,1,1,0,0,64,1,1,0010111111111111111111111111111111111111111111111111111111111111
132333,6,1/2,pinned,1,3,3,3,1,1,0,0,64,1,3,0000000000000000000000000000000000011100011111111111111111111111
132333,6,2/3,remined,1,1,1,1,1,1,0,0,64,1,1,0010111000000111000111111111111111111111111111111111111111111111
132333,6,2/3,pinned,1,4,4,4,1,1,0,0,64,1,4,0000000000000000000000000000000000000000000000000000000101111111
132333,6,3/4,remined,1,1,1,1,1,1,0,0,64,1,1,0010111000000111000111000000000000011100011111111111111111111111
132333,6,3/4,pinned,1,6,6,6,1,1,1,1,64,1,6,0000000000000000000000000000000000000000000000000000000000000001
132333,6,4/5,remined,1,1,1,1,1,1,0,0,64,1,1,0010111000000111000111000000000000011100010000000000000101111111
132333,6,4/5,pinned,1,6,6,6,1,1,1,1,64,1,6,0000000000000000000000000000000000000000000000000000000000000001
132333,6,1/1,remined,0,1,,,,,,,64,1,1,0010111000000111000111000000000000011100010000000000000100000000
132333,6,1/1,pinned,0,,,,,,,,64,1,,0000000000000000000000000000000000000000000000000000000000000000
133111,6,1/2,remined,0,1,,,,,,,64,1,1,0011000110001111111000100000000011100000001110000000111000000000
133111,6,1/2,pinned,0,,,,,,,,64,1,,0000000000000000000000000000000000000000000000000000000000000000
133111,6,2/3,remined,0,1,,,,,,,64,1,1,0011000000001000000000100000000011100000000000000000000000000000
133111,6,2/3,pinned,0,,,,,,,,64,1,,0000000000000000000000000000000000000000000000000000000000000000
133111,6,3/4,remined,0,1,,,,,,,64,1,1,0011000000001000000000000000000000000000000000000000000000000000
133111,6,3/4,pinned,0,,,,,,,,64,1,,0000000000000000000000000000000000000000000000000000000000000000
133111,6,4/5,remined,0,1,,,,,,,64,1,1,0011000000001000000000000000000000000000000000000000000000000000
133111,6,4/5,pinned,0,,,,,,,,64,1,,0000000000000000000000000000000000000000000000000000000000000000
133111,6,1/1,remined,0,1,,,,,,,64,1,1,0011000000001000000000000000000000000000000000000000000000000000
133111,6,1/1,pinned,0,,,,,,,,64,1,,0000000000000000000000000000000000000000000000000000000000000000
133112,6,1/2,remined,1,1,1,1,1,1,0,0,64,1,1,0011000110011111111011100100100011101101101110110110111110110011
133112,6,1/2,pinned,1,4,4,4,1,1,0,0,64,1,4,0000000000000000000000000000000000000000000010000000011000110011
133112,6,2/3,remined,0,1,,,,,,,64,1,1,0011000000001000000000100100100011101101100010000000011000000000
133112,6,2/3,pinned,0,,,,,,,,64,1,,0000000000000000000000000000000000000000000000000000000000000000
133112,6,3/4,remined,0,1,,,,,,,64,1,1,0011000000001000000000000000000000000000000010000000011000000000
133112,6,3/4,pinned,0,,,,,,,,64,1,,0000000000000000000000000000000000000000000000000000000000000000
133112,6,4/5,remined,0,1,,,,,,,64,1,1,0011000000001000000000000000000000000000000000000000000000000000
133112,6,4/5,pinned,0,,,,,,,,64,1,,0000000000000000000000000000000000000000000000000000000000000000
133112,6,1/1,remined,0,1,,,,,,,64,1,1,0011000000001000000000000000000000000000000000000000000000000000
133112,6,1/1,pinned,0,,,,,,,,64,1,,0000000000000000000000000000000000000000000000000000000000000000
133113,6,1/2,remined,1,1,1,1,1,1,0,0,64,1,1,0011001110011111111011100100100011101101101110110110111110110011
133113,6,1/2,pinned,1,3,3,3,1,1,0,0,64,1,3,0000000000000000000000000000000000100000000010000000011000110011
133113,6,2/3,remined,0,1,,,,,,,64,1,1,0011001000001001001000100100100011101101100010000000011000000000
133113,6,2/3,pinned,0,,,,,,,,64,1,,0000000000000000000000000000000000000000000000000000000000000000
133113,6,3/4,remined,0,1,,,,,,,64,1,1,0011001000001001001000000000000000100000000010000000011000000000
133113,6,3/4,pinned,0,,,,,,,,64,1,,0000000000000000000000000000000000000000000000000000000000000000
133113,6,4/5,remined,0,1,,,,,,,64,1,1,0011001000001001001000000000000000100000000000000000000000000000
133113,6,4/5,pinned,0,,,,,,,,64,1,,0000000000000000000000000000000000000000000000000000000000000000
133113,6,1/1,remined,0,1,,,,,,,64,1,1,0011001000001001001000000000000000100000000000000000000000000000
133113,6,1/1,pinned,0,,,,,,,,64,1,,0000000000000000000000000000000000000000000000000000000000000000
133121,6,1/2,remined,1,1,1,1,1,1,0,0,64,1,1,0011000110101111111101101001000011110110101111011010111111010011
133121,6,1/2,pinned,1,4,4,4,1,1,0,0,64,1,4,0000000000000000000000000000000000000000000100000000101001010011
133121,6,2/3,remined,0,1,,,,,,,64,1,1,0011000000001000000000101001000011110110100100000000101000000000
133121,6,2/3,pinned,0,,,,,,,,64,1,,0000000000000000000000000000000000000000000000000000000000000000
133121,6,3/4,remined,0,1,,,,,,,64,1,1,0011000000001000000000000000000000000000000100000000101000000000
133121,6,3/4,pinned,0,,,,,,,,64,1,,0000000000000000000000000000000000000000000000000000000000000000
133121,6,4/5,remined,0,1,,,,,,,64,1,1,0011000000001000000000000000000000000000000000000000000000000000
133121,6,4/5,pinned,0,,,,,,,,64,1,,0000000000000000000000000000000000000000000000000000000000000000
133121,6,1/1,remined,0,1,,,,,,,64,1,1,0011000000001000000000000000000000000000000000000000000000000000
133121,6,1/1,pinned,0,,,,,,,,64,1,,0000000000000000000000000000000000000000000000000000000000000000
133122,6,1/2,remined,1,1,2,1,0,1,0,0,64,1,1,0011000110111111111110101101100011111011001111111111111111111111
133122,6,1/2,pinned,1,4,4,4,1,1,0,0,64,1,4,0000000000000000000000000000000000000000000110000000110001111111
133122,6,2/3,remined,1,1,6,6,1,0,1,0,64,1,1,0011000000001000000000101101100011111011000110000000110000000001
133122,6,2/3,pinned,1,6,6,6,1,1,1,1,64,1,6,0000000000000000000000000000000000000000000000000000000000000001
133122,6,3/4,remined,0,1,,,,,,,64,1,1,0011000000001000000000000000000000000000000110000000110000000000
133122,6,3/4,pinned,0,,,,,,,,64,1,,0000000000000000000000000000000000000000000000000000000000000000
133122,6,4/5,remined,0,1,,,,,,,64,1,1,0011000000001000000000000000000000000000000000000000000000000000
133122,6,4/5,pinned,0,,,,,,,,64,1,,0000000000000000000000000000000000000000000000000000000000000000
133122,6,1/1,remined,0,1,,,,,,,64,1,1,0011000000001000000000000000000000000000000000000000000000000000
133122,6,1/1,pinned,0,,,,,,,,64,1,,0000000000000000000000000000000000000000000000000000000000000000
133123,6,1/2,remined,1,1,1,1,1,1,0,0,64,1,1,0011001110111111111111101101100111111111111111111111111111111111
133123,6,1/2,pinned,1,3,4,4,1,1,0,0,64,1,3,0000000000000000000000000000000000100000000110010010111111111111
133123,6,2/3,remined,1,1,3,3,1,0,0,0,64,1,1,0011001000001001001000101101100111111111110110010010111110010011
133123,6,2/3,pinned,1,5,5,5,1,1,0,0,64,1,5,0000000000000000000000000000000000000000000000000000000000010011
133123,6,3/4,remined,0,1,,,,,,,64,1,1,0011001000001001001000000000000000100000000110010010111110010010
133123,6,3/4,pinned,0,,,,,,,,64,1,,0000000000000000000000000000000000000000000000000000000000000000
133123,6,4/5,remined,0,1,,,,,,,64,1,1,0011001000001001001000000000000000100000000000000000000000010010
133123,6,4/5,pinned,0,,,,,,,,64,1,,0000000000000000000000000000000000000000000000000000000000000000
133123,6,1/1,remined,0,1,,,,,,,64,1,1,0011001000001001001000000000000000100000000000000000000000000000
133123,6,1/1,pinned,0,,,,,,,,64,1,,0000000000000000000000000000000000000000000000000000000000000000
133131,6,1/2,remined,1,1,1,1,1,1,0,0,64,1,1,0011010110101111111101101001000011110110101111011010111111010011
133131,6,1/2,pinned,1,3,3,3,1,1,0,0,64,1,3,0000000000000000000000000000000001000000000100000000101001010011
133131,6,2/3,remined,0,1,,,,,,,64,1,1,0011010000001010010000101001000011110110100100000000101000000000
133131,6,2/3,pinned,0,,,,,,,,64,1,,0000000000000000000000000000000000000000000000000000000000000000
133131,6,3/4,remined,0,1,,,,,,,64,1,1,0011010000001010010000000000000001000000000100000000101000000000
133131,6,3/4,pinned,0,,,,,,,,64,1,,0000000000000000000000000000000000000000000000000000000000000000
133131,6,4/5,remined,0,1,,,,,,,64,1,1,0011010000001010010000000000000001000000000000000000000000000000
133131,6,4/5,pinned,0,,,,,,,,64,1,,0000000000000000000000000000000000000000000000000000000000000000
133131,6,1/1,remined,0,1,,,,,,,64,1,1,0011010000001010010000000000000001000000000000000000000000000000
133131,6,1/1,pinned,0,,,,,,,,64,1,,0000000000000000000000000000000000000000000000000000000000000000
133132,6,1/2,remined,1,1,1,1,1,1,0,0,64,1,1,0011010110111111111111101101100111111111111111111111111111111111
133132,6,1/2,pinned,1,3,4,4,1,1,0,0,64,1,3,0000000000000000000000000000000001000000000110010010111111111111
133132,6,2/3,remined,1,1,3,3,1,0,0,0,64,1,1,0011010000001010010000101101100111111111110110010010111110010011
133132,6,2/3,pinned,1,5,5,5,1,1,0,0,64,1,5,0000000000000000000000000000000000000000000000000000000000010011
133132,6,3/4,remined,0,1,,,,,,,64,1,1,0011010000001010010000000000000001000000000110010010111110010010
133132,6,3/4,pinned,0,,,,,,,,64,1,,0000000000000000000000000000000000000000000000000000000000000000
133132,6,4/5,remined,0,1,,,,,,,64,1,1,0011010000001010010000000000000001000000000000000000000000010010
133132,6,4/5,pinned,0,,,,,,,,64,1,,0000000000000000000000000000000000000000000000000000000000000000
133132,6,1/1,remined,0,1,,,,,,,64,1,1,0011010000001010010000000000000001000000000000000000000000000000
133132,6,1/1,pinned,0,,,,,,,,64,1,,0000000000000000000000000000000000000000000000000000000000000000
133133,6,1/2,remined,1,1,1,1,1,1,0,0,64,1,1,0011011110111111111111101101100111111111111111111111111111111111
133133,6,1/2,pinned,1,3,3,3,1,1,0,0,64,1,3,0000000000000000000000000000000001100100100110010010111111111111
133133,6,2/3,remined,1,1,1,1,1,1,0,0,64,1,1,0011011000001011011001101101100111111111110110010010111110010011
133133,6,2/3,pinned,1,4,4,4,1,1,0,0,64,1,4,0000000000000000000000000000000000000000000000000000001000010011
133133,6,3/4,remined,0,1,,,,,,,64,1,1,0011011000001011011001000000000001100100100110010010111110010010
133133,6,3/4,pinned,0,,,,,,,,64,1,,0000000000000000000000000000000000000000000000000000000000000000
133133,6,4/5,remined,0,1,,,,,,,64,1,1,0011011000001011011001000000000001100100100000000000001000010010
133133,6,4/5,pinned,0,,,,,,,,64,1,,0000000000000000000000000000000000000000000000000000000000000000
133133,6,1/1,remined,0,1,,,,,,,64,1,1,0011011000001011011001000000000001100100100000000000001000000000
133133,6,1/1,pinned,0,,,,,,,,64,1,,0000000000000000000000000000000000000000000000000000000000000000
133211,6,1/2,remined,1,1,2,1,0,1,0,0,64,1,1,0011000111001111111110110010000011111011001111101100111111100011
133211,6,1/2,pinned,1,4,4,4,1,1,0,0,64,1,4,0000000000000000000000000000000000000000001000000000110001100011
133211,6,2/3,remined,0,1,,,,,,,64,1,1,0011000000001000000000110010000011111011001000000000110000000000
133211,6,2/3,pinned,0,,,,,,,,64,1,,0000000000000000000000000000000000000000000000000000000000000000
133211,6,3/4,remined,0,1,,,,,,,64,1,1,0011000000001000000000000000000000000000001000000000110000000000
133211,6,3/4,pinned,0,,,,,,,,64,1,,0000000000000000000000000000000000000000000000000000000000000000
133211,6,4/5,remined,0,1,,,,,,,64,1,1,0011000000001000000000000000000000000000000000000000000000000000
133211,6,4/5,pinned,0,,,,,,,,64,1,,0000000000000000000000000000000000000000000000000000000000000000
133211,6,1/1,remined,0,1,,,,,,,64,1,1,0011000000001000000000000000000000000000000000000000000000000000
133211,6,1/1,pinned,0,,,,,,,,64,1,,0000000000000000000000000000000000000000000000000000000000000000
133212,6,1/2,remined,1,1,1,1,1,1,0,0,64,1,1,0011000111011111111101110110100011110110101111111111111111111111
133212,6,1/2,pinned,1,4,4,4,1,1,0,0,64,1,4,0000000000000000000000000000000000000000001010000000101001111111
133212,6,2/3,remined,1,1,6,6,1,0,1,0,64,1,1,0011000000001000000000110110100011110110101010000000101000000001
133212,6,2/3,pinned,1,6,6,6,1,1,1,1,64,1,6,0000000000000000000000000000000000000000000000000000000000000001
133212,6,3/4,remined,0,1,,,,,,,64,1,1,0011000000001000000000000000000000000000001010000000101000000000
133212,6,3/4,pinned,0,,,,,,,,64,1,,0000000000000000000000000000000000000000000000000000000000000000
133212,6,4/5,remined,0,1,,,,,,,64,1,1,0011000000001000000000000000000000000000000000000000000000000000
133212,6,4/5,pinned,0,,,,,,,,64,1,,0000000000000000000000000000000000000000000000000000000000000000
133212,6,1/1,remined,0,1,,,,,,,64,1,1,0011000000001000000000000000000000000000000000000000000000000000
133212,6,1/1,pinned,0,,,,,,,,64,1,,0000000000000000000000000000000000000000000000000000000000000000
133213,6,1/2,remined,1,1,1,1,1,1,0,0,64,1,1,0011001111011111111111110110101011111111111111111111111111111111
133213,6,1/2,pinned,1,3,4,4,1,1,0,0,64,1,3,0000000000000000000000000000000000100000001010100100111111111111
133213,6,2/3,remined,1,1,3,3,1,0,0,0,64,1,1,0011001000001001001000110110101011111111111010100100111110100011
133213,6,2/3,pinned,1,5,5,5,1,1,0,0,64,1,5,0000000000000000000000000000000000000000000000000000000000100011
133213,6,3/4,remined,0,1,,,,,,,64,1,1,0011001000001001001000000000000000100000001010100100111110100010
133213,6,3/4,pinned,0,,,,,,,,64,1,,0000000000000000000000000000000000000000000000000000000000000000
133213,6,4/5,remined,0,1,,,,,,,64,1,1,0011001000001001001000000000000000100000000000000000000000100010
133213,6,4/5,pinned,0,,,,,,,,64,1,,0000000000000000000000000000000000000000000000000000000000000000
133213,6,1/1,remined,0,1,,,,,,,64,1,1,0011001000001001001000000000000000100000000000000000000000000000
133213,6,1/1,pinned,0,,,,,,,,64,1,,0000000000000000000000000000000000000000000000000000000000000000
133221,6,1/2,remined,1,1,1,1,1,1,0,0,64,1,1,0011000111101111111011111011000011101101101111111111111111111111
133221,6,1/2,pinned,1,4,4,4,1,1,0,0,64,1,4,0000000000000000000000000000000000000000001100000000011001111111
133221,6,2/3,remined,1,1,6,6,1,0,1,0,64,1,1,0011000000001000000000111011000011101101101100000000011000000001
133221,6,2/3,pinned,1,6,6,6,1,1,1,1,64,1,6,0000000000000000000000000000000000000000000000000000000000000001
133221,6,3/4,remined,0,1,,,,,,,64,1,1,0011000000001000000000000000000000000000001100000000011000000000
133221,6,3/4,pinned,0,,,,,,,,64,1,,0000000000000000000000000000000000000000000000000000000000000000
133221,6,4/5,remined,0,1,,,,,,,64,1,1,0011000000001000000000000000000000000000000000000000000000000000
133221,6,4/5,pinned,0,,,,,,,,64,1,,0000000000000000000000000000000000000000000000000000000000000000
133221,6,1/1,remined,0,1,,,,,,,64,1,1,0011000000001000000000000000000000000000000000000000000000000000
133221,6,1/1,pinned,0,,,,,,,,64,1,,0000000000000000000000000000000000000000000000000000000000000000
133222,6,1/2,remined,1,1,3,1,0,1,0,0,64,1,1,0011000111111111111000111111100011100000001111111110111001110001
133222,6,1/2,pinned,1,4,4,4,1,1,0,0,64,1,4,0000000000000000000000000000000000000000001110000000000001110001
133222,6,2/3,remined,0,1,,,,,,,64,1,1,0011000000001000000000111111100011100000001110000000000000000000
133222,6,2/3,pinned,0,,,,,,,,64,1,,0000000000000000000000000000000000000000000000000000000000000000
133222,6,3/4,remined,0,1,,,,,,,64,1,1,0011000000001000000000000000000000000000001110000000000000000000
133222,6,3/4,pinned,0,,,,,,,,64,1,,0000000000000000000000000000000000000000000000000000000000000000
133222,6,4/5,remined,0,1,,,,,,,64,1,1,0011000000001000000000000000000000000000000000000000000000000000
133222,6,4/5,pinned,0,,,,,,,,64,1,,0000000000000000000000000000000000000000000000000000000000000000
133222,6,1/1,remined,0,1,,,,,,,64,1,1,0011000000001000000000000000000000000000000000000000000000000000
133222,6,1/1,pinned,0,,,,,,,,64,1,,0000000000000000000000000000000000000000000000000000000000000000
133223,6,1/2,remined,1,1,1,1,1,1,0,0,64,1,1,0011001111111111111011111111101111101101101111111111111111111111
133223,6,1/2,pinned,1,3,3,3,1,1,0,0,64,1,3,0000000000000000000000000000000000100000001110110110011001111111
133223,6,2/3,remined,1,1,3,1,0,1,0,0,64,1,1,0011001000001001001000111111101111101101101110110110011000110001
133223,6,2/3,pinned,1,5,5,5,1,1,0,0,64,1,5,0000000000000000000000000000000000000000000000000000000000110001
133223,6,3/4,remined,0,1,,,,,,,64,1,1,0011001000001001001000000000000000100000001110110110011000110000
133223,6,3/4,pinned,0,,,,,,,,64,1,,0000000000000000000000000000000000000000000000000000000000000000
133223,6,4/5,remined,0,1,,,,,,,64,1,1,0011001000001001001000000000000000100000000000000000000000110000
133223,6,4/5,pinned,0,,,,,,,,64,1,,0000000000000000000000000000000000000000000000000000000000000000
133223,6,1/1,remined,0,1,,,,,,,64,1,1,0011001000001001001000000000000000100000000000000000000000000000
133223,6,1/1,pinned,0,,,,,,,,64,1,,0000000000000000000000000000000000000000000000000000000000000000
133231,6,1/2,remined,1,1,1,1,1,1,0,0,64,1,1,0011010111101111111111111011010011111111111111111111111111111111
133231,6,1/2,pinned,1,3,4,4,1,1,0,0,64,1,3,0000000000000000000000000000000001000000001101001000111111111111
133231,6,2/3,remined,1,1,3,3,1,0,0,0,64,1,1,0011010000001010010000111011010011111111111101001000111111000011
133231,6,2/3,pinned,1,5,5,5,1,1,0,0,64,1,5,0000000000000000000000000000000000000000000000000000000001000011
133231,6,3/4,remined,0,1,,,,,,,64,1,1,0011010000001010010000000000000001000000001101001000111111000010
133231,6,3/4,pinned,0,,,,,,,,64,1,,0000000000000000000000000000000000000000000000000000000000000000
133231,6,4/5,remined,0,1,,,,,,,64,1,1,0011010000001010010000000000000001000000000000000000000001000010
133231,6,4/5,pinned,0,,,,,,,,64,1,,0000000000000000000000000000000000000000000000000000000000000000
133231,6,1/1,remined,0,1,,,,,,,64,1,1,0011010000001010010000000000000001000000000000000000000000000000
133231,6,1/1,pinned,0,,,,,,,,64,1,,0000000000000000000000000000000000000000000000000000000000000000
133232,6,1/2,remined,1,1,1,1,1,1,0,0,64,1,1,0011010111111111111101111111110111110110101111111111111111111111
133232,6,1/2,pinned,1,3,3,3,1,1,0,0,64,1,3,0000000000000000000000000000000001000000001111011010101001111111
133232,6,2/3,remined,1,1,3,1,0,1,0,0,64,1,1,0011010000001010010000111111110111110110101111011010101001010001
133232,6,2/3,pinned,1,5,5,5,1,1,0,0,64,1,5,0000000000000000000000000000000000000000000000000000000001010001
133232,6,3/4,remined,0,1,,,,,,,64,1,1,0011010000001010010000000000000001000000001111011010101001010000
133232,6,3/4,pinned,0,,,,,,,,64,1,,0000000000000000000000000000000000000000000000000000000000000000
133232,6,4/5,remined,0,1,,,,,,,64,1,1,0011010000001010010000000000000001000000000000000000000001010000
133232,6,4/5,pinned,0,,,,,,,,64,1,,0000000000000000000000000000000000000000000000000000000000000000
133232,6,1/1,remined,0,1,,,,,,,64,1,1,0011010000001010010000000000000001000000000000000000000000000000
133232,6,1/1,pinned,0,,,,,,,,64,1,,0000000000000000000000000000000000000000000000000000000000000000
133233,6,1/2,remined,1,1,1,1,1,1,0,0,64,1,1,0011011111111111111111111111111111111111111111111111111111111111
133233,6,1/2,pinned,1,3,3,3,1,1,0,0,64,1,3,0000000000000000000000000000000001100100101111111111111111111111
133233,6,2/3,remined,1,1,1,1,1,1,0,0,64,1,1,0011011000001011011001111111111111111111111111111111111111111111
133233,6,2/3,pinned,1,4,4,4,1,1,0,0,64,1,4,0000000000000000000000000000000000000000000000000000001001111111
133233,6,3/4,remined,1,1,1,1,1,1,0,0,64,1,1,0011011000001011011001000000000001100100101111111111111111111111
133233,6,3/4,pinned,1,6,6,6,1,1,1,1,64,1,6,0000000000000000000000000000000000000000000000000000000000000001
133233,6,4/5,remined,1,1,2,1,0,1,0,0,64,1,1,0011011000001011011001000000000001100100100000000000001001111111
133233,6,4/5,pinned,1,6,6,6,1,1,1,1,64,1,6,0000000000000000000000000000000000000000000000000000000000000001
133233,6,1/1,remined,0,1,,,,,,,64,1,1,0011011000001011011001000000000001100100100000000000001000000000
133233,6,1/1,pinned,0,,,,,,,,64,1,,0000000000000000000000000000000000000000000000000000000000000000
133311,6,1/2,remined,1,1,2,1,0,1,0,0,64,1,1,0011100111001111111110110010000011111011001111101100111111100011
133311,6,1/2,pinned,1,3,3,3,1,1,0,0,64,1,3,0000000000000000000000000000000010000000001000000000110001100011
133311,6,2/3,remined,0,1,,,,,,,64,1,1,0011100000001100100000110010000011111011001000000000110000000000
133311,6,2/3,pinned,0,,,,,,,,64,1,,0000000000000000000000000000000000000000000000000000000000000000
133311,6,3/4,remined,0,1,,,,,,,64,1,1,0011100000001100100000000000000010000000001000000000110000000000
133311,6,3/4,pinned,0,,,,,,,,64,1,,0000000000000000000000000000000000000000000000000000000000000000
133311,6,4/5,remined,0,1,,,,,,,64,1,1,0011100000001100100000000000000010000000000000000000000000000000
133311,6,4/5,pinned,0,,,,,,,,64,1,,0000000000000000000000000000000000000000000000000000000000000000
133311,6,1/1,remined,0,1,,,,,,,64,1,1,0011100000001100100000000000000010000000000000000000000000000000
133311,6,1/1,pinned,0,,,,,,,,64,1,,0000000000000000000000000000000000000000000000000000000000000000
133312,6,1/2,remined,1,1,2,2,1,1,0,0,64,1,1,0011100111011111111111110110101011111111111111111111111111111111
133312,6,1/2,pinned,1,3,4,4,1,1,0,0,64,1,3,0000000000000000000000000000000010000000001010100100111111111111
133312,6,2/3,remined,1,1,3,3,1,0,0,0,64,1,1,0011100000001100100000110110101011111111111010100100111110100011
133312,6,2/3,pinned,1,5,5,5,1,1,0,0,64,1,5,0000000000000000000000000000000000000000000000000000000000100011
133312,6,3/4,remined,0,1,,,,,,,64,1,1,0011100000001100100000000000000010000000001010100100111110100010
133312,6,3/4,pinned,0,,,,,,,,64,1,,0000000000000000000000000000000000000000000000000000000000000000
133312,6,4/5,remined,0,1,,,,,,,64,1,1,0011100000001100100000000000000010000000000000000000000000100010
133312,6,4/5,pinned,0,,,,,,,,64,1,,0000000000000000000000000000000000000000000000000000000000000000
133312,6,1/1,remined,0,1,,,,,,,64,1,1,0011100000001100100000000000000010000000000000000000000000000000
133312,6,1/1,pinned,0,,,,,,,,64,1,,0000000000000000000000000000000000000000000000000000000000000000
133313,6,1/2,remined,1,1,1,1,1,1,0,0,64,1,1,0011101111011111111111110110101011111111111111111111111111111111
133313,6,1/2,pinned,1,3,3,3,1,1,0,0,64,1,3,0000000000000000000000000000000010101001001010100100111111111111
133313,6,2/3,remined,1,1,1,1,1,1,0,0,64,1,1,0011101000001101101010110110101011111111111010100100111110100011
133313,6,2/3,pinned,1,4,4,4,1,1,0,0,64,1,4,0000000000000000000000000000000000000000000000000000010000100011
133313,6,3/4,remined,0,1,,,,,,,64,1,1,0011101000001101101010000000000010101001001010100100111110100010
133313,6,3/4,pinned,0,,,,,,,,64,1,,0000000000000000000000000000000000000000000000000000000000000000
133313,6,4/5,remined,0,1,,,,,,,64,1,1,0011101000001101101010000000000010101001000000000000010000100010
133313,6,4/5,pinned,0,,,,,,,,64,1,,0000000000000000000000000000000000000000000000000000000000000000
133313,6,1/1,remined,0,1,,,,,,,64,1,1,0011101000001101101010000000000010101001000000000000010000000000
133313,6,1/1,pinned,0,,,,,,,,64,1,,0000000000000000000000000000000000000000000000000000000000000000
133321,6,1/2,remined,1,1,2,2,1,1,0,0,64,1,1,0011100111101111111111111011010011111111111111111111111111111111
133321,6,1/2,pinned,1,3,4,4,1,1,0,0,64,1,3,0000000000000000000000000000000010000000001101001000111111111111
133321,6,2/3,remined,1,1,3,3,1,0,0,0,64,1,1,0011100000001100100000111011010011111111111101001000111111000011
133321,6,2/3,pinned,1,5,5,5,1,1,0,0,64,1,5,0000000000000000000000000000000000000000000000000000000001000011
133321,6,3/4,remined,0,1,,,,,,,64,1,1,0011100000001100100000000000000010000000001101001000111111000010
133321,6,3/4,pinned,0,,,,,,,,64,1,,0000000000000000000000000000000000000000000000000000000000000000
133321,6,4/5,remined,0,1,,,,,,,64,1,1,0011100000001100100000000000000010000000000000000000000001000010
133321,6,4/5,pinned,0,,,,,,,,64,1,,0000000000000000000000000000000000000000000000000000000000000000
133321,6,1/1,remined,0,1,,,,,,,64,1,1,0011100000001100100000000000000010000000000000000000000000000000
133321,6,1/1,pinned,0,,,,,,,,64,1,,0000000000000000000000000000000000000000000000000000000000000000
133322,6,1/2,remined,1,1,2,1,0,1,0,0,64,1,1,0011100111111111111110111111111011111011001111111111111111111111
133322,6,1/2,pinned,1,3,3,3,1,1,0,0,64,1,3,0000000000000000000000000000000010000000001111101100110001111111
133322,6,2/3,remined,1,1,4,1,0,1,0,0,64,1,1,0011100000001100100000111111111011111011001111101100110001100001
133322,6,2/3,pinned,1,5,5,5,1,1,0,0,64,1,5,0000000000000000000000000000000000000000000000000000000001100001
133322,6,3/4,remined,0,1,,,,,,,64,1,1,0011100000001100100000000000000010000000001111101100110001100000
133322,6,3/4,pinned,0,,,,,,,,64,1,,0000000000000000000000000000000000000000000000000000000000000000
133322,6,4/5,remined,0,1,,,,,,,64,1,1,0011100000001100100000000000000010000000000000000000000001100000
133322,6,4/5,pinned,0,,,,,,,,64,1,,0000000000000000000000000000000000000000000000000000000000000000
133322,6,1/1,remined,0,1,,,,,,,64,1,1,0011100000001100100000000000000010000000000000000000000000000000
133322,6,1/1,pinned,0,,,,,,,,64,1,,0000000000000000000000000000000000000000000000000000000000000000
133323,6,1/2,remined,1,1,1,1,1,1,0,0,64,1,1,0011101111111111111111111111111111111111111111111111111111111111
133323,6,1/2,pinned,1,3,3,3,1,1,0,0,64,1,3,0000000000000000000000000000000010101001001111111111111111111111
133323,6,2/3,remined,1,1,1,1,1,1,0,0,64,1,1,0011101000001101101010111111111111111111111111111111111111111111
133323,6,2/3,pinned,1,4,4,4,1,1,0,0,64,1,4,0000000000000000000000000000000000000000000000000000010001111111
133323,6,3/4,remined,1,1,2,1,0,1,0,0,64,1,1,0011101000001101101010000000000010101001001111111111111111111111
133323,6,3/4,pinned,1,6,6,6,1,1,1,1,64,1,6,0000000000000000000000000000000000000000000000000000000000000001
133323,6,4/5,remined,1,1,3,1,0,1,0,0,64,1,1,0011101000001101101010000000000010101001000000000000010001111111
133323,6,4/5,pinned,1,6,6,6,1,1,1,1,64,1,6,0000000000000000000000000000000000000000000000000000000000000001
133323,6,1/1,remined,0,1,,,,,,,64,1,1,0011101000001101101010000000000010101001000000000000010000000000
133323,6,1/1,pinned,0,,,,,,,,64,1,,0000000000000000000000000000000000000000000000000000000000000000
133331,6,1/2,remined,1,1,1,1,1,1,0,0,64,1,1,0011110111101111111111111011010011111111111111111111111111111111
133331,6,1/2,pinned,1,3,3,3,1,1,0,0,64,1,3,0000000000000000000000000000000011010010001101001000111111111111
133331,6,2/3,remined,1,1,2,1,0,1,0,0,64,1,1,0011110000001110110100111011010011111111111101001000111111000011
133331,6,2/3,pinned,1,4,4,4,1,1,0,0,64,1,4,0000000000000000000000000000000000000000000000000000100001000011
133331,6,3/4,remined,0,1,,,,,,,64,1,1,0011110000001110110100000000000011010010001101001000111111000010
133331,6,3/4,pinned,0,,,,,,,,64,1,,0000000000000000000000000000000000000000000000000000000000000000
133331,6,4/5,remined,0,1,,,,,,,64,1,1,0011110000001110110100000000000011010010000000000000100001000010
133331,6,4/5,pinned,0,,,,,,,,64,1,,0000000000000000000000000000000000000000000000000000000000000000
133331,6,1/1,remined,0,1,,,,,,,64,1,1,0011110000001110110100000000000011010010000000000000100000000000
133331,6,1/1,pinned,0,,,,,,,,64,1,,0000000000000000000000000000000000000000000000000000000000000000
133332,6,1/2,remined,1,1,1,1,1,1,0,0,64,1,1,0011110111111111111111111111111111111111111111111111111111111111
133332,6,1/2,pinned,1,3,3,3,1,1,0,0,64,1,3,0000000000000000000000000000000011010010001111111111111111111111
133332,6,2/3,remined,1,1,2,1,0,1,0,0,64,1,1,0011110000001110110100111111111111111111111111111111111111111111
133332,6,2/3,pinned,1,4,4,4,1,1,0,0,64,1,4,0000000000000000000000000000000000000000000000000000100001111111
133332,6,3/4,remined,1,1,3,1,0,1,0,0,64,1,1,0011110000001110110100000000000011010010001111111111111111111111
133332,6,3/4,pinned,1,6,6,6,1,1,1,1,64,1,6,0000000000000000000000000000000000000000000000000000000000000001
133332,6,4/5,remined,1,1,4,1,0,1,0,0,64,1,1,0011110000001110110100000000000011010010000000000000100001111111
133332,6,4/5,pinned,1,6,6,6,1,1,1,1,64,1,6,0000000000000000000000000000000000000000000000000000000000000001
133332,6,1/1,remined,0,1,,,,,,,64,1,1,0011110000001110110100000000000011010010000000000000100000000000
133332,6,1/1,pinned,0,,,,,,,,64,1,,0000000000000000000000000000000000000000000000000000000000000000
133333,6,1/2,remined,1,1,1,1,1,1,0,0,64,1,1,0011111111111111111111111111111111111111111111111111111111111111
133333,6,1/2,pinned,1,3,3,3,1,1,0,0,64,1,3,0000000000000000000000000000000011111111111111111111111111111111
133333,6,2/3,remined,1,1,1,1,1,1,0,0,64,1,1,0011111000001111111111111111111111111111111111111111111111111111
133333,6,2/3,pinned,1,4,4,4,1,1,0,0,64,1,4,0000000000000000000000000000000000000000000000000000111111111111
133333,6,3/4,remined,1,1,1,1,1,1,0,0,64,1,1,0011111000001111111111000000000011111111111111111111111111111111
133333,6,3/4,pinned,1,5,5,5,1,1,0,0,64,1,5,0000000000000000000000000000000000000000000000000000000000000011
133333,6,4/5,remined,1,1,1,1,1,1,0,0,64,1,1,0011111000001111111111000000000011111111110000000000111111111111
133333,6,4/5,pinned,1,5,5,5,1,1,0,0,64,1,5,0000000000000000000000000000000000000000000000000000000000000011
133333,6,1/1,remined,0,1,,,,,,,64,1,1,0011111000001111111111000000000011111111110000000000111110000010
133333,6,1/1,pinned,0,,,,,,,,64,1,,0000000000000000000000000000000000000000000000000000000000000000
211111,6,1/2,remined,0,2,,,,,,,64,1,2,0000000111110000000000000000000000000000000000000000000000000000
211111,6,1/2,pinned,0,,,,,,,,64,1,,0000000000000000000000000000000000000000000000000000000000000000
211111,6,2/3,remined,0,,,,,,,,64,1,,0000000000000000000000000000000000000000000000000000000000000000
211111,6,2/3,pinned,0,,,,,,,,64,1,,0000000000000000000000000000000000000000000000000000000000000000
211111,6,3/4,remined,0,,,,,,,,64,1,,0000000000000000000000000000000000000000000000000000000000000000
211111,6,3/4,pinned,0,,,,,,,,64,1,,0000000000000000000000000000000000000000000000000000000000000000
211111,6,4/5,remined,0,,,,,,,,64,1,,0000000000000000000000000000000000000000000000000000000000000000
211111,6,4/5,pinned,0,,,,,,,,64,1,,0000000000000000000000000000000000000000000000000000000000000000
211111,6,1/1,remined,0,,,,,,,,64,1,,0000000000000000000000000000000000000000000000000000000000000000
211111,6,1/1,pinned,0,,,,,,,,64,1,,0000000000000000000000000000000000000000000000000000000000000000
211112,6,1/2,remined,0,2,,,,,,,64,1,2,0000000111100001001011000000000000000000000010110111000000000000
211112,6,1/2,pinned,0,,,,,,,,64,1,,0000000000000000000000000000000000000000000000000000000000000000
211112,6,2/3,remined,0,,,,,,,,64,1,,0000000000000000000000000000000000000000000000000000000000000000
211112,6,2/3,pinned,0,,,,,,,,64,1,,0000000000000000000000000000000000000000000000000000000000000000
211112,6,3/4,remined,0,,,,,,,,64,1,,0000000000000000000000000000000000000000000000000000000000000000
211112,6,3/4,pinned,0,,,,,,,,64,1,,0000000000000000000000000000000000000000000000000000000000000000
211112,6,4/5,remined,0,,,,,,,,64,1,,0000000000000000000000000000000000000000000000000000000000000000
211112,6,4/5,pinned,0,,,,,,,,64,1,,0000000000000000000000000000000000000000000000000000000000000000
211112,6,1/1,remined,0,,,,,,,,64,1,,0000000000000000000000000000000000000000000000000000000000000000
211112,6,1/1,pinned,0,,,,,,,,64,1,,0000000000000000000000000000000000000000000000000000000000000000
211113,6,1/2,remined,0,1,,,,,,,64,1,1,0000001111110001001011000100101100000000000010110111000000000000
211113,6,1/2,pinned,0,,,,,,,,64,1,,0000000000000000000000000000000000000000000000000000000000000000
211113,6,2/3,remined,0,1,,,,,,,64,1,1,0000001000000000000000000100101100000000000000000000000000000000
211113,6,2/3,pinned,0,,,,,,,,64,1,,0000000000000000000000000000000000000000000000000000000000000000
211113,6,3/4,remined,0,1,,,,,,,64,1,1,0000001000000000000000000000000000000000000000000000000000000000
211113,6,3/4,pinned,0,,,,,,,,64,1,,0000000000000000000000000000000000000000000000000000000000000000
211113,6,4/5,remined,0,1,,,,,,,64,1,1,0000001000000000000000000000000000000000000000000000000000000000
211113,6,4/5,pinned,0,,,,,,,,64,1,,0000000000000000000000000000000000000000000000000000000000000000
211113,6,1/1,remined,0,1,,,,,,,64,1,1,0000001000000000000000000000000000000000000000000000000000000000
211113,6,1/1,pinned,0,,,,,,,,64,1,,0000000000000000000000000000000000000000000000000000000000000000
211121,6,1/2,remined,0,2,,,,,,,64,1,2,0000000111010010010101000000000000000000000101011011000000000000
211121,6,1/2,pinned,0,,,,,,,,64,1,,0000000000000000000000000000000000000000000000000000000000000000
211121,6,2/3,remined,0,,,,,,,,64,1,,0000000000000000000000000000000000000000000000000000000000000000
211121,6,2/3,pinned,0,,,,,,,,64,1,,0000000000000000000000000000000000000000000000000000000000000000
211121,6,3/4,remined,0,,,,,,,,64,1,,0000000000000000000000000000000000000000000000000000000000000000
211121,6,3/4,pinned,0,,,,,,,,64,1,,0000000000000000000000000000000000000000000000000000000000000000
211121,6,4/5,remined,0,,,,,,,,64,1,,0000000000000000000000000000000000000000000000000000000000000000
211121,6,4/5,pinned,0,,,,,,,,64,1,,0000000000000000000000000000000000000000000000000000000000000000
211121,6,1/1,remined,0,,,,,,,,64,1,,0000000000000000000000000000000000000000000000000000000000000000
211121,6,1/1,pinned,0,,,,,,,,64,1,,0000000000000000000000000000000000000000000000000000000000000000
211122,6,1/2,remined,1,2,6,6,1,0,1,0,64,1,2,0000000111000011011110000000000000000000000111101100001110000001
211122,6,1/2,pinned,1,6,6,6,1,1,1,1,64,1,6,0000000000000000000000000000000000000000000000000000000000000001
211122,6,2/3,remined,0,,,,,,,,64,1,,0000000000000000000000000000000000000000000000000000000000000000
211122,6,2/3,pinned,0,,,,,,,,64,1,,0000000000000000000000000000000000000000000000000000000000000000
211122,6,3/4,remined,0,,,,,,,,64,1,,0000000000000000000000000000000000000000000000000000000000000000
211122,6,3/4,pinned,0,,,,,,,,64,1,,0000000000000000000000000000000000000000000000000000000000000000
211122,6,4/5,remined,0,,,,,,,,64,1,,0000000000000000000000000000000000000000000000000000000000000000
211122,6,4/5,pinned,0,,,,,,,,64,1,,0000000000000000000000000000000000000000000000000000000000000000
211122,6,1/1,remined,0,,,,,,,,64,1,,0000000000000000000000000000000000000000000000000000000000000000
211122,6,1/1,pinned,0,,,,,,,,64,1,,0000000000000000000000000000000000000000000000000000000000000000
211123,6,1/2,remined,1,1,2,2,1,1,0,0,64,1,1,0000001111010011011111000100101000000100110111111111001110011101
211123,6,1/2,pinned,1,5,5,5,1,1,0,0,64,1,5,0000000000000000000000000000000000000000000000000000000000011101
211123,6,2/3,remined,0,1,,,,,,,64,1,1,0000001000000000000000000100101000000100110000000000000000000000
211123,6,2/3,pinned,0,,,,,,,,64,1,,0000000000000000000000000000000000000000000000000000000000000000
211123,6,3/4,remined,0,1,,,,,,,64,1,1,0000001000000000000000000000000000000000000000000000000000000000
211123,6,3/4,pinned,0,,,,,,,,64,1,,0000000000000000000000000000000000000000000000000000000000000000
211123,6,4/5,remined,0,1,,,,,,,64,1,1,0000001000000000000000000000000000000000000000000000000000000000
211123,6,4/5,pinned,0,,,,,,,,64,1,,0000000000000000000000000000000000000000000000000000000000000000
211123,6,1/1,remined,0,1,,,,,,,64,1,1,0000001000000000000000000000000000000000000000000000000000000000
211123,6,1/1,pinned,0,,,,,,,,64,1,,0000000000000000000000000000000000000000000000000000000000000000
211131,6,1/2,remined,0,1,,,,,,,64,1,1,0000010111110010010101001001010100000000000101011011000000000000
211131,6,1/2,pinned,0,,,,,,,,64,1,,0000000000000000000000000000000000000000000000000000000000000000
211131,6,2/3,remined,0,1,,,,,,,64,1,1,0000010000000000000000001001010100000000000000000000000000000000
211131,6,2/3,pinned,0,,,,,,,,64,1,,0000000000000000000000000000000000000000000000000000000000000000
211131,6,3/4,remined,0,1,,,,,,,64,1,1,0000010000000000000000000000000000000000000000000000000000000000
211131,6,3/4,pinned,0,,,,,,,,64,1,,0000000000000000000000000000000000000000000000000000000000000000
211131,6,4/5,remined,0,1,,,,,,,64,1,1,0000010000000000000000000000000000000000000000000000000000000000
211131,6,4/5,pinned,0,,,,,,,,64,1,,0000000000000000000000000000000000000000000000000000000000000000
211131,6,1/1,remined,0,1,,,,,,,64,1,1,0000010000000000000000000000000000000000000000000000000000000000
211131,6,1/1,pinned,0,,,,,,,,64,1,,0000000000000000000000000000000000000000000000000000000000000000
211132,6,1/2,remined,1,1,3,1,0,1,0,0,64,1,1,0000010111100011011111001001010000000100110111111111001110011101
211132,6,1/2,pinned,1,5,5,5,1,1,0,0,64,1,5,0000000000000000000000000000000000000000000000000000000000011101
211132,6,2/3,remined,0,1,,,,,,,64,1,1,0000010000000000000000001001010000000100110000000000000000000000
211132,6,2/3,pinned,0,,,,,,,,64,1,,0000000000000000000000000000000000000000000000000000000000000000
211132,6,3/4,remined,0,1,,,,,,,64,1,1,0000010000000000000000000000000000000000000000000000000000000000
211132,6,3/4,pinned,0,,,,,,,,64,1,,0000000000000000000000000000000000000000000000000000000000000000
211132,6,4/5,remined,0,1,,,,,,,64,1,1,0000010000000000000000000000000000000000000000000000000000000000
211132,6,4/5,pinned,0,,,,,,,,64,1,,0000000000000000000000000000000000000000000000000000000000000000
211132,6,1/1,remined,0,1,,,,,,,64,1,1,0000010000000000000000000000000000000000000000000000000000000000
211132,6,1/1,pinned,0,,,,,,,,64,1,,0000000000000000000000000000000000000000000000000000000000000000
211133,6,1/2,remined,1,1,2,1,0,1,0,0,64,1,1,0000011111110011011111001101111100000100110111111111001110011101
211133,6,1/2,pinned,1,4,4,4,1,1,0,0,64,1,4,0000000000000000000000000000000000000000000000010011000000011101
211133,6,2/3,remined,0,1,,,,,,,64,1,1,0000011000000000000001001101111100000100110000010011000000000000
211133,6,2/3,pinned,0,,,,,,,,64,1,,0000000000000000000000000000000000000000000000000000000000000000
211133,6,3/4,remined,0,1,,,,,,,64,1,1,0000011000000000000001000000000000000000000000010011000000000000
211133,6,3/4,pinned,0,,,,,,,,64,1,,0000000000000000000000000000000000000000000000000000000000000000
211133,6,4/5,remined,0,1,,,,,,,64,1,1,0000011000000000000001000000000000000000000000000000000000000000
211133,6,4/5,pinned,0,,,,,,,,64,1,,0000000000000000000000000000000000000000000000000000000000000000
211133,6,1/1,remined,0,1,,,,,,,64,1,1,0000011000000000000001000000000000000000000000000000000000000000
211133,6,1/1,pinned,0,,,,,,,,64,1,,0000000000000000000000000000000000000000000000000000000000000000
211211,6,1/2,remined,0,2,,,,,,,64,1,2,0000000110110100100110000000000000000000001001101101000000000000
211211,6,1/2,pinned,0,,,,,,,,64,1,,0000000000000000000000000000000000000000000000000000000000000000
211211,6,2/3,remined,0,,,,,,,,64,1,,0000000000000000000000000000000000000000000000000000000000000000
211211,6,2/3,pinned,0,,,,,,,,64,1,,0000000000000000000000000000000000000000000000000000000000000000
211211,6,3/4,remined,0,,,,,,,,64,1,,0000000000000000000000000000000000000000000000000000000000000000
211211,6,3/4,pinned,0,,,,,,,,64,1,,0000000000000000000000000000000000000000000000000000000000000000
211211,6,4/5,remined,0,,,,,,,,64,1,,0000000000000000000000000000000000000000000000000000000000000000
211211,6,4/5,pinned,0,,,,,,,,64,1,,0000000000000000000000000000000000000000000000000000000000000000
211211,6,1/1,remined,0,,,,,,,,64,1,,0000000000000000000000000000000000000000000000000000000000000000
211211,6,1/1,pinned,0,,,,,,,,64,1,,0000000000000000000000000000000000000000000000000000000000000000
211212,6,1/2,remined,1,2,6,6,1,0,1,0,64,1,2,0000000110100101101101000000000000000000001011011010010110000001
211212,6,1/2,pinned,1,6,6,6,1,1,1,1,64,1,6,0000000000000000000000000000000000000000000000000000000000000001
211212,6,2/3,remined,0,,,,,,,,64,1,,0000000000000000000000000000000000000000000000000000000000000000
211212,6,2/3,pinned,0,,,,,,,,64,1,,0000000000000000000000000000000000000000000000000000000000000000
211212,6,3/4,remined,0,,,,,,,,64,1,,0000000000000000000000000000000000000000000000000000000000000000
211212,6,3/4,pinned,0,,,,,,,,64,1,,0000000000000000000000000000000000000000000000000000000000000000
211212,6,4/5,remined,0,,,,,,,,64,1,,0000000000000000000000000000000000000000000000000000000000000000
211212,6,4/5,pinned,0,,,,,,,,64,1,,0000000000000000000000000000000000000000000000000000000000000000
211212,6,1/1,remined,0,,,,,,,,64,1,,0000000000000000000000000000000000000000000000000000000000000000
211212,6,1/1,pinned,0,,,,,,,,64,1,,0000000000000000000000000000000000000000000000000000000000000000
211213,6,1/2,remined,1,1,2,1,0,1,0,0,64,1,1,0000001110110101101111000100100100001001011011111111010110101101
211213,6,1/2,pinned,1,5,5,5,1,1,0,0,64,1,5,0000000000000000000000000000000000000000000000000000000000101101
211213,6,2/3,remined,0,1,,,,,,,64,1,1,0000001000000000000000000100100100001001010000000000000000000000
211213,6,2/3,pinned,0,,,,,,,,64,1,,0000000000000000000000000000000000000000000000000000000000000000
211213,6,3/4,remined,0,1,,,,,,,64,1,1,0000001000000000000000000000000000000000000000000000000000000000
211213,6,3/4,pinned,0,,,,,,,,64,1,,0000000000000000000000000000000000000000000000000000000000000000
211213,6,4/5,remined,0,1,,,,,,,64,1,1,0000001000000000000000000000000000000000000000000000000000000000
211213,6,4/5,pinned,0,,,,,,,,64,1,,0000000000000000000000000000000000000000000000000000000000000000
211213,6,1/1,remined,0,1,,,,,,,64,1,1,0000001000000000000000000000000000000000000000000000000000000000
211213,6,1/1,pinned,0,,,,,,,,64,1,,0000000000000000000000000000000000000000000000000000000000000000
211221,6,1/2,remined,1,2,6,6,1,0,1,0,64,1,2,0000000110010110110011000000000000000000001100110110100110000001
211221,6,1/2,pinned,1,6,6,6,1,1,1,1,64,1,6,0000000000000000000000000000000000000000000000000000000000000001
211221,6,2/3,remined,0,,,,,,,,64,1,,0000000000000000000000000000000000000000000000000000000000000000
211221,6,2/3,pinned,0,,,,,,,,64,1,,0000000000000000000000000000000000000000000000000000000000000000
211221,6,3/4,remined,0,,,,,,,,64,1,,0000000000000000000000000000000000000000000000000000000000000000
211221,6,3/4,pinned,0,,,,,,,,64,1,,0000000000000000000000000000000000000000000000000000000000000000
211221,6,4/5,remined,0,,,,,,,,64,1,,0000000000000000000000000000000000000000000000000000000000000000
211221,6,4/5,pinned,0,,,,,,,,64,1,,0000000000000000000000000000000000000000000000000000000000000000
211221,6,1/1,remined,0,,,,,,,,64,1,,0000000000000000000000000000000000000000000000000000000000000000
211221,6,1/1,pinned,0,,,,,,,,64,1,,0000000000000000000000000000000000000000000000000000000000000000
211222,6,1/2,remined,0,2,,,,,,,64,1,2,0000000110000111111000000000000000000000001110000000111000000000
211222,6,1/2,pinned,0,,,,,,,,64,1,,0000000000000000000000000000000000000000000000000000000000000000
211222,6,2/3,remined,0,,,,,,,,64,1,,0000000000000000000000000000000000000000000000000000000000000000
211222,6,2/3,pinned,0,,,,,,,,64,1,,0000000000000000000000000000000000000000000000000000000000000000
211222,6,3/4,remined,0,,,,,,,,64,1,,0000000000000000000000000000000000000000000000000000000000000000
211222,6,3/4,pinned,0,,,,,,,,64,1,,0000000000000000000000000000000000000000000000000000000000000000
211222,6,4/5,remined,0,,,,,,,,64,1,,0000000000000000000000000000000000000000000000000000000000000000
211222,6,4/5,pinned,0,,,,,,,,64,1,,0000000000000000000000000000000000000000000000000000000000000000
211222,6,1/1,remined,0,,,,,,,,64,1,,0000000000000000000000000000000000000000000000000000000000000000
211222,6,1/1,pinned,0,,,,,,,,64,1,,0000000000000000000000000000000000000000000000000000000000000000
211223,6,1/2,remined,1,1,2,1,0,1,0,0,64,1,1,0000001110010111111011000100100000001101101110110110111110110011
211223,6,1/2,pinned,1,5,5,5,1,1,0,0,64,1,5,0000000000000000000000000000000000000000000000000000000000110011
211223,6,2/3,remined,0,1,,,,,,,64,1,1,0000001000000000000000000100100000001101100000000000000000000000
211223,6,2/3,pinned,0,,,,,,,,64,1,,0000000000000000000000000000000000000000000000000000000000000000
211223,6,3/4,remined,0,1,,,,,,,64,1,1,0000001000000000000000000000000000000000000000000000000000000000
211223,6,3/4,pinned,0,,,,,,,,64,1,,0000000000000000000000000000000000000000000000000000000000000000
211223,6,4/5,remined,0,1,,,,,,,64,1,1,0000001000000000000000000000000000000000000000000000000000000000
211223,6,4/5,pinned,0,,,,,,,,64,1,,0000000000000000000000000000000000000000000000000000000000000000
211223,6,1/1,remined,0,1,,,,,,,64,1,1,0000001000000000000000000000000000000000000000000000000000000000
211223,6,1/1,pinned,0,,,,,,,,64,1,,0000000000000000000000000000000000000000000000000000000000000000
211231,6,1/2,remined,1,1,2,2,1,1,0,0,64,1,1,0000010110110110110111001001000100010010011101111111100111001101
211231,6,1/2,pinned,1,5,5,5,1,1,0,0,64,1,5,0000000000000000000000000000000000000000000000000000000001001101
211231,6,2/3,remined,0,1,,,,,,,64,1,1,0000010000000000000000001001000100010010010000000000000000000000
211231,6,2/3,pinned,0,,,,,,,,64,1,,0000000000000000000000000000000000000000000000000000000000000000
211231,6,3/4,remined,0,1,,,,,,,64,1,1,0000010000000000000000000000000000000000000000000000000000000000
211231,6,3/4,pinned,0,,,,,,,,64,1,,0000000000000000000000000000000000000000000000000000000000000000
211231,6,4/5,remined,0,1,,,,,,,64,1,1,0000010000000000000000000000000000000000000000000000000000000000
211231,6,4/5,pinned,0,,,,,,,,64,1,,0000000000000000000000000000000000000000000000000000000000000000
211231,6,1/1,remined,0,1,,,,,,,64,1,1,0000010000000000000000000000000000000000000000000000000000000000
211231,6,1/1,pinned,0,,,,,,,,64,1,,0000000000000000000000000000000000000000000000000000000000000000
211232,6,1/2,remined,1,1,2,2,1,1,0,0,64,1,1,0000010110100111111101001001000000010110101111011010111111010011
211232,6,1/2,pinned,1,5,5,5,1,1,0,0,64,1,5,0000000000000000000000000000000000000000000000000000000001010011
211232,6,2/3,remined,0,1,,,,,,,64,1,1,0000010000000000000000001001000000010110100000000000000000000000
211232,6,2/3,pinned,0,,,,,,,,64,1,,0000000000000000000000000000000000000000000000000000000000000000
211232,6,3/4,remined,0,1,,,,,,,64,1,1,0000010000000000000000000000000000000000000000000000000000000000
211232,6,3/4,pinned,0,,,,,,,,64,1,,0000000000000000000000000000000000000000000000000000000000000000
211232,6,4/5,remined,0,1,,,,,,,64,1,1,0000010000000000000000000000000000000000000000000000000000000000
211232,6,4/5,pinned,0,,,,,,,,64,1,,0000000000000000000000000000000000000000000000000000000000000000
211232,6,1/1,remined,0,1,,,,,,,64,1,1,0000010000000000000000000000000000000000000000000000000000000000
211232,6,1/1,pinned,0,,,,,,,,64,1,,0000000000000000000000000000000000000000000000000000000000000000
211233,6,1/2,remined,1,1,1,1,1,1,0,0,64,1,1,0000011110110111111111001101100100011111111111111111111111111111
211233,6,1/2,pinned,1,4,4,4,1,1,0,0,64,1,4,0000000000000000000000000000000000000000000000010010000111111111
211233,6,2/3,remined,1,1,6,6,1,0,1,0,64,1,1,0000011000000000000001001101100100011111110000010010000110000001
211233,6,2/3,pinned,1,6,6,6,1,1,1,1,64,1,6,0000000000000000000000000000000000000000000000000000000000000001
211233,6,3/4,remined,0,1,,,,,,,64,1,1,0000011000000000000001000000000000000000000000010010000110000000
211233,6,3/4,pinned,0,,,,,,,,64,1,,0000000000000000000000000000000000000000000000000000000000000000
211233,6,4/5,remined,0,1,,,,,,,64,1,1,0000011000000000000001000000000000000000000000000000000000000000
211233,6,4/5,pinned,0,,,,,,,,64,1,,0000000000000000000000000000000000000000000000000000000000000000
211233,6,1/1,remined,0,1,,,,,,,64,1,1,0000011000000000000001000000000000000000000000000000000000000000
211233,6,1/1,pinned,0,,,,,,,,64,1,,0000000000000000000000000000000000000000000000000000000000000000
211311,6,1/2,remined,0,1,,,,,,,64,1,1,0000100111110100100110010010011000000000001001101101000000000000
211311,6,1/2,pinned,0,,,,,,,,64,1,,0000000000000000000000000000000000000000000000000000000000000000
211311,6,2/3,remined,0,1,,,,,,,64,1,1,0000100000000000000000010010011000000000000000000000000000000000
211311,6,2/3,pinned,0,,,,,,,,64,1,,0000000000000000000000000000000000000000000000000000000000000000
211311,6,3/4,remined,0,1,,,,,,,64,1,1,0000100000000000000000000000000000000000000000000000000000000000
211311,6,3/4,pinned,0,,,,,,,,64,1,,0000000000000000000000000000000000000000000000000000000000000000
211311,6,4/5,remined,0,1,,,,,,,64,1,1,0000100000000000000000000000000000000000000000000000000000000000
211311,6,4/5,pinned,0,,,,,,,,64,1,,0000000000000000000000000000000000000000000000000000000000000000
211311,6,1/1,remined,0,1,,,,,,,64,1,1,0000100000000000000000000000000000000000000000000000000000000000
211311,6,1/1,pinned,0,,,,,,,,64,1,,0000000000000000000000000000000000000000000000000000000000000000
211312,6,1/2,remined,1,1,3,1,0,1,0,0,64,1,1,0000100111100101101111010010010000001001011011111111010110101101
211312,6,1/2,pinned,1,5,5,5,1,1,0,0,64,1,5,0000000000000000000000000000000000000000000000000000000000101101
211312,6,2/3,remined,0,1,,,,,,,64,1,1,0000100000000000000000010010010000001001010000000000000000000000
211312,6,2/3,pinned,0,,,,,,,,64,1,,0000000000000000000000000000000000000000000000000000000000000000
211312,6,3/4,remined,0,1,,,,,,,64,1,1,0000100000000000000000000000000000000000000000000000000000000000
211312,6,3/4,pinned,0,,,,,,,,64,1,,0000000000000000000000000000000000000000000000000000000000000000
211312,6,4/5,remined,0,1,,,,,,,64,1,1,0000100000000000000000000000000000000000000000000000000000000000
211312,6,4/5,pinned,0,,,,,,,,64,1,,0000000000000000000000000000000000000000000000000000000000000000
211312,6,1/1,remined,0,1,,,,,,,64,1,1,0000100000000000000000000000000000000000000000000000000000000000
211312,6,1/1,pinned,0,,,,,,,,64,1,,0000000000000000000000000000000000000000000000000000000000000000
211313,6,1/2,remined,1,1,2,1,0,1,0,0,64,1,1,0000101111110101101111010110111100001001011011111111010110101101
211313,6,1/2,pinned,1,4,4,4,1,1,0,0,64,1,4,0000000000000000000000000000000000000000000000100101000000101101
211313,6,2/3,remined,0,1,,,,,,,64,1,1,0000101000000000000010010110111100001001010000100101000000000000
211313,6,2/3,pinned,0,,,,,,,,64,1,,0000000000000000000000000000000000000000000000000000000000000000
211313,6,3/4,remined,0,1,,,,,,,64,1,1,0000101000000000000010000000000000000000000000100101000000000000
211313,6,3/4,pinned,0,,,,,,,,64,1,,0000000000000000000000000000000000000000000000000000000000000000
211313,6,4/5,remined,0,1,,,,,,,64,1,1,0000101000000000000010000000000000000000000000000000000000000000
211313,6,4/5,pinned,0,,,,,,,,64,1,,0000000000000000000000000000000000000000000000000000000000000000
211313,6,1/1,remined,0,1,,,,,,,64,1,1,0000101000000000000010000000000000000000000000000000000000000000
211313,6,1/1,pinned,0,,,,,,,,64,1,,0000000000000000000000000000000000000000000000000000000000000000
211321,6,1/2,remined,1,1,2,1,0,1,0,0,64,1,1,0000100111010110110111010010001000010010011101111111100111001101
211321,6,1/2,pinned,1,5,5,5,1,1,0,0,64,1,5,0000000000000000000000000000000000000000000000000000000001001101
211321,6,2/3,remined,0,1,,,,,,,64,1,1,0000100000000000000000010010001000010010010000000000000000000000
211321,6,2/3,pinned,0,,,,,,,,64,1,,0000000000000000000000000000000000000000000000000000000000000000
211321,6,3/4,remined,0,1,,,,,,,64,1,1,0000100000000000000000000000000000000000000000000000000000000000
211321,6,3/4,pinned,0,,,,,,,,64,1,,0000000000000000000000000000000000000000000000000000000000000000
211321,6,4/5,remined,0,1,,,,,,,64,1,1,0000100000000000000000000000000000000000000000000000000000000000
211321,6,4/5,pinned,0,,,,,,,,64,1,,0000000000000000000000000000000000000000000000000000000000000000
211321,6,1/1,remined,0,1,,,,,,,64,1,1,0000100000000000000000000000000000000000000000000000000000000000
211321,6,1/1,pinned,0,,,,,,,,64,1,,0000000000000000000000000000000000000000000000000000000000000000
211322,6,1/2,remined,1,1,2,1,0,1,0,0,64,1,1,0000100111000111111110010010000000011011001111101100111111100011
211322,6,1/2,pinned,1,5,5,5,1,1,0,0,64,1,5,0000000000000000000000000000000000000000000000000000000001100011
211322,6,2/3,remined,0,1,,,,,,,64,1,1,0000100000000000000000010010000000011011000000000000000000000000
211322,6,2/3,pinned,0,,,,,,,,64,1,,0000000000000000000000000000000000000000000000000000000000000000
211322,6,3/4,remined,0,1,,,,,,,64,1,1,0000100000000000000000000000000000000000000000000000000000000000
211322,6,3/4,pinned,0,,,,,,,,64,1,,0000000000000000000000000000000000000000000000000000000000000000
211322,6,4/5,remined,0,1,,,,,,,64,1,1,0000100000000000000000000000000000000000000000000000000000000000
211322,6,4/5,pinned,0,,,,,,,,64,1,,0000000000000000000000000000000000000000000000000000000000000000
211322,6,1/1,remined,0,1,,,,,,,64,1,1,0000100000000000000000000000000000000000000000000000000000000000
211322,6,1/1,pinned,0,,,,,,,,64,1,,0000000000000000000000000000000000000000000000000000000000000000
211323,6,1/2,remined,1,1,1,1,1,1,0,0,64,1,1,0000101111010111111111010110101000011111111111111111111111111111
211323,6,1/2,pinned,1,4,4,4,1,1,0,0,64,1,4,0000000000000000000000000000000000000000000000100100000111111111
211323,6,2/3,remined,1,1,6,6,1,0,1,0,64,1,1,0000101000000000000010010110101000011111110000100100000110000001
211323,6,2/3,pinned,1,6,6,6,1,1,1,1,64,1,6,0000000000000000000000000000000000000000000000000000000000000001
211323,6,3/4,remined,0,1,,,,,,,64,1,1,0000101000000000000010000000000000000000000000100100000110000000
211323,6,3/4,pinned,0,,,,,,,,64,1,,0000000000000000000000000000000000000000000000000000000000000000
211323,6,4/5,remined,0,1,,,,,,,64,1,1,0000101000000000000010000000000000000000000000000000000000000000
211323,6,4/5,pinned,0,,,,,,,,64,1,,0000000000000000000000000000000000000000000000000000000000000000
211323,6,1/1,remined,0,1,,,,,,,64,1,1,0000101000000000000010000000000000000000000000000000000000000000
211323,6,1/1,pinned,0,,,,,,,,64,1,,0000000000000000000000000000000000000000000000000000000000000000
211331,6,1/2,remined,1,1,2,2,1,1,0,0,64,1,1,0000110111110110110111011011011100010010011101111111100111001101
211331,6,1/2,pinned,1,4,4,4,1,1,0,0,64,1,4,0000000000000000000000000000000000000000000001001001000001001101
211331,6,2/3,remined,0,1,,,,,,,64,1,1,0000110000000000000100011011011100010010010001001001000000000000
211331,6,2/3,pinned,0,,,,,,,,64,1,,0000000000000000000000000000000000000000000000000000000000000000
211331,6,3/4,remined,0,1,,,,,,,64,1,1,0000110000000000000100000000000000000000000001001001000000000000
211331,6,3/4,pinned,0,,,,,,,,64,1,,0000000000000000000000000000000000000000000000000000000000000000
211331,6,4/5,remined,0,1,,,,,,,64,1,1,0000110000000000000100000000000000000000000000000000000000000000
211331,6,4/5,pinned,0,,,,,,,,64,1,,0000000000000000000000000000000000000000000000000000000000000000
211331,6,1/1,remined,0,1,,,,,,,64,1,1,0000110000000000000100000000000000000000000000000000000000000000
211331,6,1/1,pinned,0,,,,,,,,64,1,,0000000000000000000000000000000000000000000000000000000000000000
211332,6,1/2,remined,1,1,1,1,1,1,0,0,64,1,1,0000110111100111111111011011010000011111111111111111111111111111
211332,6,1/2,pinned,1,4,4,4,1,1,0,0,64,1,4,0000000000000000000000000000000000000000000001001000000111111111
211332,6,2/3,remined,1,1,6,6,1,0,1,0,64,1,1,0000110000000000000100011011010000011111110001001000000110000001
211332,6,2/3,pinned,1,6,6,6,1,1,1,1,64,1,6,0000000000000000000000000000000000000000000000000000000000000001
211332,6,3/4,remined,0,1,,,,,,,64,1,1,0000110000000000000100000000000000000000000001001000000110000000
211332,6,3/4,pinned,0,,,,,,,,64,1,,0000000000000000000000000000000000000000000000000000000000000000
211332,6,4/5,remined,0,1,,,,,,,64,1,1,0000110000000000000100000000000000000000000000000000000000000000
211332,6,4/5,pinned,0,,,,,,,,64,1,,0000000000000000000000000000000000000000000000000000000000000000
211332,6,1/1,remined,0,1,,,,,,,64,1,1,0000110000000000000100000000000000000000000000000000000000000000
211332,6,1/1,pinned,0,,,,,,,,64,1,,0000000000000000000000000000000000000000000000000000000000000000
211333,6,1/2,remined,1,1,1,1,1,1,0,0,64,1,1,0000111111110111111111011111111100011111111111111111111111111111
211333,6,1/2,pinned,1,3,3,3,1,1,0,0,64,1,3,0000000000000000000000000000000000000000010001111111000111111111
211333,6,2/3,remined,1,1,3,1,0,1,0,0,64,1,1,0000111000000000000111011111111100011111110001111111000110001101
211333,6,2/3,pinned,1,5,5,5,1,1,0,0,64,1,5,0000000000000000000000000000000000000000000000000000000000001101
211333,6,3/4,remined,0,1,,,,,,,64,1,1,0000111000000000000111000000000000000000010001111111000110001100
211333,6,3/4,pinned,0,,,,,,,,64,1,,0000000000000000000000000000000000000000000000000000000000000000
211333,6,4/5,remined,0,1,,,,,,,64,1,1,0000111000000000000111000000000000000000010000000000000000001100
211333,6,4/5,pinned,0,,,,,,,,64,1,,0000000000000000000000000000000000000000000000000000000000000000
211333,6,1/1,remined,0,1,,,,,,,64,1,1,0000111000000000000111000000000000000000010000000000000000000000
211333,6,1/1,pinned,0,,,,,,,,64,1,,0000000000000000000000000000000000000000000000000000000000000000
212111,6,1/2,remined,0,2,,,,,,,64,1,2,0000000101111000111000000000000000000000001110001110000000000000
212111,6,1/2,pinned,0,,,,,,,,64,1,,0000000000000000000000000000000000000000000000000000000000000000
212111,6,2/3,remined,0,,,,,,,,64,1,,0000000000000000000000000000000000000000000000000000000000000000
212111,6,2/3,pinned,0,,,,,,,,64,1,,0000000000000000000000000000000000000000000000000000000000000000
212111,6,3/4,remined,0,,,,,,,,64,1,,0000000000000000000000000000000000000000000000000000000000000000
212111,6,3/4,pinned,0,,,,,,,,64,1,,0000000000000000000000000000000000000000000000000000000000000000
212111,6,4/5,remined,0,,,,,,,,64,1,,0000000000000000000000000000000000000000000000000000000000000000
212111,6,4/5,pinned,0,,,,,,,,64,1,,0000000000000000000000000000000000000000000000000000000000000000
212111,6,1/1,remined,0,,,,,,,,64,1,,0000000000000000000000000000000000000000000000000000000000000000
212111,6,1/1,pinned,0,,,,,,,,64,1,,0000000000000000000000000000000000000000000000000000000000000000
212112,6,1/2,remined,1,2,6,6,1,0,1,0,64,1,2,0000000101101001110011000000000000000000001100111001011010000001
212112,6,1/2,pinned,1,6,6,6,1,1,1,1,64,1,6,0000000000000000000000000000000000000000000000000000000000000001
212112,6,2/3,remined,0,,,,,,,,64,1,,0000000000000000000000000000000000000000000000000000000000000000
212112,6,2/3,pinned,0,,,,,,,,64,1,,0000000000000000000000000000000000000000000000000000000000000000
212112,6,3/4,remined,0,,,,,,,,64,1,,0000000000000000000000000000000000000000000000000000000000000000
212112,6,3/4,pinned,0,,,,,,,,64,1,,0000000000000000000000000000000000000000000000000000000000000000
212112,6,4/5,remined,0,,,,,,,,64,1,,0000000000000000000000000000000000000000000000000000000000000000
212112,6,4/5,pinned,0,,,,,,,,64,1,,0000000000000000000000000000000000000000000000000000000000000000
212112,6,1/1,remined,0,,,,,,,,64,1,,0000000000000000000000000000000000000000000000000000000000000000
212112,6,1/1,pinned,0,,,,,,,,64,1,,0000000000000000000000000000000000000000000000000000000000000000
212113,6,1/2,remined,1,1,2,1,0,1,0,0,64,1,1,0000001101111001111011000100001100100001101110111111011010110101
212113,6,1/2,pinned,1,5,5,5,1,1,0,0,64,1,5,0000000000000000000000000000000000000000000000000000000000110101
212113,6,2/3,remined,0,1,,,,,,,64,1,1,0000001000000000000000000100001100100001100000000000000000000000
212113,6,2/3,pinned,0,,,,,,,,64,1,,0000000000000000000000000000000000000000000000000000000000000000
212113,6,3/4,remined,0,1,,,,,,,64,1,1,0000001000000000000000000000000000000000000000000000000000000000
212113,6,3/4,pinned,0,,,,,,,,64,1,,0000000000000000000000000000000000000000000000000000000000000000
212113,6,4/5,remined,0,1,,,,,,,64,1,1,0000001000000000000000000000000000000000000000000000000000000000
212113,6,4/5,pinned,0,,,,,,,,64,1,,0000000000000000000000000000000000000000000000000000000000000000
212113,6,1/1,remined,0,1,,,,,,,64,1,1,0000001000000000000000000000000000000000000000000000000000000000
212113,6,1/1,pinned,0,,,,,,,,64,1,,0000000000000000000000000000000000000000000000000000000000000000
212121,6,1/2,remined,1,2,6,6,1,0,1,0,64,1,2,0000000101011010101101000000000000000000001011010101101010000001
212121,6,1/2,pinned,1,6,6,6,1,1,1,1,64,1,6,0000000000000000000000000000000000000000000000000000000000000001
212121,6,2/3,remined,0,,,,,,,,64,1,,0000000000000000000000000000000000000000000000000000000000000000
212121,6,2/3,pinned,0,,,,,,,,64,1,,0000000000000000000000000000000000000000000000000000000000000000
212121,6,3/4,remined,0,,,,,,,,64,1,,0000000000000000000000000000000000000000000000000000000000000000
212121,6,3/4,pinned,0,,,,,,,,64,1,,0000000000000000000000000000000000000000000000000000000000000000
212121,6,4/5,remined,0,,,,,,,,64,1,,0000000000000000000000000000000000000000000000000000000000000000
212121,6,4/5,pinned,0,,,,,,,,64,1,,0000000000000000000000000000000000000000000000000000000000000000
212121,6,1/1,remined,0,,,,,,,,64,1,,0000000000000000000000000000000000000000000000000000000000000000
212121,6,1/1,pinned,0,,,,,,,,64,1,,0000000000000000000000000000000000000000000000000000000000000000
212122,6,1/2,remined,0,2,,,,,,,64,1,2,0000000101001011100110000000000000000000001001100000110100000000
212122,6,1/2,pinned,0,,,,,,,,64,1,,0000000000000000000000000000000000000000000000000000000000000000
212122,6,2/3,remined,0,,,,,,,,64,1,,0000000000000000000000000000000000000000000000000000000000000000
212122,6,2/3,pinned,0,,,,,,,,64,1,,0000000000000000000000000000000000000000000000000000000000000000
212122,6,3/4,remined,0,,,,,,,,64,1,,0000000000000000000000000000000000000000000000000000000000000000
212122,6,3/4,pinned,0,,,,,,,,64,1,,0000000000000000000000000000000000000000000000000000000000000000
212122,6,4/5,remined,0,,,,,,,,64,1,,0000000000000000000000000000000000000000000000000000000000000000
212122,6,4/5,pinned,0,,,,,,,,64,1,,0000000000000000000000000000000000000000000000000000000000000000
212122,6,1/1,remined,0,,,,,,,,64,1,,0000000000000000000000000000000000000000000000000000000000000000
212122,6,1/1,pinned,0,,,,,,,,64,1,,0000000000000000000000000000000000000000000000000000000000000000
212123,6,1/2,remined,1,1,1,1,1,1,0,0,64,1,1,0000001101011011101111000100001000100101011011110101111110101011
212123,6,1/2,pinned,1,5,5,5,1,1,0,0,64,1,5,0000000000000000000000000000000000000000000000000000000000101011
212123,6,2/3,remined,0,1,,,,,,,64,1,1,0000001000000000000000000100001000100101010000000000000000000000
212123,6,2/3,pinned,0,,,,,,,,64,1,,0000000000000000000000000000000000000000000000000000000000000000
212123,6,3/4,remined,0,1,,,,,,,64,1,1,0000001000000000000000000000000000000000000000000000000000000000
212123,6,3/4,pinned,0,,,,,,,,64,1,,0000000000000000000000000000000000000000000000000000000000000000
212123,6,4/5,remined,0,1,,,,,,,64,1,1,0000001000000000000000000000000000000000000000000000000000000000
212123,6,4/5,pinned,0,,,,,,,,64,1,,0000000000000000000000000000000000000000000000000000000000000000
212123,6,1/1,remined,0,1,,,,,,,64,1,1,0000001000000000000000000000000000000000000000000000000000000000
212123,6,1/1,pinned,0,,,,,,,,64,1,,0000000000000000000000000000000000000000000000000000000000000000
212131,6,1/2,remined,1,1,2,2,1,1,0,0,64,1,1,0000010101111010111101001000010101000010101111011111101011010101
212131,6,1/2,pinned,1,5,5,5,1,1,0,0,64,1,5,0000000000000000000000000000000000000000000000000000000001010101
212131,6,2/3,remined,0,1,,,,,,,64,1,1,0000010000000000000000001000010101000010100000000000000000000000
212131,6,2/3,pinned,0,,,,,,,,64,1,,0000000000000000000000000000000000000000000000000000000000000000
212131,6,3/4,remined,0,1,,,,,,,64,1,1,0000010000000000000000000000000000000000000000000000000000000000
212131,6,3/4,pinned,0,,,,,,,,64,1,,0000000000000000000000000000000000000000000000000000000000000000
212131,6,4/5,remined,0,1,,,,,,,64,1,1,0000010000000000000000000000000000000000000000000000000000000000
212131,6,4/5,pinned,0,,,,,,,,64,1,,0000000000000000000000000000000000000000000000000000000000000000
212131,6,1/1,remined,0,1,,,,,,,64,1,1,0000010000000000000000000000000000000000000000000000000000000000
212131,6,1/1,pinned,0,,,,,,,,64,1,,0000000000000000000000000000000000000000000000000000000000000000
212132,6,1/2,remined,1,1,1,1,1,1,0,0,64,1,1,0000010101101011110111001000010001000110011101111001111111001011
212132,6,1/2,pinned,1,5,5,5,1,1,0,0,64,1,5,0000000000000000000000000000000000000000000000000000000001001011
212132,6,2/3,remined,0,1,,,,,,,64,1,1,0000010000000000000000001000010001000110010000000000000000000000
212132,6,2/3,pinned,0,,,,,,,,64,1,,0000000000000000000000000000000000000000000000000000000000000000
212132,6,3/4,remined,0,1,,,,,,,64,1,1,0000010000000000000000000000000000000000000000000000000000000000
212132,6,3/4,pinned,0,,,,,,,,64,1,,0000000000000000000000000000000000000000000000000000000000000000
212132,6,4/5,remined,0,1,,,,,,,64,1,1,0000010000000000000000000000000000000000000000000000000000000000
212132,6,4/5,pinned,0,,,,,,,,64,1,,0000000000000000000000000000000000000000000000000000000000000000
212132,6,1/1,remined,0,1,,,,,,,64,1,1,0000010000000000000000000000000000000000000000000000000000000000
212132,6,1/1,pinned,0,,,,,,,,64,1,,0000000000000000000000000000000000000000000000000000000000000000
212133,6,1/2,remined,1,1,1,1,1,1,0,0,64,1,1,0000011101111011111111001100011101100111111111111111111111111111
212133,6,1/2,pinned,1,4,4,4,1,1,0,0,64,1,4,0000000000000000000000000000000000000000000000010001001011111111
212133,6,2/3,remined,1,1,6,6,1,0,1,0,64,1,1,0000011000000000000001001100011101100111110000010001001010000001
212133,6,2/3,pinned,1,6,6,6,1,1,1,1,64,1,6,0000000000000000000000000000000000000000000000000000000000000001
212133,6,3/4,remined,0,1,,,,,,,64,1,1,0000011000000000000001000000000000000000000000010001001010000000
212133,6,3/4,pinned,0,,,,,,,,64,1,,0000000000000000000000000000000000000000000000000000000000000000
212133,6,4/5,remined,0,1,,,,,,,64,1,1,0000011000000000000001000000000000000000000000000000000000000000
212133,6,4/5,pinned,0,,,,,,,,64,1,,0000000000000000000000000000000000000000000000000000000000000000
212133,6,1/1,remined,0,1,,,,,,,64,1,1,0000011000000000000001000000000000000000000000000000000000000000
212133,6,1/1,pinned,0,,,,,,,,64,1,,0000000000000000000000000000000000000000000000000000000000000000
212211,6,1/2,remined,1,2,6,6,1,0,1,0,64,1,2,0000000100111100011110000000000000000000000111100011110010000001
212211,6,1/2,pinned,1,6,6,6,1,1,1,1,64,1,6,0000000000000000000000000000000000000000000000000000000000000001
212211,6,2/3,remined,0,,,,,,,,64,1,,0000000000000000000000000000000000000000000000000000000000000000
212211,6,2/3,pinned,0,,,,,,,,64,1,,0000000000000000000000000000000000000000000000000000000000000000
212211,6,3/4,remined,0,,,,,,,,64,1,,0000000000000000000000000000000000000000000000000000000000000000
212211,6,3/4,pinned,0,,,,,,,,64,1,,0000000000000000000000000000000000000000000000000000000000000000
212211,6,4/5,remined,0,,,,,,,,64,1,,0000000000000000000000000000000000000000000000000000000000000000
212211,6,4/5,pinned,0,,,,,,,,64,1,,0000000000000000000000000000000000000000000000000000000000000000
212211,6,1/1,remined,0,,,,,,,,64,1,,0000000000000000000000000000000000000000000000000000000000000000
212211,6,1/1,pinned,0,,,,,,,,64,1,,0000000000000000000000000000000000000000000000000000000000000000
212212,6,1/2,remined,0,2,,,,,,,64,1,2,0000000100101101010101000000000000000000000101010000101100000000
212212,6,1/2,pinned,0,,,,,,,,64,1,,0000000000000000000000000000000000000000000000000000000000000000
212212,6,2/3,remined,0,,,,,,,,64,1,,0000000000000000000000000000000000000000000000000000000000000000
212212,6,2/3,pinned,0,,,,,,,,64,1,,0000000000000000000000000000000000000000000000000000000000000000
212212,6,3/4,remined,0,,,,,,,,64,1,,0000000000000000000000000000000000000000000000000000000000000000
212212,6,3/4,pinned,0,,,,,,,,64,1,,0000000000000000000000000000000000000000000000000000000000000000
212212,6,4/5,remined,0,,,,,,,,64,1,,0000000000000000000000000000000000000000000000000000000000000000
212212,6,4/5,pinned,0,,,,,,,,64,1,,0000000000000000000000000000000000000000000000000000000000000000
212212,6,1/1,remined,0,,,,,,,,64,1,,0000000000000000000000000000000000000000000000000000000000000000
212212,6,1/1,pinned,0,,,,,,,,64,1,,0000000000000000000000000000000000000000000000000000000000000000
212213,6,1/2,remined,1,1,1,1,1,1,0,0,64,1,1,0000001100111101011111000100000100101000110111110011111110011011
212213,6,1/2,pinned,1,5,5,5,1,1,0,0,64,1,5,0000000000000000000000000000000000000000000000000000000000011011
212213,6,2/3,remined,0,1,,,,,,,64,1,1,0000001000000000000000000100000100101000110000000000000000000000
212213,6,2/3,pinned,0,,,,,,,,64,1,,0000000000000000000000000000000000000000000000000000000000000000
212213,6,3/4,remined,0,1,,,,,,,64,1,1,0000001000000000000000000000000000000000000000000000000000000000
212213,6,3/4,pinned,0,,,,,,,,64,1,,0000000000000000000000000000000000000000000000000000000000000000
212213,6,4/5,remined,0,1,,,,,,,64,1,1,0000001000000000000000000000000000000000000000000000000000000000
212213,6,4/5,pinned,0,,,,,,,,64,1,,0000000000000000000000000000000000000000000000000000000000000000
212213,6,1/1,remined,0,1,,,,,,,64,1,1,0000001000000000000000000000000000000000000000000000000000000000
212213,6,1/1,pinned,0,,,,,,,,64,1,,0000000000000000000000000000000000000000000000000000000000000000
212221,6,1/2,remined,0,2,,,,,,,64,1,2,0000000100011110001011000000000000000000000010110000011100000000
212221,6,1/2,pinned,0,,,,,,,,64,1,,0000000000000000000000000000000000000000000000000000000000000000
212221,6,2/3,remined,0,,,,,,,,64,1,,0000000000000000000000000000000000000000000000000000000000000000
212221,6,2/3,pinned,0,,,,,,,,64,1,,0000000000000000000000000000000000000000000000000000000000000000
212221,6,3/4,remined,0,,,,,,,,64,1,,0000000000000000000000000000000000000000000000000000000000000000
212221,6,3/4,pinned,0,,,,,,,,64,1,,0000000000000000000000000000000000000000000000000000000000000000
212221,6,4/5,remined,0,,,,,,,,64,1,,0000000000000000000000000000000000000000000000000000000000000000
212221,6,4/5,pinned,0,,,,,,,,64,1,,0000000000000000000000000000000000000000000000000000000000000000
212221,6,1/1,remined,0,,,,,,,,64,1,,0000000000000000000000000000000000000000000000000000000000000000
212221,6,1/1,pinned,0,,,,,,,,64,1,,0000000000000000000000000000000000000000000000000000000000000000
212222,6,1/2,remined,0,2,,,,,,,64,1,2,0000000100001111000000000000000000000000000000000000000000000000
212222,6,1/2,pinned,0,,,,,,,,64,1,,0000000000000000000000000000000000000000000000000000000000000000
212222,6,2/3,remined,0,,,,,,,,64,1,,0000000000000000000000000000000000000000000000000000000000000000
212222,6,2/3,pinned,0,,,,,,,,64,1,,0000000000000000000000000000000000000000000000000000000000000000
212222,6,3/4,remined,0,,,,,,,,64,1,,0000000000000000000000000000000000000000000000000000000000000000
212222,6,3/4,pinned,0,,,,,,,,64,1,,0000000000000000000000000000000000000000000000000000000000000000
212222,6,4/5,remined,0,,,,,,,,64,1,,0000000000000000000000000000000000000000000000000000000000000000
212222,6,4/5,pinned,0,,,,,,,,64,1,,0000000000000000000000000000000000000000000000000000000000000000
212222,6,1/1,remined,0,,,,,,,,64,1,,0000000000000000000000000000000000000000000000000000000000000000
212222,6,1/1,pinned,0,,,,,,,,64,1,,0000000000000000000000000000000000000000000000000000000000000000
212223,6,1/2,remined,0,1,,,,,,,64,1,1,0000001100011111001011000100000000101100000010110000011100000000
212223,6,1/2,pinned,0,,,,,,,,64,1,,0000000000000000000000000000000000000000000000000000000000000000
212223,6,2/3,remined,0,1,,,,,,,64,1,1,0000001000000000000000000100000000101100000000000000000000000000
212223,6,2/3,pinned,0,,,,,,,,64,1,,0000000000000000000000000000000000000000000000000000000000000000
212223,6,3/4,remined,0,1,,,,,,,64,1,1,0000001000000000000000000000000000000000000000000000000000000000
212223,6,3/4,pinned,0,,,,,,,,64,1,,0000000000000000000000000000000000000000000000000000000000000000
212223,6,4/5,remined,0,1,,,,,,,64,1,1,0000001000000000000000000000000000000000000000000000000000000000
212223,6,4/5,pinned,0,,,,,,,,64,1,,0000000000000000000000000000000000000000000000000000000000000000
212223,6,1/1,remined,0,1,,,,,,,64,1,1,0000001000000000000000000000000000000000000000000000000000000000
212223,6,1/1,pinned,0,,,,,,,,64,1,,0000000000000000000000000000000000000000000000000000000000000000
212231,6,1/2,remined,1,1,1,1,1,1,0,0,64,1,1,0000010100111110011111001000000101010000110111110011111110011011
212231,6,1/2,pinned,1,5,5,5,1,1,0,0,64,1,5,0000000000000000000000000000000000000000000000000000000000011011
212231,6,2/3,remined,0,1,,,,,,,64,1,1,0000010000000000000000001000000101010000110000000000000000000000
212231,6,2/3,pinned,0,,,,,,,,64,1,,0000000000000000000000000000000000000000000000000000000000000000
212231,6,3/4,remined,0,1,,,,,,,64,1,1,0000010000000000000000000000000000000000000000000000000000000000
212231,6,3/4,pinned,0,,,,,,,,64,1,,0000000000000000000000000000000000000000000000000000000000000000
212231,6,4/5,remined,0,1,,,,,,,64,1,1,0000010000000000000000000000000000000000000000000000000000000000
212231,6,4/5,pinned,0,,,,,,,,64,1,,0000000000000000000000000000000000000000000000000000000000000000
212231,6,1/1,remined,0,1,,,,,,,64,1,1,0000010000000000000000000000000000000000000000000000000000000000
212231,6,1/1,pinned,0,,,,,,,,64,1,,0000000000000000000000000000000000000000000000000000000000000000
212232,6,1/2,remined,0,1,,,,,,,64,1,1,0000010100101111010101001000000001010100000101010000101100000000
212232,6,1/2,pinned,0,,,,,,,,64,1,,0000000000000000000000000000000000000000000000000000000000000000
212232,6,2/3,remined,0,1,,,,,,,64,1,1,0000010000000000000000001000000001010100000000000000000000000000
212232,6,2/3,pinned,0,,,,,,,,64,1,,0000000000000000000000000000000000000000000000000000000000000000
212232,6,3/4,remined,0,1,,,,,,,64,1,1,0000010000000000000000000000000000000000000000000000000000000000
212232,6,3/4,pinned,0,,,,,,,,64,1,,0000000000000000000000000000000000000000000000000000000000000000
212232,6,4/5,remined,0,1,,,,,,,64,1,1,0000010000000000000000000000000000000000000000000000000000000000
212232,6,4/5,pinned,0,,,,,,,,64,1,,0000000000000000000000000000000000000000000000000000000000000000
212232,6,1/1,remined,0,1,,,,,,,64,1,1,0000010000000000000000000000000000000000000000000000000000000000
212232,6,1/1,pinned,0,,,,,,,,64,1,,0000000000000000000000000000000000000000000000000000000000000000
212233,6,1/2,remined,1,1,1,1,1,1,0,0,64,1,1,0000011100111111011111001100000101111100110111110011111110011011
212233,6,1/2,pinned,1,4,4,4,1,1,0,0,64,1,4,0000000000000000000000000000000000000000000000010000001100011011
212233,6,2/3,remined,0,1,,,,,,,64,1,1,0000011000000000000001001100000101111100110000010000001100000000
212233,6,2/3,pinned,0,,,,,,,,64,1,,0000000000000000000000000000000000000000000000000000000000000000
212233,6,3/4,remined,0,1,,,,,,,64,1,1,0000011000000000000001000000000000000000000000010000001100000000
212233,6,3/4,pinned,0,,,,,,,,64,1,,0000000000000000000000000000000000000000000000000000000000000000
212233,6,4/5,remined,0,1,,,,,,,64,1,1,0000011000000000000001000000000000000000000000000000000000000000
212233,6,4/5,pinned,0,,,,,,,,64,1,,0000000000000000000000000000000000000000000000000000000000000000
212233,6,1/1,remined,0,1,,,,,,,64,1,1,0000011000000000000001000000000000000000000000000000000000000000
212233,6,1/1,pinned,0,,,,,,,,64,1,,0000000000000000000000000000000000000000000000000000000000000000
212311,6,1/2,remined,1,1,2,1,0,1,0,0,64,1,1,0000100101111100111110010000011010000011001111101111110011100101
212311,6,1/2,pinned,1,5,5,5,1,1,0,0,64,1,5,0000000000000000000000000000000000000000000000000000000001100101
212311,6,2/3,remined,0,1,,,,,,,64,1,1,0000100000000000000000010000011010000011000000000000000000000000
212311,6,2/3,pinned,0,,,,,,,,64,1,,0000000000000000000000000000000000000000000000000000000000000000
212311,6,3/4,remined,0,1,,,,,,,64,1,1,0000100000000000000000000000000000000000000000000000000000000000
212311,6,3/4,pinned,0,,,,,,,,64,1,,0000000000000000000000000000000000000000000000000000000000000000
212311,6,4/5,remined,0,1,,,,,,,64,1,1,0000100000000000000000000000000000000000000000000000000000000000
212311,6,4/5,pinned,0,,,,,,,,64,1,,0000000000000000000000000000000000000000000000000000000000000000
212311,6,1/1,remined,0,1,,,,,,,64,1,1,0000100000000000000000000000000000000000000000000000000000000000
212311,6,1/1,pinned,0,,,,,,,,64,1,,0000000000000000000000000000000000000000000000000000000000000000
212312,6,1/2,remined,1,1,2,2,1,1,0,0,64,1,1,0000100101101101110111010000010010001010011101111001111111001011
212312,6,1/2,pinned,1,5,5,5,1,1,0,0,64,1,5,0000000000000000000000000000000000000000000000000000000001001011
212312,6,2/3,remined,0,1,,,,,,,64,1,1,0000100000000000000000010000010010001010010000000000000000000000
212312,6,2/3,pinned,0,,,,,,,,64,1,,0000000000000000000000000000000000000000000000000000000000000000
212312,6,3/4,remined,0,1,,,,,,,64,1,1,0000100000000000000000000000000000000000000000000000000000000000
212312,6,3/4,pinned,0,,,,,,,,64,1,,0000000000000000000000000000000000000000000000000000000000000000
212312,6,4/5,remined,0,1,,,,,,,64,1,1,0000100000000000000000000000000000000000000000000000000000000000
212312,6,4/5,pinned,0,,,,,,,,64,1,,0000000000000000000000000000000000000000000000000000000000000000
212312,6,1/1,remined,0,1,,,,,,,64,1,1,0000100000000000000000000000000000000000000000000000000000000000
212312,6,1/1,pinned,0,,,,,,,,64,1,,0000000000000000000000000000000000000000000000000000000000000000
212313,6,1/2,remined,1,1,1,1,1,1,0,0,64,1,1,0000101101111101111111010100011110101011111111111111111111111111
212313,6,1/2,pinned,1,4,4,4,1,1,0,0,64,1,4,0000000000000000000000000000000000000000000000100001010011111111
212313,6,2/3,remined,1,1,6,6,1,0,1,0,64,1,1,0000101000000000000010010100011110101011110000100001010010000001
212313,6,2/3,pinned,1,6,6,6,1,1,1,1,64,1,6,0000000000000000000000000000000000000000000000000000000000000001
212313,6,3/4,remined,0,1,,,,,,,64,1,1,0000101000000000000010000000000000000000000000100001010010000000
212313,6,3/4,pinned,0,,,,,,,,64,1,,0000000000000000000000000000000000000000000000000000000000000000
212313,6,4/5,remined,0,1,,,,,,,64,1,1,0000101000000000000010000000000000000000000000000000000000000000
212313,6,4/5,pinned,0,,,,,,,,64,1,,0000000000000000000000000000000000000000000000000000000000000000
212313,6,1/1,remined,0,1,,,,,,,64,1,1,0000101000000000000010000000000000000000000000000000000000000000
212313,6,1/1,pinned,0,,,,,,,,64,1,,0000000000000000000000000000000000000000000000000000000000000000
212321,6,1/2,remined,1,1,2,2,1,1,0,0,64,1,1,0000100101011110101111010000001010010001011011110101111110101011
212321,6,1/2,pinned,1,5,5,5,1,1,0,0,64,1,5,0000000000000000000000000000000000000000000000000000000000101011
212321,6,2/3,remined,0,1,,,,,,,64,1,1,0000100000000000000000010000001010010001010000000000000000000000
212321,6,2/3,pinned,0,,,,,,,,64,1,,0000000000000000000000000000000000000000000000000000000000000000
212321,6,3/4,remined,0,1,,,,,,,64,1,1,0000100000000000000000000000000000000000000000000000000000000000
212321,6,3/4,pinned,0,,,,,,,,64,1,,0000000000000000000000000000000000000000000000000000000000000000
212321,6,4/5,remined,0,1,,,,,,,64,1,1,0000100000000000000000000000000000000000000000000000000000000000
212321,6,4/5,pinned,0,,,,,,,,64,1,,0000000000000000000000000000000000000000000000000000000000000000
212321,6,1/1,remined,0,1,,,,,,,64,1,1,0000100000000000000000000000000000000000000000000000000000000000
212321,6,1/1,pinned,0,,,,,,,,64,1,,0000000000000000000000000000000000000000000000000000000000000000
212322,6,1/2,remined,0,1,,,,,,,64,1,1,0000100101001111100110010000000010011000001001100000110100000000
212322,6,1/2,pinned,0,,,,,,,,64,1,,0000000000000000000000000000000000000000000000000000000000000000
212322,6,2/3,remined,0,1,,,,,,,64,1,1,0000100000000000000000010000000010011000000000000000000000000000
212322,6,2/3,pinned,0,,,,,,,,64,1,,0000000000000000000000000000000000000000000000000000000000000000
212322,6,3/4,remined,0,1,,,,,,,64,1,1,0000100000000000000000000000000000000000000000000000000000000000
212322,6,3/4,pinned,0,,,,,,,,64,1,,0000000000000000000000000000000000000000000000000000000000000000
212322,6,4/5,remined,0,1,,,,,,,64,1,1,0000100000000000000000000000000000000000000000000000000000000000
212322,6,4/5,pinned,0,,,,,,,,64,1,,0000000000000000000000000000000000000000000000000000000000000000
212322,6,1/1,remined,0,1,,,,,,,64,1,1,0000100000000000000000000000000000000000000000000000000000000000
212322,6,1/1,pinned,0,,,,,,,,64,1,,0000000000000000000000000000000000000000000000000000000000000000
212323,6,1/2,remined,1,1,1,1,1,1,0,0,64,1,1,0000101101011111101111010100001010111101011011110101111110101011
212323,6,1/2,pinned,1,4,4,4,1,1,0,0,64,1,4,0000000000000000000000000000000000000000000000100000010100101011
212323,6,2/3,remined,0,1,,,,,,,64,1,1,0000101000000000000010010100001010111101010000100000010100000000
212323,6,2/3,pinned,0,,,,,,,,64,1,,0000000000000000000000000000000000000000000000000000000000000000
212323,6,3/4,remined,0,1,,,,,,,64,1,1,0000101000000000000010000000000000000000000000100000010100000000
212323,6,3/4,pinned,0,,,,,,,,64,1,,0000000000000000000000000000000000000000000000000000000000000000
212323,6,4/5,remined,0,1,,,,,,,64,1,1,0000101000000000000010000000000000000000000000000000000000000000
212323,6,4/5,pinned,0,,,,,,,,64,1,,0000000000000000000000000000000000000000000000000000000000000000
212323,6,1/1,remined,0,1,,,,,,,64,1,1,0000101000000000000010000000000000000000000000000000000000000000
212323,6,1/1,pinned,0,,,,,,,,64,1,,0000000000000000000000000000000000000000000000000000000000000000
212331,6,1/2,remined,1,1,1,1,1,1,0,0,64,1,1,0000110101111110111111011000011111010011111111111111111111111111
212331,6,1/2,pinned,1,4,4,4,1,1,0,0,64,1,4,0000000000000000000000000000000000000000000001000001100011111111
212331,6,2/3,remined,1,1,6,6,1,0,1,0,64,1,1,0000110000000000000100011000011111010011110001000001100010000001
212331,6,2/3,pinned,1,6,6,6,1,1,1,1,64,1,6,0000000000000000000000000000000000000000000000000000000000000001
212331,6,3/4,remined,0,1,,,,,,,64,1,1,0000110000000000000100000000000000000000000001000001100010000000
212331,6,3/4,pinned,0,,,,,,,,64,1,,0000000000000000000000000000000000000000000000000000000000000000
212331,6,4/5,remined,0,1,,,,,,,64,1,1,0000110000000000000100000000000000000000000000000000000000000000
212331,6,4/5,pinned,0,,,,,,,,64,1,,0000000000000000000000000000000000000000000000000000000000000000
212331,6,1/1,remined,0,1,,,,,,,64,1,1,0000110000000000000100000000000000000000000000000000000000000000
212331,6,1/1,pinned,0,,,,,,,,64,1,,0000000000000000000000000000000000000000000000000000000000000000
212332,6,1/2,remined,1,1,1,1,1,1,0,0,64,1,1,0000110101101111110111011000010011011110011101111001111111001011
212332,6,1/2,pinned,1,4,4,4,1,1,0,0,64,1,4,0000000000000000000000000000000000000000000001000000100101001011
212332,6,2/3,remined,0,1,,,,,,,64,1,1,0000110000000000000100011000010011011110010001000000100100000000
212332,6,2/3,pinned,0,,,,,,,,64,1,,0000000000000000000000000000000000000000000000000000000000000000
212332,6,3/4,remined,0,1,,,,,,,64,1,1,0000110000000000000100000000000000000000000001000000100100000000
212332,6,3/4,pinned,0,,,,,,,,64,1,,0000000000000000000000000000000000000000000000000000000000000000
212332,6,4/5,remined,0,1,,,,,,,64,1,1,0000110000000000000100000000000000000000000000000000000000000000
212332,6,4/5,pinned,0,,,,,,,,64,1,,0000000000000000000000000000000000000000000000000000000000000000
212332,6,1/1,remined,0,1,,,,,,,64,1,1,0000110000000000000100000000000000000000000000000000000000000000
212332,6,1/1,pinned,0,,,,,,,,64,1,,0000000000000000000000000000000000000000000000000000000000000000
212333,6,1/2,remined,1,1,1,1,1,1,0,0,64,1,1,0000111101111111111111011100011111111111111111111111111111111111
212333,6,1/2,pinned,1,3,3,3,1,1,0,0,64,1,3,0000000000000000000000000000000000000000010001110001111111111111
212333,6,2/3,remined,1,1,1,1,1,1,0,0,64,1,1,0000111000000000000111011100011111111111110001110001111110001011
212333,6,2/3,pinned,1,5,5,5,1,1,0,0,64,1,5,0000000000000000000000000000000000000000000000000000000000001011
212333,6,3/4,remined,0,1,,,,,,,64,1,1,0000111000000000000111000000000000000000010001110001111110001010
212333,6,3/4,pinned,0,,,,,,,,64,1,,0000000000000000000000000000000000000000000000000000000000000000
212333,6,4/5,remined,0,1,,,,,,,64,1,1,0000111000000000000111000000000000000000010000000000000000001010
212333,6,4/5,pinned,0,,,,,,,,64,1,,0000000000000000000000000000000000000000000000000000000000000000
212333,6,1/1,remined,0,1,,,,,,,64,1,1,0000111000000000000111000000000000000000010000000000000000000000
212333,6,1/1,pinned,0,,,,,,,,64,1,,0000000000000000000000000000000000000000000000000000000000000000
213111,6,1/2,remined,0,1,,,,,,,64,1,1,0001000111111000111000100011100000000000001110001110000000000000
213111,6,1/2,pinned,0,,,,,,,,64,1,,0000000000000000000000000000000000000000000000000000000000000000
213111,6,2/3,remined,0,1,,,,,,,64,1,1,0001000000000000000000100011100000000000000000000000000000000000
213111,6,2/3,pinned,0,,,,,,,,64,1,,0000000000000000000000000000000000000000000000000000000000000000
213111,6,3/4,remined,0,1,,,,,,,64,1,1,0001000000000000000000000000000000000000000000000000000000000000
213111,6,3/4,pinned,0,,,,,,,,64,1,,0000000000000000000000000000000000000000000000000000000000000000
213111,6,4/5,remined,0,1,,,,,,,64,1,1,0001000000000000000000000000000000000000000000000000000000000000
213111,6,4/5,pinned,0,,,,,,,,64,1,,0000000000000000000000000000000000000000000000000000000000000000
213111,6,1/1,remined,0,1,,,,,,,64,1,1,0001000000000000000000000000000000000000000000000000000000000000
213111,6,1/1,pinned,0,,,,,,,,64,1,,0000000000000000000000000000000000000000000000000000000000000000
213112,6,1/2,remined,1,1,4,4,1,0,0,0,64,1,1,0001000111101001111011100011000000100001101110111111011010110101
213112,6,1/2,pinned,1,5,5,5,1,1,0,0,64,1,5,0000000000000000000000000000000000000000000000000000000000110101
213112,6,2/3,remined,0,1,,,,,,,64,1,1,0001000000000000000000100011000000100001100000000000000000000000
213112,6,2/3,pinned,0,,,,,,,,64,1,,0000000000000000000000000000000000000000000000000000000000000000
213112,6,3/4,remined,0,1,,,,,,,64,1,1,0001000000000000000000000000000000000000000000000000000000000000
213112,6,3/4,pinned,0,,,,,,,,64,1,,0000000000000000000000000000000000000000000000000000000000000000
213112,6,4/5,remined,0,1,,,,,,,64,1,1,0001000000000000000000000000000000000000000000000000000000000000
213112,6,4/5,pinned,0,,,,,,,,64,1,,0000000000000000000000000000000000000000000000000000000000000000
213112,6,1/1,remined,0,1,,,,,,,64,1,1,0001000000000000000000000000000000000000000000000000000000000000
213112,6,1/1,pinned,0,,,,,,,,64,1,,0000000000000000000000000000000000000000000000000000000000000000
213113,6,1/2,remined,1,1,2,1,0,1,0,0,64,1,1,0001001111111001111011100111101100100001101110111111011010110101
213113,6,1/2,pinned,1,4,4,4,1,1,0,0,64,1,4,0000000000000000000000000000000000000000000010000110000000110101
213113,6,2/3,remined,0,1,,,,,,,64,1,1,0001001000000000001000100111101100100001100010000110000000000000
213113,6,2/3,pinned,0,,,,,,,,64,1,,0000000000000000000000000000000000000000000000000000000000000000
213113,6,3/4,remined,0,1,,,,,,,64,1,1,0001001000000000001000000000000000000000000010000110000000000000
213113,6,3/4,pinned,0,,,,,,,,64,1,,0000000000000000000000000000000000000000000000000000000000000000
213113,6,4/5,remined,0,1,,,,,,,64,1,1,0001001000000000001000000000000000000000000000000000000000000000
213113,6,4/5,pinned,0,,,,,,,,64,1,,0000000000000000000000000000000000000000000000000000000000000000
213113,6,1/1,remined,0,1,,,,,,,64,1,1,0001001000000000001000000000000000000000000000000000000000000000
213113,6,1/1,pinned,0,,,,,,,,64,1,,0000000000000000000000000000000000000000000000000000000000000000
213121,6,1/2,remined,1,1,4,4,1,0,0,0,64,1,1,0001000111011010111101100010100001000010101111011111101011010101
213121,6,1/2,pinned,1,5,5,5,1,1,0,0,64,1,5,0000000000000000000000000000000000000000000000000000000001010101
213121,6,2/3,remined,0,1,,,,,,,64,1,1,0001000000000000000000100010100001000010100000000000000000000000
213121,6,2/3,pinned,0,,,,,,,,64,1,,0000000000000000000000000000000000000000000000000000000000000000
213121,6,3/4,remined,0,1,,,,,,,64,1,1,0001000000000000000000000000000000000000000000000000000000000000
213121,6,3/4,pinned,0,,,,,,,,64,1,,0000000000000000000000000000000000000000000000000000000000000000
213121,6,4/5,remined,0,1,,,,,,,64,1,1,0001000000000000000000000000000000000000000000000000000000000000
213121,6,4/5,pinned,0,,,,,,,,64,1,,0000000000000000000000000000000000000000000000000000000000000000
213121,6,1/1,remined,0,1,,,,,,,64,1,1,0001000000000000000000000000000000000000000000000000000000000000
213121,6,1/1,pinned,0,,,,,,,,64,1,,0000000000000000000000000000000000000000000000000000000000000000
213122,6,1/2,remined,1,1,2,1,0,1,0,0,64,1,1,0001000111001011111110100010000001100011001111101100111111100011
213122,6,1/2,pinned,1,5,5,5,1,1,0,0,64,1,5,0000000000000000000000000000000000000000000000000000000001100011
213122,6,2/3,remined,0,1,,,,,,,64,1,1,0001000000000000000000100010000001100011000000000000000000000000
213122,6,2/3,pinned,0,,,,,,,,64,1,,0000000000000000000000000000000000000000000000000000000000000000
213122,6,3/4,remined,0,1,,,,,,,64,1,1,0001000000000000000000000000000000000000000000000000000000000000
213122,6,3/4,pinned,0,,,,,,,,64,1,,0000000000000000000000000000000000000000000000000000000000000000
213122,6,4/5,remined,0,1,,,,,,,64,1,1,0001000000000000000000000000000000000000000000000000000000000000
213122,6,4/5,pinned,0,,,,,,,,64,1,,0000000000000000000000000000000000000000000000000000000000000000
213122,6,1/1,remined,0,1,,,,,,,64,1,1,0001000000000000000000000000000000000000000000000000000000000000
213122,6,1/1,pinned,0,,,,,,,,64,1,,0000000000000000000000000000000000000000000000000000000000000000
213123,6,1/2,remined,1,1,1,1,1,1,0,0,64,1,1,0001001111011011111111100110101001100111111111111111111111111111
213123,6,1/2,pinned,1,4,4,4,1,1,0,0,64,1,4,0000000000000000000000000000000000000000000010000100001011111111
213123,6,2/3,remined,1,1,6,6,1,0,1,0,64,1,1,0001001000000000001000100110101001100111110010000100001010000001
213123,6,2/3,pinned,1,6,6,6,1,1,1,1,64,1,6,0000000000000000000000000000000000000000000000000000000000000001
213123,6,3/4,remined,0,1,,,,,,,64,1,1,0001001000000000001000000000000000000000000010000100001010000000
213123,6,3/4,pinned,0,,,,,,,,64,1,,0000000000000000000000000000000000000000000000000000000000000000
213123,6,4/5,remined,0,1,,,,,,,64,1,1,0001001000000000001000000000000000000000000000000000000000000000
213123,6,4/5,pinned,0,,,,,,,,64,1,,0000000000000000000000000000000000000000000000000000000000000000
213123,6,1/1,remined,0,1,,,,,,,64,1,1,0001001000000000001000000000000000000000000000000000000000000000
213123,6,1/1,pinned,0,,,,,,,,64,1,,0000000000000000000000000000000000000000000000000000000000000000
213131,6,1/2,remined,1,1,2,2,1,1,0,0,64,1,1,0001010111111010111101101011110101000010101111011111101011010101
213131,6,1/2,pinned,1,4,4,4,1,1,0,0,64,1,4,0000000000000000000000000000000000000000000100001010000001010101
213131,6,2/3,remined,0,1,,,,,,,64,1,1,0001010000000000010000101011110101000010100100001010000000000000
213131,6,2/3,pinned,0,,,,,,,,64,1,,0000000000000000000000000000000000000000000000000000000000000000
213131,6,3/4,remined,0,1,,,,,,,64,1,1,0001010000000000010000000000000000000000000100001010000000000000
213131,6,3/4,pinned,0,,,,,,,,64,1,,0000000000000000000000000000000000000000000000000000000000000000
213131,6,4/5,remined,0,1,,,,,,,64,1,1,0001010000000000010000000000000000000000000000000000000000000000
213131,6,4/5,pinned,0,,,,,,,,64,1,,0000000000000000000000000000000000000000000000000000000000000000
213131,6,1/1,remined,0,1,,,,,,,64,1,1,0001010000000000010000000000000000000000000000000000000000000000
213131,6,1/1,pinned,0,,,,,,,,64,1,,0000000000000000000000000000000000000000000000000000000000000000
213132,6,1/2,remined,1,1,1,1,1,1,0,0,64,1,1,0001010111101011111111101011010001100111111111111111111111111111
213132,6,1/2,pinned,1,4,4,4,1,1,0,0,64,1,4,0000000000000000000000000000000000000000000100001000001011111111
213132,6,2/3,remined,1,1,6,6,1,0,1,0,64,1,1,0001010000000000010000101011010001100111110100001000001010000001
213132,6,2/3,pinned,1,6,6,6,1,1,1,1,64,1,6,0000000000000000000000000000000000000000000000000000000000000001
213132,6,3/4,remined,0,1,,,,,,,64,1,1,0001010000000000010000000000000000000000000100001000001010000000
213132,6,3/4,pinned,0,,,,,,,,64,1,,0000000000000000000000000000000000000000000000000000000000000000
213132,6,4/5,remined,0,1,,,,,,,64,1,1,0001010000000000010000000000000000000000000000000000000000000000
213132,6,4/5,pinned,0,,,,,,,,64,1,,0000000000000000000000000000000000000000000000000000000000000000
213132,6,1/1,remined,0,1,,,,,,,64,1,1,0001010000000000010000000000000000000000000000000000000000000000
213132,6,1/1,pinned,0,,,,,,,,64,1,,0000000000000000000000000000000000000000000000000000000000000000
213133,6,1/2,remined,1,1,1,1,1,1,0,0,64,1,1,0001011111111011111111101111111101100111111111111111111111111111
213133,6,1/2,pinned,1,3,3,3,1,1,0,0,64,1,3,0000000000000000000000000000000000000000100110011111001011111111
213133,6,2/3,remined,1,1,3,1,0,1,0,0,64,1,1,0001011000000000011001101111111101100111110110011111001010010101
213133,6,2/3,pinned,1,5,5,5,1,1,0,0,64,1,5,0000000000000000000000000000000000000000000000000000000000010101
213133,6,3/4,remined,0,1,,,,,,,64,1,1,0001011000000000011001000000000000000000100110011111001010010100
213133,6,3/4,pinned,0,,,,,,,,64,1,,0000000000000000000000000000000000000000000000000000000000000000
213133,6,4/5,remined,0,1,,,,,,,64,1,1,0001011000000000011001000000000000000000100000000000000000010100
213133,6,4/5,pinned,0,,,,,,,,64,1,,0000000000000000000000000000000000000000000000000000000000000000
213133,6,1/1,remined,0,1,,,,,,,64,1,1,0001011000000000011001000000000000000000100000000000000000000000
213133,6,1/1,pinned,0,,,,,,,,64,1,,0000000000000000000000000000000000000000000000000000000000000000
213211,6,1/2,remined,1,1,4,4,1,0,0,0,64,1,1,0001000110111100111110100001100010000011001111101111110011100101
213211,6,1/2,pinned,1,5,5,5,1,1,0,0,64,1,5,0000000000000000000000000000000000000000000000000000000001100101
213211,6,2/3,remined,0,1,,,,,,,64,1,1,0001000000000000000000100001100010000011000000000000000000000000
213211,6,2/3,pinned,0,,,,,,,,64,1,,0000000000000000000000000000000000000000000000000000000000000000
213211,6,3/4,remined,0,1,,,,,,,64,1,1,0001000000000000000000000000000000000000000000000000000000000000
213211,6,3/4,pinned,0,,,,,,,,64,1,,0000000000000000000000000000000000000000000000000000000000000000
213211,6,4/5,remined,0,1,,,,,,,64,1,1,0001000000000000000000000000000000000000000000000000000000000000
213211,6,4/5,pinned,0,,,,,,,,64,1,,0000000000000000000000000000000000000000000000000000000000000000
213211,6,1/1,remined,0,1,,,,,,,64,1,1,0001000000000000000000000000000000000000000000000000000000000000
213211,6,1/1,pinned,0,,,,,,,,64,1,,0000000000000000000000000000000000000000000000000000000000000000
213212,6,1/2,remined,1,1,1,1,1,1,0,0,64,1,1,0001000110101101111101100001000010100010101111011010111111010011
213212,6,1/2,pinned,1,5,5,5,1,1,0,0,64,1,5,0000000000000000000000000000000000000000000000000000000001010011
213212,6,2/3,remined,0,1,,,,,,,64,1,1,0001000000000000000000100001000010100010100000000000000000000000
213212,6,2/3,pinned,0,,,,,,,,64,1,,0000000000000000000000000000000000000000000000000000000000000000
213212,6,3/4,remined,0,1,,,,,,,64,1,1,0001000000000000000000000000000000000000000000000000000000000000
213212,6,3/4,pinned,0,,,,,,,,64,1,,0000000000000000000000000000000000000000000000000000000000000000
213212,6,4/5,remined,0,1,,,,,,,64,1,1,0001000000000000000000000000000000000000000000000000000000000000
213212,6,4/5,pinned,0,,,,,,,,64,1,,0000000000000000000000000000000000000000000000000000000000000000
213212,6,1/1,remined,0,1,,,,,,,64,1,1,0001000000000000000000000000000000000000000000000000000000000000
213212,6,1/1,pinned,0,,,,,,,,64,1,,0000000000000000000000000000000000000000000000000000000000000000
213213,6,1/2,remined,1,1,1,1,1,1,0,0,64,1,1,0001001110111101111111100101100110101011111111111111111111111111
213213,6,1/2,pinned,1,4,4,4,1,1,0,0,64,1,4,0000000000000000000000000000000000000000000010000010010011111111
213213,6,2/3,remined,1,1,6,6,1,0,1,0,64,1,1,0001001000000000001000100101100110101011110010000010010010000001
213213,6,2/3,pinned,1,6,6,6,1,1,1,1,64,1,6,0000000000000000000000000000000000000000000000000000000000000001
213213,6,3/4,remined,0,1,,,,,,,64,1,1,0001001000000000001000000000000000000000000010000010010010000000
213213,6,3/4,pinned,0,,,,,,,,64,1,,0000000000000000000000000000000000000000000000000000000000000000
213213,6,4/5,remined,0,1,,,,,,,64,1,1,0001001000000000001000000000000000000000000000000000000000000000
213213,6,4/5,pinned,0,,,,,,,,64,1,,0000000000000000000000000000000000000000000000000000000000000000
213213,6,1/1,remined,0,1,,,,,,,64,1,1,0001001000000000001000000000000000000000000000000000000000000000
213213,6,1/1,pinned,0,,,,,,,,64,1,,0000000000000000000000000000000000000000000000000000000000000000
213221,6,1/2,remined,1,1,1,1,1,1,0,0,64,1,1,0001000110011110111011100000100011000001101110110110111110110011
213221,6,1/2,pinned,1,5,5,5,1,1,0,0,64,1,5,0000000000000000000000000000000000000000000000000000000000110011
213221,6,2/3,remined,0,1,,,,,,,64,1,1,0001000000000000000000100000100011000001100000000000000000000000
213221,6,2/3,pinned,0,,,,,,,,64,1,,0000000000000000000000000000000000000000000000000000000000000000
213221,6,3/4,remined,0,1,,,,,,,64,1,1,0001000000000000000000000000000000000000000000000000000000000000
213221,6,3/4,pinned,0,,,,,,,,64,1,,0000000000000000000000000000000000000000000000000000000000000000
213221,6,4/5,remined,0,1,,,,,,,64,1,1,0001000000000000000000000000000000000000000000000000000000000000
213221,6,4/5,pinned,0,,,,,,,,64,1,,0000000000000000000000000000000000000000000000000000000000000000
213221,6,1/1,remined,0,1,,,,,,,64,1,1,0001000000000000000000000000000000000000000000000000000000000000
213221,6,1/1,pinned,0,,,,,,,,64,1,,0000000000000000000000000000000000000000000000000000000000000000
213222,6,1/2,remined,0,1,,,,,,,64,1,1,0001000110001111111000100000000011100000001110000000111000000000
213222,6,1/2,pinned,0,,,,,,,,64,1,,0000000000000000000000000000000000000000000000000000000000000000
213222,6,2/3,remined,0,1,,,,,,,64,1,1,0001000000000000000000100000000011100000000000000000000000000000
213222,6,2/3,pinned,0,,,,,,,,64,1,,0000000000000000000000000000000000000000000000000000000000000000
213222,6,3/4,remined,0,1,,,,,,,64,1,1,0001000000000000000000000000000000000000000000000000000000000000
213222,6,3/4,pinned,0,,,,,,,,64,1,,0000000000000000000000000000000000000000000000000000000000000000
213222,6,4/5,remined,0,1,,,,,,,64,1,1,0001000000000000000000000000000000000000000000000000000000000000
213222,6,4/5,pinned,0,,,,,,,,64,1,,0000000000000000000000000000000000000000000000000000000000000000
213222,6,1/1,remined,0,1,,,,,,,64,1,1,0001000000000000000000000000000000000000000000000000000000000000
213222,6,1/1,pinned,0,,,,,,,,64,1,,0000000000000000000000000000000000000000000000000000000000000000
213223,6,1/2,remined,1,1,1,1,1,1,0,0,64,1,1,0001001110011111111011100100100011101101101110110110111110110011
213223,6,1/2,pinned,1,4,4,4,1,1,0,0,64,1,4,0000000000000000000000000000000000000000000010000000011000110011
213223,6,2/3,remined,0,1,,,,,,,64,1,1,0001001000000000001000100100100011101101100010000000011000000000
213223,6,2/3,pinned,0,,,,,,,,64,1,,0000000000000000000000000000000000000000000000000000000000000000
213223,6,3/4,remined,0,1,,,,,,,64,1,1,0001001000000000001000000000000000000000000010000000011000000000
213223,6,3/4,pinned,0,,,,,,,,64,1,,0000000000000000000000000000000000000000000000000000000000000000
213223,6,4/5,remined,0,1,,,,,,,64,1,1,0001001000000000001000000000000000000000000000000000000000000000
213223,6,4/5,pinned,0,,,,,,,,64,1,,0000000000000000000000000000000000000000000000000000000000000000
213223,6,1/1,remined,0,1,,,,,,,64,1,1,0001001000000000001000000000000000000000000000000000000000000000
213223,6,1/1,pinned,0,,,,,,,,64,1,,0000000000000000000000000000000000000000000000000000000000000000
213231,6,1/2,remined,1,1,1,1,1,1,0,0,64,1,1,0001010110111110111111101001100111010011111111111111111111111111
213231,6,1/2,pinned,1,4,4,4,1,1,0,0,64,1,4,0000000000000000000000000000000000000000000100000010100011111111
213231,6,2/3,remined,1,1,6,6,1,0,1,0,64,1,1,0001010000000000010000101001100111010011110100000010100010000001
213231,6,2/3,pinned,1,6,6,6,1,1,1,1,64,1,6,0000000000000000000000000000000000000000000000000000000000000001
213231,6,3/4,remined,0,1,,,,,,,64,1,1,0001010000000000010000000000000000000000000100000010100010000000
213231,6,3/4,pinned,0,,,,,,,,64,1,,0000000000000000000000000000000000000000000000000000000000000000
213231,6,4/5,remined,0,1,,,,,,,64,1,1,0001010000000000010000000000000000000000000000000000000000000000
213231,6,4/5,pinned,0,,,,,,,,64,1,,0000000000000000000000000000000000000000000000000000000000000000
213231,6,1/1,remined,0,1,,,,,,,64,1,1,0001010000000000010000000000000000000000000000000000000000000000
213231,6,1/1,pinned,0,,,,,,,,64,1,,0000000000000000000000000000000000000000000000000000000000000000
213232,6,1/2,remined,1,1,1,1,1,1,0,0,64,1,1,0001010110101111111101101001000011110110101111011010111111010011
213232,6,1/2,pinned,1,4,4,4,1,1,0,0,64,1,4,0000000000000000000000000000000000000000000100000000101001010011
213232,6,2/3,remined,0,1,,,,,,,64,1,1,0001010000000000010000101001000011110110100100000000101000000000
213232,6,2/3,pinned,0,,,,,,,,64,1,,0000000000000000000000000000000000000000000000000000000000000000
213232,6,3/4,remined,0,1,,,,,,,64,1,1,0001010000000000010000000000000000000000000100000000101000000000
213232,6,3/4,pinned,0,,,,,,,,64,1,,0000000000000000000000000000000000000000000000000000000000000000
213232,6,4/5,remined,0,1,,,,,,,64,1,1,0001010000000000010000000000000000000000000000000000000000000000
213232,6,4/5,pinned,0,,,,,,,,64,1,,0000000000000000000000000000000000000000000000000000000000000000
213232,6,1/1,remined,0,1,,,,,,,64,1,1,0001010000000000010000000000000000000000000000000000000000000000
213232,6,1/1,pinned,0,,,,,,,,64,1,,0000000000000000000000000000000000000000000000000000000000000000
213233,6,1/2,remined,1,1,1,1,1,1,0,0,64,1,1,0001011110111111111111101101100111111111111111111111111111111111
213233,6,1/2,pinned,1,3,3,3,1,1,0,0,64,1,3,0000000000000000000000000000000000000000100110010010111111111111
213233,6,2/3,remined,1,1,1,1,1,1,0,0,64,1,1,0001011000000000011001101101100111111111110110010010111110010011
213233,6,2/3,pinned,1,5,5,5,1,1,0,0,64,1,5,0000000000000000000000000000000000000000000000000000000000010011
213233,6,3/4,remined,0,1,,,,,,,64,1,1,0001011000000000011001000000000000000000100110010010111110010010
213233,6,3/4,pinned,0,,,,,,,,64,1,,0000000000000000000000000000000000000000000000000000000000000000
213233,6,4/5,remined,0,1,,,,,,,64,1,1,0001011000000000011001000000000000000000100000000000000000010010
213233,6,4/5,pinned,0,,,,,,,,64,1,,0000000000000000000000000000000000000000000000000000000000000000
213233,6,1/1,remined,0,1,,,,,,,64,1,1,0001011000000000011001000000000000000000100000000000000000000000
213233,6,1/1,pinned,0,,,,,,,,64,1,,0000000000000000000000000000000000000000000000000000000000000000
213311,6,1/2,remined,1,1,2,1,0,1,0,0,64,1,1,0001100111111100111110110011111010000011001111101111110011100101
213311,6,1/2,pinned,1,4,4,4,1,1,0,0,64,1,4,0000000000000000000000000000000000000000001000001100000001100101
213311,6,2/3,remined,0,1,,,,,,,64,1,1,0001100000000000100000110011111010000011001000001100000000000000
213311,6,2/3,pinned,0,,,,,,,,64,1,,0000000000000000000000000000000000000000000000000000000000000000
213311,6,3/4,remined,0,1,,,,,,,64,1,1,0001100000000000100000000000000000000000001000001100000000000000
213311,6,3/4,pinned,0,,,,,,,,64,1,,0000000000000000000000000000000000000000000000000000000000000000
213311,6,4/5,remined,0,1,,,,,,,64,1,1,0001100000000000100000000000000000000000000000000000000000000000
213311,6,4/5,pinned,0,,,,,,,,64,1,,0000000000000000000000000000000000000000000000000000000000000000
213311,6,1/1,remined,0,1,,,,,,,64,1,1,0001100000000000100000000000000000000000000000000000000000000000
213311,6,1/1,pinned,0,,,,,,,,64,1,,0000000000000000000000000000000000000000000000000000000000000000
213312,6,1/2,remined,1,1,2,2,1,1,0,0,64,1,1,0001100111101101111111110011010010101011111111111111111111111111
213312,6,1/2,pinned,1,4,4,4,1,1,0,0,64,1,4,0000000000000000000000000000000000000000001000001000010011111111
213312,6,2/3,remined,1,1,6,6,1,0,1,0,64,1,1,0001100000000000100000110011010010101011111000001000010010000001
213312,6,2/3,pinned,1,6,6,6,1,1,1,1,64,1,6,0000000000000000000000000000000000000000000000000000000000000001
213312,6,3/4,remined,0,1,,,,,,,64,1,1,0001100000000000100000000000000000000000001000001000010010000000
213312,6,3/4,pinned,0,,,,,,,,64,1,,0000000000000000000000000000000000000000000000000000000000000000
213312,6,4/5,remined,0,1,,,,,,,64,1,1,0001100000000000100000000000000000000000000000000000000000000000
213312,6,4/5,pinned,0,,,,,,,,64,1,,0000000000000000000000000000000000000000000000000000000000000000
213312,6,1/1,remined,0,1,,,,,,,64,1,1,0001100000000000100000000000000000000000000000000000000000000000
213312,6,1/1,pinned,0,,,,,,,,64,1,,0000000000000000000000000000000000000000000000000000000000000000
213313,6,1/2,remined,1,1,1,1,1,1,0,0,64,1,1,0001101111111101111111110111111110101011111111111111111111111111
213313,6,1/2,pinned,1,3,3,3,1,1,0,0,64,1,3,0000000000000000000000000000000000000001001010101111010011111111
213313,6,2/3,remined,1,1,3,3,1,0,0,0,64,1,1,0001101000000000101010110111111110101011111010101111010010100101
213313,6,2/3,pinned,1,5,5,5,1,1,0,0,64,1,5,0000000000000000000000000000000000000000000000000000000000100101
213313,6,3/4,remined,0,1,,,,,,,64,1,1,0001101000000000101010000000000000000001001010101111010010100100
213313,6,3/4,pinned,0,,,,,,,,64,1,,0000000000000000000000000000000000000000000000000000000000000000
213313,6,4/5,remined,0,1,,,,,,,64,1,1,0001101000000000101010000000000000000001000000000000000000100100
213313,6,4/5,pinned,0,,,,,,,,64,1,,0000000000000000000000000000000000000000000000000000000000000000
213313,6,1/1,remined,0,1,,,,,,,64,1,1,0001101000000000101010000000000000000001000000000000000000000000
213313,6,1/1,pinned,0,,,,,,,,64,1,,0000000000000000000000000000000000000000000000000000000000000000
213321,6,1/2,remined,1,1,2,2,1,1,0,0,64,1,1,0001100111011110111111110010101011010011111111111111111111111111
213321,6,1/2,pinned,1,4,4,4,1,1,0,0,64,1,4,0000000000000000000000000000000000000000001000000100100011111111
213321,6,2/3,remined,1,1,6,6,1,0,1,0,64,1,1,0001100000000000100000110010101011010011111000000100100010000001
213321,6,2/3,pinned,1,6,6,6,1,1,1,1,64,1,6,0000000000000000000000000000000000000000000000000000000000000001
213321,6,3/4,remined,0,1,,,,,,,64,1,1,0001100000000000100000000000000000000000001000000100100010000000
213321,6,3/4,pinned,0,,,,,,,,64,1,,0000000000000000000000000000000000000000000000000000000000000000
213321,6,4/5,remined,0,1,,,,,,,64,1,1,0001100000000000100000000000000000000000000000000000000000000000
213321,6,4/5,pinned,0,,,,,,,,64,1,,0000000000000000000000000000000000000000000000000000000000000000
213321,6,1/1,remined,0,1,,,,,,,64,1,1,0001100000000000100000000000000000000000000000000000000000000000
213321,6,1/1,pinned,0,,,,,,,,64,1,,0000000000000000000000000000000000000000000000000000000000000000
213322,6,1/2,remined,1,1,2,1,0,1,0,0,64,1,1,0001100111001111111110110010000011111011001111101100111111100011
213322,6,1/2,pinned,1,4,4,4,1,1,0,0,64,1,4,0000000000000000000000000000000000000000001000000000110001100011
213322,6,2/3,remined,0,1,,,,,,,64,1,1,0001100000000000100000110010000011111011001000000000110000000000
213322,6,2/3,pinned,0,,,,,,,,64,1,,0000000000000000000000000000000000000000000000000000000000000000
213322,6,3/4,remined,0,1,,,,,,,64,1,1,0001100000000000100000000000000000000000001000000000110000000000
213322,6,3/4,pinned,0,,,,,,,,64,1,,0000000000000000000000000000000000000000000000000000000000000000
213322,6,4/5,remined,0,1,,,,,,,64,1,1,0001100000000000100000000000000000000000000000000000000000000000
213322,6,4/5,pinned,0,,,,,,,,64,1,,0000000000000000000000000000000000000000000000000000000000000000
213322,6,1/1,remined,0,1,,,,,,,64,1,1,0001100000000000100000000000000000000000000000000000000000000000
213322,6,1/1,pinned,0,,,,,,,,64,1,,0000000000000000000000000000000000000000000000000000000000000000
213323,6,1/2,remined,1,1,1,1,1,1,0,0,64,1,1,0001101111011111111111110110101011111111111111111111111111111111
213323,6,1/2,pinned,1,3,3,3,1,1,0,0,64,1,3,0000000000000000000000000000000000000001001010100100111111111111
213323,6,2/3,remined,1,1,1,1,1,1,0,0,64,1,1,0001101000000000101010110110101011111111111010100100111110100011
213323,6,2/3,pinned,1,5,5,5,1,1,0,0,64,1,5,0000000000000000000000000000000000000000000000000000000000100011
213323,6,3/4,remined,0,1,,,,,,,64,1,1,0001101000000000101010000000000000000001001010100100111110100010
213323,6,3/4,pinned,0,,,,,,,,64,1,,0000000000000000000000000000000000000000000000000000000000000000
213323,6,4/5,remined,0,1,,,,,,,64,1,1,0001101000000000101010000000000000000001000000000000000000100010
213323,6,4/5,pinned,0,,,,,,,,64,1,,0000000000000000000000000000000000000000000000000000000000000000
213323,6,1/1,remined,0,1,,,,,,,64,1,1,0001101000000000101010000000000000000001000000000000000000000000
213323,6,1/1,pinned,0,,,,,,,,64,1,,0000000000000000000000000000000000000000000000000000000000000000
213331,6,1/2,remined,1,1,1,1,1,1,0,0,64,1,1,0001110111111110111111111011111111010011111111111111111111111111
213331,6,1/2,pinned,1,3,3,3,1,1,0,0,64,1,3,0000000000000000000000000000000000000010001101001111100011111111
213331,6,2/3,remined,1,1,3,3,1,0,0,0,64,1,1,0001110000000000110100111011111111010011111101001111100011000101
213331,6,2/3,pinned,1,5,5,5,1,1,0,0,64,1,5,0000000000000000000000000000000000000000000000000000000001000101
213331,6,3/4,remined,0,1,,,,,,,64,1,1,0001110000000000110100000000000000000010001101001111100011000100
213331,6,3/4,pinned,0,,,,,,,,64,1,,0000000000000000000000000000000000000000000000000000000000000000
213331,6,4/5,remined,0,1,,,,,,,64,1,1,0001110000000000110100000000000000000010000000000000000001000100
213331,6,4/5,pinned,0,,,,,,,,64,1,,0000000000000000000000000000000000000000000000000000000000000000
213331,6,1/1,remined,0,1,,,,,,,64,1,1,0001110000000000110100000000000000000010000000000000000000000000
213331,6,1/1,pinned,0,,,,,,,,64,1,,0000000000000000000000000000000000000000000000000000000000000000
213332,6,1/2,remined,1,1,1,1,1,1,0,0,64,1,1,0001110111101111111111111011010011111111111111111111111111111111
213332,6,1/2,pinned,1,3,3,3,1,1,0,0,64,1,3,0000000000000000000000000000000000000010001101001000111111111111
213332,6,2/3,remined,1,1,2,1,0,1,0,0,64,1,1,0001110000000000110100111011010011111111111101001000111111000011
213332,6,2/3,pinned,1,5,5,5,1,1,0,0,64,1,5,0000000000000000000000000000000000000000000000000000000001000011
213332,6,3/4,remined,0,1,,,,,,,64,1,1,0001110000000000110100000000000000000010001101001000111111000010
213332,6,3/4,pinned,0,,,,,,,,64,1,,0000000000000000000000000000000000000000000000000000000000000000
213332,6,4/5,remined,0,1,,,,,,,64,1,1,0001110000000000110100000000000000000010000000000000000001000010
213332,6,4/5,pinned,0,,,,,,,,64,1,,0000000000000000000000000000000000000000000000000000000000000000
213332,6,1/1,remined,0,1,,,,,,,64,1,1,0001110000000000110100000000000000000010000000000000000000000000
213332,6,1/1,pinned,0,,,,,,,,64,1,,0000000000000000000000000000000000000000000000000000000000000000
213333,6,1/2,remined,1,1,1,1,1,1,0,0,64,1,1,0001111111111111111111111111111111111111111111111111111111111111
213333,6,1/2,pinned,1,3,3,3,1,1,0,0,64,1,3,0000000000000000000000000000000000000011111111111111111111111111
213333,6,2/3,remined,1,1,1,1,1,1,0,0,64,1,1,0001111000000000111111111111111111111111111111111111111111111111
213333,6,2/3,pinned,1,4,4,4,1,1,0,0,64,1,4,0000000000000000000000000000000000000000000000000000000011111111
213333,6,3/4,remined,1,1,1,1,1,1,0,0,64,1,1,0001111000000000111111000000000000000011111111111111111111111111
213333,6,3/4,pinned,1,6,6,6,1,1,1,1,64,1,6,0000000000000000000000000000000000000000000000000000000000000001
213333,6,4/5,remined,1,1,1,1,1,1,0,0,64,1,1,0001111000000000111111000000000000000011110000000000000011111111
213333,6,4/5,pinned,1,6,6,6,1,1,1,1,64,1,6,0000000000000000000000000000000000000000000000000000000000000001
213333,6,1/1,remined,0,1,,,,,,,64,1,1,0001111000000000111111000000000000000011110000000000000010000000
213333,6,1/1,pinned,0,,,,,,,,64,1,,0000000000000000000000000000000000000000000000000000000000000000
221111,6,1/2,remined,0,2,,,,,,,64,1,2,0000000011111111000000000000000000000000001111110000000000000000
221111,6,1/2,pinned,0,,,,,,,,64,1,,0000000000000000000000000000000000000000000000000000000000000000
221111,6,2/3,remined,0,,,,,,,,64,1,,0000000000000000000000000000000000000000000000000000000000000000
221111,6,2/3,pinned,0,,,,,,,,64,1,,0000000000000000000000000000000000000000000000000000000000000000
221111,6,3/4,remined,0,,,,,,,,64,1,,0000000000000000000000000000000000000000000000000000000000000000
221111,6,3/4,pinned,0,,,,,,,,64,1,,0000000000000000000000000000000000000000000000000000000000000000
221111,6,4/5,remined,0,,,,,,,,64,1,,0000000000000000000000000000000000000000000000000000000000000000
221111,6,4/5,pinned,0,,,,,,,,64,1,,0000000000000000000000000000000000000000000000000000000000000000
221111,6,1/1,remined,0,,,,,,,,64,1,,0000000000000000000000000000000000000000000000000000000000000000
221111,6,1/1,pinned,0,,,,,,,,64,1,,0000000000000000000000000000000000000000000000000000000000000000
221112,6,1/2,remined,1,2,6,6,1,0,1,0,64,1,2,0000000011101110001011000000000000000000001101000111011100000001
221112,6,1/2,pinned,1,6,6,6,1,1,1,1,64,1,6,0000000000000000000000000000000000000000000000000000000000000001
221112,6,2/3,remined,0,,,,,,,,64,1,,0000000000000000000000000000000000000000000000000000000000000000
221112,6,2/3,pinned,0,,,,,,,,64,1,,0000000000000000000000000000000000000000000000000000000000000000
221112,6,3/4,remined,0,,,,,,,,64,1,,0000000000000000000000000000000000000000000000000000000000000000
221112,6,3/4,pinned,0,,,,,,,,64,1,,0000000000000000000000000000000000000000000000000000000000000000
221112,6,4/5,remined,0,,,,,,,,64,1,,0000000000000000000000000000000000000000000000000000000000000000
221112,6,4/5,pinned,0,,,,,,,,64,1,,0000000000000000000000000000000000000000000000000000000000000000
221112,6,1/1,remined,0,,,,,,,,64,1,,0000000000000000000000000000000000000000000000000000000000000000
221112,6,1/1,pinned,0,,,,,,,,64,1,,0000000000000000000000000000000000000000000000000000000000000000
221113,6,1/2,remined,1,1,4,1,0,1,0,0,64,1,1,0000001011111111001011000000101100101100001111110111011100111001
221113,6,1/2,pinned,1,5,5,5,1,1,0,0,64,1,5,0000000000000000000000000000000000000000000000000000000000111001
221113,6,2/3,remined,0,1,,,,,,,64,1,1,0000001000000000000000000000101100101100000000000000000000000000
221113,6,2/3,pinned,0,,,,,,,,64,1,,0000000000000000000000000000000000000000000000000000000000000000
221113,6,3/4,remined,0,1,,,,,,,64,1,1,0000001000000000000000000000000000000000000000000000000000000000
221113,6,3/4,pinned,0,,,,,,,,64,1,,0000000000000000000000000000000000000000000000000000000000000000
221113,6,4/5,remined,0,1,,,,,,,64,1,1,0000001000000000000000000000000000000000000000000000000000000000
221113,6,4/5,pinned,0,,,,,,,,64,1,,0000000000000000000000000000000000000000000000000000000000000000
221113,6,1/1,remined,0,1,,,,,,,64,1,1,0000001000000000000000000000000000000000000000000000000000000000
221113,6,1/1,pinned,0,,,,,,,,64,1,,0000000000000000000000000000000000000000000000000000000000000000
221121,6,1/2,remined,1,2,6,6,1,0,1,0,64,1,2,0000000011011101010101000000000000000000001010101011101100000001
221121,6,1/2,pinned,1,6,6,6,1,1,1,1,64,1,6,0000000000000000000000000000000000000000000000000000000000000001
221121,6,2/3,remined,0,,,,,,,,64,1,,0000000000000000000000000000000000000000000000000000000000000000
221121,6,2/3,pinned,0,,,,,,,,64,1,,0000000000000000000000000000000000000000000000000000000000000000
221121,6,3/4,remined,0,,,,,,,,64,1,,0000000000000000000000000000000000000000000000000000000000000000
221121,6,3/4,pinned,0,,,,,,,,64,1,,0000000000000000000000000000000000000000000000000000000000000000
221121,6,4/5,remined,0,,,,,,,,64,1,,0000000000000000000000000000000000000000000000000000000000000000
221121,6,4/5,pinned,0,,,,,,,,64,1,,0000000000000000000000000000000000000000000000000000000000000000
221121,6,1/1,remined,0,,,,,,,,64,1,,0000000000000000000000000000000000000000000000000000000000000000
221121,6,1/1,pinned,0,,,,,,,,64,1,,0000000000000000000000000000000000000000000000000000000000000000
221122,6,1/2,remined,0,2,,,,,,,64,1,2,0000000011001100011110000000000000000000001000001100110010000000
221122,6,1/2,pinned,0,,,,,,,,64,1,,0000000000000000000000000000000000000000000000000000000000000000
221122,6,2/3,remined,0,,,,,,,,64,1,,0000000000000000000000000000000000000000000000000000000000000000
221122,6,2/3,pinned,0,,,,,,,,64,1,,0000000000000000000000000000000000000000000000000000000000000000
221122,6,3/4,remined,0,,,,,,,,64,1,,0000000000000000000000000000000000000000000000000000000000000000
221122,6,3/4,pinned,0,,,,,,,,64,1,,0000000000000000000000000000000000000000000000000000000000000000
221122,6,4/5,remined,0,,,,,,,,64,1,,0000000000000000000000000000000000000000000000000000000000000000
221122,6,4/5,pinned,0,,,,,,,,64,1,,0000000000000000000000000000000000000000000000000000000000000000
221122,6,1/1,remined,0,,,,,,,,64,1,,0000000000000000000000000000000000000000000000000000000000000000
221122,6,1/1,pinned,0,,,,,,,,64,1,,0000000000000000000000000000000000000000000000000000000000000000
221123,6,1/2,remined,1,1,1,1,1,1,0,0,64,1,1,0000001011011101011111000000101000101000111010101111111110100111
221123,6,1/2,pinned,1,5,5,5,1,1,0,0,64,1,5,0000000000000000000000000000000000000000000000000000000000100111
221123,6,2/3,remined,0,1,,,,,,,64,1,1,0000001000000000000000000000101000101000110000000000000000000000
221123,6,2/3,pinned,0,,,,,,,,64,1,,0000000000000000000000000000000000000000000000000000000000000000
221123,6,3/4,remined,0,1,,,,,,,64,1,1,0000001000000000000000000000000000000000000000000000000000000000
221123,6,3/4,pinned,0,,,,,,,,64,1,,0000000000000000000000000000000000000000000000000000000000000000
221123,6,4/5,remined,0,1,,,,,,,64,1,1,0000001000000000000000000000000000000000000000000000000000000000
221123,6,4/5,pinned,0,,,,,,,,64,1,,0000000000000000000000000000000000000000000000000000000000000000
221123,6,1/1,remined,0,1,,,,,,,64,1,1,0000001000000000000000000000000000000000000000000000000000000000
221123,6,1/1,pinned,0,,,,,,,,64,1,,0000000000000000000000000000000000000000000000000000000000000000
221131,6,1/2,remined,1,1,4,1,0,1,0,0,64,1,1,0000010011111111010101000001010101010100001111111011101101011001
221131,6,1/2,pinned,1,5,5,5,1,1,0,0,64,1,5,0000000000000000000000000000000000000000000000000000000001011001
221131,6,2/3,remined,0,1,,,,,,,64,1,1,0000010000000000000000000001010101010100000000000000000000000000
221131,6,2/3,pinned,0,,,,,,,,64,1,,0000000000000000000000000000000000000000000000000000000000000000
221131,6,3/4,remined,0,1,,,,,,,64,1,1,0000010000000000000000000000000000000000000000000000000000000000
221131,6,3/4,pinned,0,,,,,,,,64,1,,0000000000000000000000000000000000000000000000000000000000000000
221131,6,4/5,remined,0,1,,,,,,,64,1,1,0000010000000000000000000000000000000000000000000000000000000000
221131,6,4/5,pinned,0,,,,,,,,64,1,,0000000000000000000000000000000000000000000000000000000000000000
221131,6,1/1,remined,0,1,,,,,,,64,1,1,0000010000000000000000000000000000000000000000000000000000000000
221131,6,1/1,pinned,0,,,,,,,,64,1,,0000000000000000000000000000000000000000000000000000000000000000
221132,6,1/2,remined,1,1,1,1,1,1,0,0,64,1,1,0000010011101110011111000001010001010000111101001111111111000111
221132,6,1/2,pinned,1,5,5,5,1,1,0,0,64,1,5,0000000000000000000000000000000000000000000000000000000001000111
221132,6,2/3,remined,0,1,,,,,,,64,1,1,0000010000000000000000000001010001010000110000000000000000000000
221132,6,2/3,pinned,0,,,,,,,,64,1,,0000000000000000000000000000000000000000000000000000000000000000
221132,6,3/4,remined,0,1,,,,,,,64,1,1,0000010000000000000000000000000000000000000000000000000000000000
221132,6,3/4,pinned,0,,,,,,,,64,1,,0000000000000000000000000000000000000000000000000000000000000000
221132,6,4/5,remined,0,1,,,,,,,64,1,1,0000010000000000000000000000000000000000000000000000000000000000
221132,6,4/5,pinned,0,,,,,,,,64,1,,0000000000000000000000000000000000000000000000000000000000000000
221132,6,1/1,remined,0,1,,,,,,,64,1,1,0000010000000000000000000000000000000000000000000000000000000000
221132,6,1/1,pinned,0,,,,,,,,64,1,,0000000000000000000000000000000000000000000000000000000000000000
221133,6,1/2,remined,1,1,1,1,1,1,0,0,64,1,1,0000011011111111011111000001111101111100111111111111111111111111
221133,6,1/2,pinned,1,4,4,4,1,1,0,0,64,1,4,0000000000000000000000000000000000000000000000000011001101111111
221133,6,2/3,remined,1,1,6,6,1,0,1,0,64,1,1,0000011000000000000001000001111101111100110000000011001100000001
221133,6,2/3,pinned,1,6,6,6,1,1,1,1,64,1,6,0000000000000000000000000000000000000000000000000000000000000001
221133,6,3/4,remined,0,1,,,,,,,64,1,1,0000011000000000000001000000000000000000000000000011001100000000
221133,6,3/4,pinned,0,,,,,,,,64,1,,0000000000000000000000000000000000000000000000000000000000000000
221133,6,4/5,remined,0,1,,,,,,,64,1,1,0000011000000000000001000000000000000000000000000000000000000000
221133,6,4/5,pinned,0,,,,,,,,64,1,,0000000000000000000000000000000000000000000000000000000000000000
221133,6,1/1,remined,0,1,,,,,,,64,1,1,0000011000000000000001000000000000000000000000000000000000000000
221133,6,1/1,pinned,0,,,,,,,,64,1,,0000000000000000000000000000000000000000000000000000000000000000
221211,6,1/2,remined,1,2,6,6,1,0,1,0,64,1,2,0000000010111011100110000000000000000000000110011101110100000001
221211,6,1/2,pinned,1,6,6,6,1,1,1,1,64,1,6,0000000000000000000000000000000000000000000000000000000000000001
221211,6,2/3,remined,0,,,,,,,,64,1,,0000000000000000000000000000000000000000000000000000000000000000
221211,6,2/3,pinned,0,,,,,,,,64,1,,0000000000000000000000000000000000000000000000000000000000000000
221211,6,3/4,remined,0,,,,,,,,64,1,,0000000000000000000000000000000000000000000000000000000000000000
221211,6,3/4,pinned,0,,,,,,,,64,1,,0000000000000000000000000000000000000000000000000000000000000000
221211,6,4/5,remined,0,,,,,,,,64,1,,0000000000000000000000000000000000000000000000000000000000000000
221211,6,4/5,pinned,0,,,,,,,,64,1,,0000000000000000000000000000000000000000000000000000000000000000
221211,6,1/1,remined,0,,,,,,,,64,1,,0000000000000000000000000000000000000000000000000000000000000000
221211,6,1/1,pinned,0,,,,,,,,64,1,,0000000000000000000000000000000000000000000000000000000000000000
221212,6,1/2,remined,0,2,,,,,,,64,1,2,0000000010101010101101000000000000000000000100001010101010000000
221212,6,1/2,pinned,0,,,,,,,,64,1,,0000000000000000000000000000000000000000000000000000000000000000
221212,6,2/3,remined,0,,,,,,,,64,1,,0000000000000000000000000000000000000000000000000000000000000000
221212,6,2/3,pinned,0,,,,,,,,64,1,,0000000000000000000000000000000000000000000000000000000000000000
221212,6,3/4,remined,0,,,,,,,,64,1,,0000000000000000000000000000000000000000000000000000000000000000
221212,6,3/4,pinned,0,,,,,,,,64,1,,0000000000000000000000000000000000000000000000000000000000000000
221212,6,4/5,remined,0,,,,,,,,64,1,,0000000000000000000000000000000000000000000000000000000000000000
221212,6,4/5,pinned,0,,,,,,,,64,1,,0000000000000000000000000000000000000000000000000000000000000000
221212,6,1/1,remined,0,,,,,,,,64,1,,0000000000000000000000000000000000000000000000000000000000000000
221212,6,1/1,pinned,0,,,,,,,,64,1,,0000000000000000000000000000000000000000000000000000000000000000
221213,6,1/2,remined,1,1,1,1,1,1,0,0,64,1,1,0000001010111011101111000000100100100101010110011111111110010111
221213,6,1/2,pinned,1,5,5,5,1,1,0,0,64,1,5,0000000000000000000000000000000000000000000000000000000000010111
221213,6,2/3,remined,0,1,,,,,,,64,1,1,0000001000000000000000000000100100100101010000000000000000000000
221213,6,2/3,pinned,0,,,,,,,,64,1,,0000000000000000000000000000000000000000000000000000000000000000
221213,6,3/4,remined,0,1,,,,,,,64,1,1,0000001000000000000000000000000000000000000000000000000000000000
221213,6,3/4,pinned,0,,,,,,,,64,1,,0000000000000000000000000000000000000000000000000000000000000000
221213,6,4/5,remined,0,1,,,,,,,64,1,1,0000001000000000000000000000000000000000000000000000000000000000
221213,6,4/5,pinned,0,,,,,,,,64,1,,0000000000000000000000000000000000000000000000000000000000000000
221213,6,1/1,remined,0,1,,,,,,,64,1,1,0000001000000000000000000000000000000000000000000000000000000000
221213,6,1/1,pinned,0,,,,,,,,64,1,,0000000000000000000000000000000000000000000000000000000000000000
221221,6,1/2,remined,0,2,,,,,,,64,1,2,0000000010011001110011000000000000000000000010000110011010000000
221221,6,1/2,pinned,0,,,,,,,,64,1,,0000000000000000000000000000000000000000000000000000000000000000
221221,6,2/3,remined,0,,,,,,,,64,1,,0000000000000000000000000000000000000000000000000000000000000000
221221,6,2/3,pinned,0,,,,,,,,64,1,,0000000000000000000000000000000000000000000000000000000000000000
221221,6,3/4,remined,0,,,,,,,,64,1,,0000000000000000000000000000000000000000000000000000000000000000
221221,6,3/4,pinned,0,,,,,,,,64,1,,0000000000000000000000000000000000000000000000000000000000000000
221221,6,4/5,remined,0,,,,,,,,64,1,,0000000000000000000000000000000000000000000000000000000000000000
221221,6,4/5,pinned,0,,,,,,,,64,1,,0000000000000000000000000000000000000000000000000000000000000000
221221,6,1/1,remined,0,,,,,,,,64,1,,0000000000000000000000000000000000000000000000000000000000000000
221221,6,1/1,pinned,0,,,,,,,,64,1,,0000000000000000000000000000000000000000000000000000000000000000
221222,6,1/2,remined,0,2,,,,,,,64,1,2,0000000010001000111000000000000000000000000000000000000000000000
221222,6,1/2,pinned,0,,,,,,,,64,1,,0000000000000000000000000000000000000000000000000000000000000000
221222,6,2/3,remined,0,,,,,,,,64,1,,0000000000000000000000000000000000000000000000000000000000000000
221222,6,2/3,pinned,0,,,,,,,,64,1,,0000000000000000000000000000000000000000000000000000000000000000
221222,6,3/4,remined,0,,,,,,,,64,1,,0000000000000000000000000000000000000000000000000000000000000000
221222,6,3/4,pinned,0,,,,,,,,64,1,,0000000000000000000000000000000000000000000000000000000000000000
221222,6,4/5,remined,0,,,,,,,,64,1,,0000000000000000000000000000000000000000000000000000000000000000
221222,6,4/5,pinned,0,,,,,,,,64,1,,0000000000000000000000000000000000000000000000000000000000000000
221222,6,1/1,remined,0,,,,,,,,64,1,,0000000000000000000000000000000000000000000000000000000000000000
221222,6,1/1,pinned,0,,,,,,,,64,1,,0000000000000000000000000000000000000000000000000000000000000000
221223,6,1/2,remined,0,1,,,,,,,64,1,1,0000001010011001111011000000100000100001100010000110011010000000
221223,6,1/2,pinned,0,,,,,,,,64,1,,0000000000000000000000000000000000000000000000000000000000000000
221223,6,2/3,remined,0,1,,,,,,,64,1,1,0000001000000000000000000000100000100001100000000000000000000000
221223,6,2/3,pinned,0,,,,,,,,64,1,,0000000000000000000000000000000000000000000000000000000000000000
221223,6,3/4,remined,0,1,,,,,,,64,1,1,0000001000000000000000000000000000000000000000000000000000000000
221223,6,3/4,pinned,0,,,,,,,,64,1,,0000000000000000000000000000000000000000000000000000000000000000
221223,6,4/5,remined,0,1,,,,,,,64,1,1,0000001000000000000000000000000000000000000000000000000000000000
221223,6,4/5,pinned,0,,,,,,,,64,1,,0000000000000000000000000000000000000000000000000000000000000000
221223,6,1/1,remined,0,1,,,,,,,64,1,1,0000001000000000000000000000000000000000000000000000000000000000
221223,6,1/1,pinned,0,,,,,,,,64,1,,0000000000000000000000000000000000000000000000000000000000000000
221231,6,1/2,remined,1,1,1,1,1,1,0,0,64,1,1,0000010010111011110111000001000101000110010110011111111110010111
221231,6,1/2,pinned,1,5,5,5,1,1,0,0,64,1,5,0000000000000000000000000000000000000000000000000000000000010111
221231,6,2/3,remined,0,1,,,,,,,64,1,1,0000010000000000000000000001000101000110010000000000000000000000
221231,6,2/3,pinned,0,,,,,,,,64,1,,0000000000000000000000000000000000000000000000000000000000000000
221231,6,3/4,remined,0,1,,,,,,,64,1,1,0000010000000000000000000000000000000000000000000000000000000000
221231,6,3/4,pinned,0,,,,,,,,64,1,,0000000000000000000000000000000000000000000000000000000000000000
221231,6,4/5,remined,0,1,,,,,,,64,1,1,0000010000000000000000000000000000000000000000000000000000000000
221231,6,4/5,pinned,0,,,,,,,,64,1,,0000000000000000000000000000000000000000000000000000000000000000
221231,6,1/1,remined,0,1,,,,,,,64,1,1,0000010000000000000000000000000000000000000000000000000000000000
221231,6,1/1,pinned,0,,,,,,,,64,1,,0000000000000000000000000000000000000000000000000000000000000000
221232,6,1/2,remined,0,1,,,,,,,64,1,1,0000010010101010111101000001000001000010100100001010101010000000
221232,6,1/2,pinned,0,,,,,,,,64,1,,0000000000000000000000000000000000000000000000000000000000000000
221232,6,2/3,remined,0,1,,,,,,,64,1,1,0000010000000000000000000001000001000010100000000000000000000000
221232,6,2/3,pinned,0,,,,,,,,64,1,,0000000000000000000000000000000000000000000000000000000000000000
221232,6,3/4,remined,0,1,,,,,,,64,1,1,0000010000000000000000000000000000000000000000000000000000000000
221232,6,3/4,pinned,0,,,,,,,,64,1,,0000000000000000000000000000000000000000000000000000000000000000
221232,6,4/5,remined,0,1,,,,,,,64,1,1,0000010000000000000000000000000000000000000000000000000000000000
221232,6,4/5,pinned,0,,,,,,,,64,1,,0000000000000000000000000000000000000000000000000000000000000000
221232,6,1/1,remined,0,1,,,,,,,64,1,1,0000010000000000000000000000000000000000000000000000000000000000
221232,6,1/1,pinned,0,,,,,,,,64,1,,0000000000000000000000000000000000000000000000000000000000000000
221233,6,1/2,remined,1,1,1,1,1,1,0,0,64,1,1,0000011010111011111111000001100101100111110110011111111110010111
221233,6,1/2,pinned,1,4,4,4,1,1,0,0,64,1,4,0000000000000000000000000000000000000000000000000010001010010111
221233,6,2/3,remined,0,1,,,,,,,64,1,1,0000011000000000000001000001100101100111110000000010001010000000
221233,6,2/3,pinned,0,,,,,,,,64,1,,0000000000000000000000000000000000000000000000000000000000000000
221233,6,3/4,remined,0,1,,,,,,,64,1,1,0000011000000000000001000000000000000000000000000010001010000000
221233,6,3/4,pinned,0,,,,,,,,64,1,,0000000000000000000000000000000000000000000000000000000000000000
221233,6,4/5,remined,0,1,,,,,,,64,1,1,0000011000000000000001000000000000000000000000000000000000000000
221233,6,4/5,pinned,0,,,,,,,,64,1,,0000000000000000000000000000000000000000000000000000000000000000
221233,6,1/1,remined,0,1,,,,,,,64,1,1,0000011000000000000001000000000000000000000000000000000000000000
221233,6,1/1,pinned,0,,,,,,,,64,1,,0000000000000000000000000000000000000000000000000000000000000000
221311,6,1/2,remined,1,1,4,4,1,0,0,0,64,1,1,0000100011111111100110000010011010011000001111111101110101101001
221311,6,1/2,pinned,1,5,5,5,1,1,0,0,64,1,5,0000000000000000000000000000000000000000000000000000000001101001
221311,6,2/3,remined,0,1,,,,,,,64,1,1,0000100000000000000000000010011010011000000000000000000000000000
221311,6,2/3,pinned,0,,,,,,,,64,1,,0000000000000000000000000000000000000000000000000000000000000000
221311,6,3/4,remined,0,1,,,,,,,64,1,1,0000100000000000000000000000000000000000000000000000000000000000
221311,6,3/4,pinned,0,,,,,,,,64,1,,0000000000000000000000000000000000000000000000000000000000000000
221311,6,4/5,remined,0,1,,,,,,,64,1,1,0000100000000000000000000000000000000000000000000000000000000000
221311,6,4/5,pinned,0,,,,,,,,64,1,,0000000000000000000000000000000000000000000000000000000000000000
221311,6,1/1,remined,0,1,,,,,,,64,1,1,0000100000000000000000000000000000000000000000000000000000000000
221311,6,1/1,pinned,0,,,,,,,,64,1,,0000000000000000000000000000000000000000000000000000000000000000
221312,6,1/2,remined,1,1,2,2,1,1,0,0,64,1,1,0000100011101110101111000010010010010001011101001111111111000111
221312,6,1/2,pinned,1,5,5,5,1,1,0,0,64,1,5,0000000000000000000000000000000000000000000000000000000001000111
221312,6,2/3,remined,0,1,,,,,,,64,1,1,0000100000000000000000000010010010010001010000000000000000000000
221312,6,2/3,pinned,0,,,,,,,,64,1,,0000000000000000000000000000000000000000000000000000000000000000
221312,6,3/4,remined,0,1,,,,,,,64,1,1,0000100000000000000000000000000000000000000000000000000000000000
221312,6,3/4,pinned,0,,,,,,,,64,1,,0000000000000000000000000000000000000000000000000000000000000000
221312,6,4/5,remined,0,1,,,,,,,64,1,1,0000100000000000000000000000000000000000000000000000000000000000
221312,6,4/5,pinned,0,,,,,,,,64,1,,0000000000000000000000000000000000000000000000000000000000000000
221312,6,1/1,remined,0,1,,,,,,,64,1,1,0000100000000000000000000000000000000000000000000000000000000000
221312,6,1/1,pinned,0,,,,,,,,64,1,,0000000000000000000000000000000000000000000000000000000000000000
221313,6,1/2,remined,1,1,1,1,1,1,0,0,64,1,1,0000101011111111101111000010111110111101011111111111111111111111
221313,6,1/2,pinned,1,4,4,4,1,1,0,0,64,1,4,0000000000000000000000000000000000000000000000000101010101111111
221313,6,2/3,remined,1,1,6,6,1,0,1,0,64,1,1,0000101000000000000010000010111110111101010000000101010100000001
221313,6,2/3,pinned,1,6,6,6,1,1,1,1,64,1,6,0000000000000000000000000000000000000000000000000000000000000001
221313,6,3/4,remined,0,1,,,,,,,64,1,1,0000101000000000000010000000000000000000000000000101010100000000
221313,6,3/4,pinned,0,,,,,,,,64,1,,0000000000000000000000000000000000000000000000000000000000000000
221313,6,4/5,remined,0,1,,,,,,,64,1,1,0000101000000000000010000000000000000000000000000000000000000000
221313,6,4/5,pinned,0,,,,,,,,64,1,,0000000000000000000000000000000000000000000000000000000000000000
221313,6,1/1,remined,0,1,,,,,,,64,1,1,0000101000000000000010000000000000000000000000000000000000000000
221313,6,1/1,pinned,0,,,,,,,,64,1,,0000000000000000000000000000000000000000000000000000000000000000
221321,6,1/2,remined,1,1,2,2,1,1,0,0,64,1,1,0000100011011101110111000010001010001010011010101111111110100111
221321,6,1/2,pinned,1,5,5,5,1,1,0,0,64,1,5,0000000000000000000000000000000000000000000000000000000000100111
221321,6,2/3,remined,0,1,,,,,,,64,1,1,0000100000000000000000000010001010001010010000000000000000000000
221321,6,2/3,pinned,0,,,,,,,,64,1,,0000000000000000000000000000000000000000000000000000000000000000
221321,6,3/4,remined,0,1,,,,,,,64,1,1,0000100000000000000000000000000000000000000000000000000000000000
221321,6,3/4,pinned,0,,,,,,,,64,1,,0000000000000000000000000000000000000000000000000000000000000000
221321,6,4/5,remined,0,1,,,,,,,64,1,1,0000100000000000000000000000000000000000000000000000000000000000
221321,6,4/5,pinned,0,,,,,,,,64,1,,0000000000000000000000000000000000000000000000000000000000000000
221321,6,1/1,remined,0,1,,,,,,,64,1,1,0000100000000000000000000000000000000000000000000000000000000000
221321,6,1/1,pinned,0,,,,,,,,64,1,,0000000000000000000000000000000000000000000000000000000000000000
221322,6,1/2,remined,0,1,,,,,,,64,1,1,0000100011001100111110000010000010000011001000001100110010000000
221322,6,1/2,pinned,0,,,,,,,,64,1,,0000000000000000000000000000000000000000000000000000000000000000
221322,6,2/3,remined,0,1,,,,,,,64,1,1,0000100000000000000000000010000010000011000000000000000000000000
221322,6,2/3,pinned,0,,,,,,,,64,1,,0000000000000000000000000000000000000000000000000000000000000000
221322,6,3/4,remined,0,1,,,,,,,64,1,1,0000100000000000000000000000000000000000000000000000000000000000
221322,6,3/4,pinned,0,,,,,,,,64,1,,0000000000000000000000000000000000000000000000000000000000000000
221322,6,4/5,remined,0,1,,,,,,,64,1,1,0000100000000000000000000000000000000000000000000000000000000000
221322,6,4/5,pinned,0,,,,,,,,64,1,,0000000000000000000000000000000000000000000000000000000000000000
221322,6,1/1,remined,0,1,,,,,,,64,1,1,0000100000000000000000000000000000000000000000000000000000000000
221322,6,1/1,pinned,0,,,,,,,,64,1,,0000000000000000000000000000000000000000000000000000000000000000
221323,6,1/2,remined,1,1,1,1,1,1,0,0,64,1,1,0000101011011101111111000010101010101011111010101111111110100111
221323,6,1/2,pinned,1,4,4,4,1,1,0,0,64,1,4,0000000000000000000000000000000000000000000000000100010010100111
221323,6,2/3,remined,0,1,,,,,,,64,1,1,0000101000000000000010000010101010101011110000000100010010000000
221323,6,2/3,pinned,0,,,,,,,,64,1,,0000000000000000000000000000000000000000000000000000000000000000
221323,6,3/4,remined,0,1,,,,,,,64,1,1,0000101000000000000010000000000000000000000000000100010010000000
221323,6,3/4,pinned,0,,,,,,,,64,1,,0000000000000000000000000000000000000000000000000000000000000000
221323,6,4/5,remined,0,1,,,,,,,64,1,1,0000101000000000000010000000000000000000000000000000000000000000
221323,6,4/5,pinned,0,,,,,,,,64,1,,0000000000000000000000000000000000000000000000000000000000000000
221323,6,1/1,remined,0,1,,,,,,,64,1,1,0000101000000000000010000000000000000000000000000000000000000000
221323,6,1/1,pinned,0,,,,,,,,64,1,,0000000000000000000000000000000000000000000000000000000000000000
221331,6,1/2,remined,1,1,1,1,1,1,0,0,64,1,1,0000110011111111110111000011011111011110011111111111111111111111
221331,6,1/2,pinned,1,4,4,4,1,1,0,0,64,1,4,0000000000000000000000000000000000000000000000001001100101111111
221331,6,2/3,remined,1,1,6,6,1,0,1,0,64,1,1,0000110000000000000100000011011111011110010000001001100100000001
221331,6,2/3,pinned,1,6,6,6,1,1,1,1,64,1,6,0000000000000000000000000000000000000000000000000000000000000001
221331,6,3/4,remined,0,1,,,,,,,64,1,1,0000110000000000000100000000000000000000000000001001100100000000
221331,6,3/4,pinned,0,,,,,,,,64,1,,0000000000000000000000000000000000000000000000000000000000000000
221331,6,4/5,remined,0,1,,,,,,,64,1,1,0000110000000000000100000000000000000000000000000000000000000000
221331,6,4/5,pinned,0,,,,,,,,64,1,,0000000000000000000000000000000000000000000000000000000000000000
221331,6,1/1,remined,0,1,,,,,,,64,1,1,0000110000000000000100000000000000000000000000000000000000000000
221331,6,1/1,pinned,0,,,,,,,,64,1,,0000000000000000000000000000000000000000000000000000000000000000
221332,6,1/2,remined,1,1,1,1,1,1,0,0,64,1,1,0000110011101110111111000011010011010011111101001111111111000111
221332,6,1/2,pinned,1,4,4,4,1,1,0,0,64,1,4,0000000000000000000000000000000000000000000000001000100011000111
221332,6,2/3,remined,0,1,,,,,,,64,1,1,0000110000000000000100000011010011010011110000001000100010000000
221332,6,2/3,pinned,0,,,,,,,,64,1,,0000000000000000000000000000000000000000000000000000000000000000
221332,6,3/4,remined,0,1,,,,,,,64,1,1,0000110000000000000100000000000000000000000000001000100010000000
221332,6,3/4,pinned,0,,,,,,,,64,1,,0000000000000000000000000000000000000000000000000000000000000000
221332,6,4/5,remined,0,1,,,,,,,64,1,1,0000110000000000000100000000000000000000000000000000000000000000
221332,6,4/5,pinned,0,,,,,,,,64,1,,0000000000000000000000000000000000000000000000000000000000000000
221332,6,1/1,remined,0,1,,,,,,,64,1,1,0000110000000000000100000000000000000000000000000000000000000000
221332,6,1/1,pinned,0,,,,,,,,64,1,,0000000000000000000000000000000000000000000000000000000000000000
221333,6,1/2,remined,1,1,1,1,1,1,0,0,64,1,1,0000111011111111111111000011111111111111111111111111111111111111
221333,6,1/2,pinned,1,3,3,3,1,1,0,0,64,1,3,0000000000000000000000000000000000000000010000001111111111111111
221333,6,2/3,remined,1,1,1,1,1,1,0,0,64,1,1,0000111000000000000111000011111111111111110000001111111110000111
221333,6,2/3,pinned,1,5,5,5,1,1,0,0,64,1,5,0000000000000000000000000000000000000000000000000000000000000111
221333,6,3/4,remined,0,1,,,,,,,64,1,1,0000111000000000000111000000000000000000010000001111111110000110
221333,6,3/4,pinned,0,,,,,,,,64,1,,0000000000000000000000000000000000000000000000000000000000000000
221333,6,4/5,remined,0,1,,,,,,,64,1,1,0000111000000000000111000000000000000000010000000000000000000110
221333,6,4/5,pinned,0,,,,,,,,64,1,,0000000000000000000000000000000000000000000000000000000000000000
221333,6,1/1,remined,0,1,,,,,,,64,1,1,0000111000000000000111000000000000000000010000000000000000000000
221333,6,1/1,pinned,0,,,,,,,,64,1,,0000000000000000000000000000000000000000000000000000000000000000
222111,6,1/2,remined,1,2,6,6,1,0,1,0,64,1,2,0000000001110111111000000000000000000000000001111110111000000001
222111,6,1/2,pinned,1,6,6,6,1,1,1,1,64,1,6,0000000000000000000000000000000000000000000000000000000000000001
222111,6,2/3,remined,0,,,,,,,,64,1,,0000000000000000000000000000000000000000000000000000000000000000
222111,6,2/3,pinned,0,,,,,,,,64,1,,0000000000000000000000000000000000000000000000000000000000000000
222111,6,3/4,remined,0,,,,,,,,64,1,,0000000000000000000000000000000000000000000000000000000000000000
222111,6,3/4,pinned,0,,,,,,,,64,1,,0000000000000000000000000000000000000000000000000000000000000000
222111,6,4/5,remined,0,,,,,,,,64,1,,0000000000000000000000000000000000000000000000000000000000000000
222111,6,4/5,pinned,0,,,,,,,,64,1,,0000000000000000000000000000000000000000000000000000000000000000
222111,6,1/1,remined,0,,,,,,,,64,1,,0000000000000000000000000000000000000000000000000000000000000000
222111,6,1/1,pinned,0,,,,,,,,64,1,,0000000000000000000000000000000000000000000000000000000000000000
222112,6,1/2,remined,0,2,,,,,,,64,1,2,0000000001100110110011000000000000000000000001001001100110000000
222112,6,1/2,pinned,0,,,,,,,,64,1,,0000000000000000000000000000000000000000000000000000000000000000
222112,6,2/3,remined,0,,,,,,,,64,1,,0000000000000000000000000000000000000000000000000000000000000000
222112,6,2/3,pinned,0,,,,,,,,64,1,,0000000000000000000000000000000000000000000000000000000000000000
222112,6,3/4,remined,0,,,,,,,,64,1,,0000000000000000000000000000000000000000000000000000000000000000
222112,6,3/4,pinned,0,,,,,,,,64,1,,0000000000000000000000000000000000000000000000000000000000000000
222112,6,4/5,remined,0,,,,,,,,64,1,,0000000000000000000000000000000000000000000000000000000000000000
222112,6,4/5,pinned,0,,,,,,,,64,1,,0000000000000000000000000000000000000000000000000000000000000000
222112,6,1/1,remined,0,,,,,,,,64,1,,0000000000000000000000000000000000000000000000000000000000000000
222112,6,1/1,pinned,0,,,,,,,,64,1,,0000000000000000000000000000000000000000000000000000000000000000
222113,6,1/2,remined,1,1,2,1,0,1,0,0,64,1,1,0000001001110111111011000000001100001101100001111111111110001111
222113,6,1/2,pinned,1,5,5,5,1,1,0,0,64,1,5,0000000000000000000000000000000000000000000000000000000000001111
222113,6,2/3,remined,0,1,,,,,,,64,1,1,0000001000000000000000000000001100001101100000000000000000000000
222113,6,2/3,pinned,0,,,,,,,,64,1,,0000000000000000000000000000000000000000000000000000000000000000
222113,6,3/4,remined,0,1,,,,,,,64,1,1,0000001000000000000000000000000000000000000000000000000000000000
222113,6,3/4,pinned,0,,,,,,,,64,1,,0000000000000000000000000000000000000000000000000000000000000000
222113,6,4/5,remined,0,1,,,,,,,64,1,1,0000001000000000000000000000000000000000000000000000000000000000
222113,6,4/5,pinned,0,,,,,,,,64,1,,0000000000000000000000000000000000000000000000000000000000000000
222113,6,1/1,remined,0,1,,,,,,,64,1,1,0000001000000000000000000000000000000000000000000000000000000000
222113,6,1/1,pinned,0,,,,,,,,64,1,,0000000000000000000000000000000000000000000000000000000000000000
222121,6,1/2,remined,0,2,,,,,,,64,1,2,0000000001010101101101000000000000000000000000100101010110000000
222121,6,1/2,pinned,0,,,,,,,,64,1,,0000000000000000000000000000000000000000000000000000000000000000
222121,6,2/3,remined,0,,,,,,,,64,1,,0000000000000000000000000000000000000000000000000000000000000000
222121,6,2/3,pinned,0,,,,,,,,64,1,,0000000000000000000000000000000000000000000000000000000000000000
222121,6,3/4,remined,0,,,,,,,,64,1,,0000000000000000000000000000000000000000000000000000000000000000
222121,6,3/4,pinned,0,,,,,,,,64,1,,0000000000000000000000000000000000000000000000000000000000000000
222121,6,4/5,remined,0,,,,,,,,64,1,,0000000000000000000000000000000000000000000000000000000000000000
222121,6,4/5,pinned,0,,,,,,,,64,1,,0000000000000000000000000000000000000000000000000000000000000000
222121,6,1/1,remined,0,,,,,,,,64,1,,0000000000000000000000000000000000000000000000000000000000000000
222121,6,1/1,pinned,0,,,,,,,,64,1,,0000000000000000000000000000000000000000000000000000000000000000
222122,6,1/2,remined,0,2,,,,,,,64,1,2,0000000001000100100110000000000000000000000000000000000000000000
222122,6,1/2,pinned,0,,,,,,,,64,1,,0000000000000000000000000000000000000000000000000000000000000000
222122,6,2/3,remined,0,,,,,,,,64,1,,0000000000000000000000000000000000000000000000000000000000000000
222122,6,2/3,pinned,0,,,,,,,,64,1,,0000000000000000000000000000000000000000000000000000000000000000
222122,6,3/4,remined,0,,,,,,,,64,1,,0000000000000000000000000000000000000000000000000000000000000000
222122,6,3/4,pinned,0,,,,,,,,64,1,,0000000000000000000000000000000000000000000000000000000000000000
222122,6,4/5,remined,0,,,,,,,,64,1,,0000000000000000000000000000000000000000000000000000000000000000
222122,6,4/5,pinned,0,,,,,,,,64,1,,0000000000000000000000000000000000000000000000000000000000000000
222122,6,1/1,remined,0,,,,,,,,64,1,,0000000000000000000000000000000000000000000000000000000000000000
222122,6,1/1,pinned,0,,,,,,,,64,1,,0000000000000000000000000000000000000000000000000000000000000000
222123,6,1/2,remined,0,1,,,,,,,64,1,1,0000001001010101101111000000001000001001010000100101010110000000
222123,6,1/2,pinned,0,,,,,,,,64,1,,0000000000000000000000000000000000000000000000000000000000000000
222123,6,2/3,remined,0,1,,,,,,,64,1,1,0000001000000000000000000000001000001001010000000000000000000000
222123,6,2/3,pinned,0,,,,,,,,64,1,,0000000000000000000000000000000000000000000000000000000000000000
222123,6,3/4,remined,0,1,,,,,,,64,1,1,0000001000000000000000000000000000000000000000000000000000000000
222123,6,3/4,pinned,0,,,,,,,,64,1,,0000000000000000000000000000000000000000000000000000000000000000
222123,6,4/5,remined,0,1,,,,,,,64,1,1,0000001000000000000000000000000000000000000000000000000000000000
222123,6,4/5,pinned,0,,,,,,,,64,1,,0000000000000000000000000000000000000000000000000000000000000000
222123,6,1/1,remined,0,1,,,,,,,64,1,1,0000001000000000000000000000000000000000000000000000000000000000
222123,6,1/1,pinned,0,,,,,,,,64,1,,0000000000000000000000000000000000000000000000000000000000000000
222131,6,1/2,remined,1,1,2,2,1,1,0,0,64,1,1,0000010001110111111101000000010100010110100001111111111110001111
222131,6,1/2,pinned,1,5,5,5,1,1,0,0,64,1,5,0000000000000000000000000000000000000000000000000000000000001111
222131,6,2/3,remined,0,1,,,,,,,64,1,1,0000010000000000000000000000010100010110100000000000000000000000
222131,6,2/3,pinned,0,,,,,,,,64,1,,0000000000000000000000000000000000000000000000000000000000000000
222131,6,3/4,remined,0,1,,,,,,,64,1,1,0000010000000000000000000000000000000000000000000000000000000000
222131,6,3/4,pinned,0,,,,,,,,64,1,,0000000000000000000000000000000000000000000000000000000000000000
222131,6,4/5,remined,0,1,,,,,,,64,1,1,0000010000000000000000000000000000000000000000000000000000000000
222131,6,4/5,pinned,0,,,,,,,,64,1,,0000000000000000000000000000000000000000000000000000000000000000
222131,6,1/1,remined,0,1,,,,,,,64,1,1,0000010000000000000000000000000000000000000000000000000000000000
222131,6,1/1,pinned,0,,,,,,,,64,1,,0000000000000000000000000000000000000000000000000000000000000000
222132,6,1/2,remined,0,1,,,,,,,64,1,1,0000010001100110110111000000010000010010010001001001100110000000
222132,6,1/2,pinned,0,,,,,,,,64,1,,0000000000000000000000000000000000000000000000000000000000000000
222132,6,2/3,remined,0,1,,,,,,,64,1,1,0000010000000000000000000000010000010010010000000000000000000000
222132,6,2/3,pinned,0,,,,,,,,64,1,,0000000000000000000000000000000000000000000000000000000000000000
222132,6,3/4,remined,0,1,,,,,,,64,1,1,0000010000000000000000000000000000000000000000000000000000000000
222132,6,3/4,pinned,0,,,,,,,,64,1,,0000000000000000000000000000000000000000000000000000000000000000
222132,6,4/5,remined,0,1,,,,,,,64,1,1,0000010000000000000000000000000000000000000000000000000000000000
222132,6,4/5,pinned,0,,,,,,,,64,1,,0000000000000000000000000000000000000000000000000000000000000000
222132,6,1/1,remined,0,1,,,,,,,64,1,1,0000010000000000000000000000000000000000000000000000000000000000
222132,6,1/1,pinned,0,,,,,,,,64,1,,0000000000000000000000000000000000000000000000000000000000000000
222133,6,1/2,remined,1,1,1,1,1,1,0,0,64,1,1,0000011001110111111111000000011100011111110001111111111110001111
222133,6,1/2,pinned,1,4,4,4,1,1,0,0,64,1,4,0000000000000000000000000000000000000000000000000001000110001111
222133,6,2/3,remined,0,1,,,,,,,64,1,1,0000011000000000000001000000011100011111110000000001000110000000
222133,6,2/3,pinned,0,,,,,,,,64,1,,0000000000000000000000000000000000000000000000000000000000000000
222133,6,3/4,remined,0,1,,,,,,,64,1,1,0000011000000000000001000000000000000000000000000001000110000000
222133,6,3/4,pinned,0,,,,,,,,64,1,,0000000000000000000000000000000000000000000000000000000000000000
222133,6,4/5,remined,0,1,,,,,,,64,1,1,0000011000000000000001000000000000000000000000000000000000000000
222133,6,4/5,pinned,0,,,,,,,,64,1,,0000000000000000000000000000000000000000000000000000000000000000
222133,6,1/1,remined,0,1,,,,,,,64,1,1,0000011000000000000001000000000000000000000000000000000000000000
222133,6,1/1,pinned,0,,,,,,,,64,1,,0000000000000000000000000000000000000000000000000000000000000000
222211,6,1/2,remined,0,2,,,,,,,64,1,2,0000000000110011011110000000000000000000000000010011001110000000
222211,6,1/2,pinned,0,,,,,,,,64,1,,0000000000000000000000000000000000000000000000000000000000000000
222211,6,2/3,remined,0,,,,,,,,64,1,,0000000000000000000000000000000000000000000000000000000000000000
222211,6,2/3,pinned,0,,,,,,,,64,1,,0000000000000000000000000000000000000000000000000000000000000000
222211,6,3/4,remined,0,,,,,,,,64,1,,0000000000000000000000000000000000000000000000000000000000000000
222211,6,3/4,pinned,0,,,,,,,,64,1,,0000000000000000000000000000000000000000000000000000000000000000
222211,6,4/5,remined,0,,,,,,,,64,1,,0000000000000000000000000000000000000000000000000000000000000000
222211,6,4/5,pinned,0,,,,,,,,64,1,,0000000000000000000000000000000000000000000000000000000000000000
222211,6,1/1,remined,0,,,,,,,,64,1,,0000000000000000000000000000000000000000000000000000000000000000
222211,6,1/1,pinned,0,,,,,,,,64,1,,0000000000000000000000000000000000000000000000000000000000000000
222212,6,1/2,remined,0,2,,,,,,,64,1,2,0000000000100010010101000000000000000000000000000000000000000000
222212,6,1/2,pinned,0,,,,,,,,64,1,,0000000000000000000000000000000000000000000000000000000000000000
222212,6,2/3,remined,0,,,,,,,,64,1,,0000000000000000000000000000000000000000000000000000000000000000
222212,6,2/3,pinned,0,,,,,,,,64,1,,0000000000000000000000000000000000000000000000000000000000000000
222212,6,3/4,remined,0,,,,,,,,64,1,,0000000000000000000000000000000000000000000000000000000000000000
222212,6,3/4,pinned,0,,,,,,,,64,1,,0000000000000000000000000000000000000000000000000000000000000000
222212,6,4/5,remined,0,,,,,,,,64,1,,0000000000000000000000000000000000000000000000000000000000000000
222212,6,4/5,pinned,0,,,,,,,,64,1,,0000000000000000000000000000000000000000000000000000000000000000
222212,6,1/1,remined,0,,,,,,,,64,1,,0000000000000000000000000000000000000000000000000000000000000000
222212,6,1/1,pinned,0,,,,,,,,64,1,,0000000000000000000000000000000000000000000000000000000000000000
222213,6,1/2,remined,0,1,,,,,,,64,1,1,0000001000110011011111000000000100000100110000010011001110000000
222213,6,1/2,pinned,0,,,,,,,,64,1,,0000000000000000000000000000000000000000000000000000000000000000
222213,6,2/3,remined,0,1,,,,,,,64,1,1,0000001000000000000000000000000100000100110000000000000000000000
222213,6,2/3,pinned,0,,,,,,,,64,1,,0000000000000000000000000000000000000000000000000000000000000000
222213,6,3/4,remined,0,1,,,,,,,64,1,1,0000001000000000000000000000000000000000000000000000000000000000
222213,6,3/4,pinned,0,,,,,,,,64,1,,0000000000000000000000000000000000000000000000000000000000000000
222213,6,4/5,remined,0,1,,,,,,,64,1,1,0000001000000000000000000000000000000000000000000000000000000000
222213,6,4/5,pinned,0,,,,,,,,64,1,,0000000000000000000000000000000000000000000000000000000000000000
222213,6,1/1,remined,0,1,,,,,,,64,1,1,0000001000000000000000000000000000000000000000000000000000000000
222213,6,1/1,pinned,0,,,,,,,,64,1,,0000000000000000000000000000000000000000000000000000000000000000
222221,6,1/2,remined,0,2,,,,,,,64,1,2,0000000000010001001011000000000000000000000000000000000000000000
222221,6,1/2,pinned,0,,,,,,,,64,1,,0000000000000000000000000000000000000000000000000000000000000000
222221,6,2/3,remined,0,,,,,,,,64,1,,0000000000000000000000000000000000000000000000000000000000000000
222221,6,2/3,pinned,0,,,,,,,,64,1,,0000000000000000000000000000000000000000000000000000000000000000
222221,6,3/4,remined,0,,,,,,,,64,1,,0000000000000000000000000000000000000000000000000000000000000000
222221,6,3/4,pinned,0,,,,,,,,64,1,,0000000000000000000000000000000000000000000000000000000000000000
222221,6,4/5,remined,0,,,,,,,,64,1,,0000000000000000000000000000000000000000000000000000000000000000
222221,6,4/5,pinned,0,,,,,,,,64,1,,0000000000000000000000000000000000000000000000000000000000000000
222221,6,1/1,remined,0,,,,,,,,64,1,,0000000000000000000000000000000000000000000000000000000000000000
222221,6,1/1,pinned,0,,,,,,,,64,1,,0000000000000000000000000000000000000000000000000000000000000000
222222,6,1/2,remined,0,,,,,,,,64,1,,0000000000000000000000000000000000000000000000000000000000000000
222222,6,1/2,pinned,0,,,,,,,,64,1,,0000000000000000000000000000000000000000000000000000000000000000
222222,6,2/3,remined,0,,,,,,,,64,1,,0000000000000000000000000000000000000000000000000000000000000000
222222,6,2/3,pinned,0,,,,,,,,64,1,,0000000000000000000000000000000000000000000000000000000000000000
222222,6,3/4,remined,0,,,,,,,,64,1,,0000000000000000000000000000000000000000000000000000000000000000
222222,6,3/4,pinned,0,,,,,,,,64,1,,0000000000000000000000000000000000000000000000000000000000000000
222222,6,4/5,remined,0,,,,,,,,64,1,,0000000000000000000000000000000000000000000000000000000000000000
222222,6,4/5,pinned,0,,,,,,,,64,1,,0000000000000000000000000000000000000000000000000000000000000000
222222,6,1/1,remined,0,,,,,,,,64,1,,0000000000000000000000000000000000000000000000000000000000000000
222222,6,1/1,pinned,0,,,,,,,,64,1,,0000000000000000000000000000000000000000000000000000000000000000
222223,6,1/2,remined,0,1,,,,,,,64,1,1,0000001000010001001011000000000000000000000000000000000000000000
222223,6,1/2,pinned,0,,,,,,,,64,1,,0000000000000000000000000000000000000000000000000000000000000000
222223,6,2/3,remined,0,1,,,,,,,64,1,1,0000001000000000000000000000000000000000000000000000000000000000
222223,6,2/3,pinned,0,,,,,,,,64,1,,0000000000000000000000000000000000000000000000000000000000000000
222223,6,3/4,remined,0,1,,,,,,,64,1,1,0000001000000000000000000000000000000000000000000000000000000000
222223,6,3/4,pinned,0,,,,,,,,64,1,,0000000000000000000000000000000000000000000000000000000000000000
222223,6,4/5,remined,0,1,,,,,,,64,1,1,0000001000000000000000000000000000000000000000000000000000000000
222223,6,4/5,pinned,0,,,,,,,,64,1,,0000000000000000000000000000000000000000000000000000000000000000
222223,6,1/1,remined,0,1,,,,,,,64,1,1,0000001000000000000000000000000000000000000000000000000000000000
222223,6,1/1,pinned,0,,,,,,,,64,1,,0000000000000000000000000000000000000000000000000000000000000000
222231,6,1/2,remined,0,1,,,,,,,64,1,1,0000010000110011011111000000000100000100110000010011001110000000
222231,6,1/2,pinned,0,,,,,,,,64,1,,0000000000000000000000000000000000000000000000000000000000000000
222231,6,2/3,remined,0,1,,,,,,,64,1,1,0000010000000000000000000000000100000100110000000000000000000000
222231,6,2/3,pinned,0,,,,,,,,64,1,,0000000000000000000000000000000000000000000000000000000000000000
222231,6,3/4,remined,0,1,,,,,,,64,1,1,0000010000000000000000000000000000000000000000000000000000000000
222231,6,3/4,pinned,0,,,,,,,,64,1,,0000000000000000000000000000000000000000000000000000000000000000
222231,6,4/5,remined,0,1,,,,,,,64,1,1,0000010000000000000000000000000000000000000000000000000000000000
222231,6,4/5,pinned,0,,,,,,,,64,1,,0000000000000000000000000000000000000000000000000000000000000000
222231,6,1/1,remined,0,1,,,,,,,64,1,1,0000010000000000000000000000000000000000000000000000000000000000
222231,6,1/1,pinned,0,,,,,,,,64,1,,0000000000000000000000000000000000000000000000000000000000000000
222232,6,1/2,remined,0,1,,,,,,,64,1,1,0000010000100010010101000000000000000000000000000000000000000000
222232,6,1/2,pinned,0,,,,,,,,64,1,,0000000000000000000000000000000000000000000000000000000000000000
222232,6,2/3,remined,0,1,,,,,,,64,1,1,0000010000000000000000000000000000000000000000000000000000000000
222232,6,2/3,pinned,0,,,,,,,,64,1,,0000000000000000000000000000000000000000000000000000000000000000
222232,6,3/4,remined,0,1,,,,,,,64,1,1,0000010000000000000000000000000000000000000000000000000000000000
222232,6,3/4,pinned,0,,,,,,,,64,1,,0000000000000000000000000000000000000000000000000000000000000000
222232,6,4/5,remined,0,1,,,,,,,64,1,1,0000010000000000000000000000000000000000000000000000000000000000
222232,6,4/5,pinned,0,,,,,,,,64,1,,0000000000000000000000000000000000000000000000000000000000000000
222232,6,1/1,remined,0,1,,,,,,,64,1,1,0000010000000000000000000000000000000000000000000000000000000000
222232,6,1/1,pinned,0,,,,,,,,64,1,,0000000000000000000000000000000000000000000000000000000000000000
222233,6,1/2,remined,0,1,,,,,,,64,1,1,0000011000110011011111000000000100000100110000010011001110000000
222233,6,1/2,pinned,0,,,,,,,,64,1,,0000000000000000000000000000000000000000000000000000000000000000
222233,6,2/3,remined,0,1,,,,,,,64,1,1,0000011000000000000001000000000100000100110000000000000000000000
222233,6,2/3,pinned,0,,,,,,,,64,1,,0000000000000000000000000000000000000000000000000000000000000000
222233,6,3/4,remined,0,1,,,,,,,64,1,1,0000011000000000000001000000000000000000000000000000000000000000
222233,6,3/4,pinned,0,,,,,,,,64,1,,0000000000000000000000000000000000000000000000000000000000000000
222233,6,4/5,remined,0,1,,,,,,,64,1,1,0000011000000000000001000000000000000000000000000000000000000000
222233,6,4/5,pinned,0,,,,,,,,64,1,,0000000000000000000000000000000000000000000000000000000000000000
222233,6,1/1,remined,0,1,,,,,,,64,1,1,0000011000000000000001000000000000000000000000000000000000000000
222233,6,1/1,pinned,0,,,,,,,,64,1,,0000000000000000000000000000000000000000000000000000000000000000
222311,6,1/2,remined,1,1,2,1,0,1,0,0,64,1,1,0000100001110111111110000000011000011011000001111111111110001111
222311,6,1/2,pinned,1,5,5,5,1,1,0,0,64,1,5,0000000000000000000000000000000000000000000000000000000000001111
222311,6,2/3,remined,0,1,,,,,,,64,1,1,0000100000000000000000000000011000011011000000000000000000000000
222311,6,2/3,pinned,0,,,,,,,,64,1,,0000000000000000000000000000000000000000000000000000000000000000
222311,6,3/4,remined,0,1,,,,,,,64,1,1,0000100000000000000000000000000000000000000000000000000000000000
222311,6,3/4,pinned,0,,,,,,,,64,1,,0000000000000000000000000000000000000000000000000000000000000000
222311,6,4/5,remined,0,1,,,,,,,64,1,1,0000100000000000000000000000000000000000000000000000000000000000
222311,6,4/5,pinned,0,,,,,,,,64,1,,0000000000000000000000000000000000000000000000000000000000000000
222311,6,1/1,remined,0,1,,,,,,,64,1,1,0000100000000000000000000000000000000000000000000000000000000000
222311,6,1/1,pinned,0,,,,,,,,64,1,,0000000000000000000000000000000000000000000000000000000000000000
222312,6,1/2,remined,0,1,,,,,,,64,1,1,0000100001100110110111000000010000010010010001001001100110000000
222312,6,1/2,pinned,0,,,,,,,,64,1,,0000000000000000000000000000000000000000000000000000000000000000
222312,6,2/3,remined,0,1,,,,,,,64,1,1,0000100000000000000000000000010000010010010000000000000000000000
222312,6,2/3,pinned,0,,,,,,,,64,1,,0000000000000000000000000000000000000000000000000000000000000000
222312,6,3/4,remined,0,1,,,,,,,64,1,1,0000100000000000000000000000000000000000000000000000000000000000
222312,6,3/4,pinned,0,,,,,,,,64,1,,0000000000000000000000000000000000000000000000000000000000000000
222312,6,4/5,remined,0,1,,,,,,,64,1,1,0000100000000000000000000000000000000000000000000000000000000000
222312,6,4/5,pinned,0,,,,,,,,64,1,,0000000000000000000000000000000000000000000000000000000000000000
222312,6,1/1,remined,0,1,,,,,,,64,1,1,0000100000000000000000000000000000000000000000000000000000000000
222312,6,1/1,pinned,0,,,,,,,,64,1,,0000000000000000000000000000000000000000000000000000000000000000
222313,6,1/2,remined,1,1,1,1,1,1,0,0,64,1,1,0000101001110111111111000000011100011111110001111111111110001111
222313,6,1/2,pinned,1,4,4,4,1,1,0,0,64,1,4,0000000000000000000000000000000000000000000000000001000110001111
222313,6,2/3,remined,0,1,,,,,,,64,1,1,0000101000000000000010000000011100011111110000000001000110000000
222313,6,2/3,pinned,0,,,,,,,,64,1,,0000000000000000000000000000000000000000000000000000000000000000
222313,6,3/4,remined,0,1,,,,,,,64,1,1,0000101000000000000010000000000000000000000000000001000110000000
222313,6,3/4,pinned,0,,,,,,,,64,1,,0000000000000000000000000000000000000000000000000000000000000000
222313,6,4/5,remined,0,1,,,,,,,64,1,1,0000101000000000000010000000000000000000000000000000000000000000
222313,6,4/5,pinned,0,,,,,,,,64,1,,0000000000000000000000000000000000000000000000000000000000000000
222313,6,1/1,remined,0,1,,,,,,,64,1,1,0000101000000000000010000000000000000000000000000000000000000000
222313,6,1/1,pinned,0,,,,,,,,64,1,,0000000000000000000000000000000000000000000000000000000000000000
222321,6,1/2,remined,0,1,,,,,,,64,1,1,0000100001010101101111000000001000001001010000100101010110000000
222321,6,1/2,pinned,0,,,,,,,,64,1,,0000000000000000000000000000000000000000000000000000000000000000
222321,6,2/3,remined,0,1,,,,,,,64,1,1,0000100000000000000000000000001000001001010000000000000000000000
222321,6,2/3,pinned,0,,,,,,,,64,1,,0000000000000000000000000000000000000000000000000000000000000000
222321,6,3/4,remined,0,1,,,,,,,64,1,1,0000100000000000000000000000000000000000000000000000000000000000
222321,6,3/4,pinned,0,,,,,,,,64,1,,0000000000000000000000000000000000000000000000000000000000000000
222321,6,4/5,remined,0,1,,,,,,,64,1,1,0000100000000000000000000000000000000000000000000000000000000000
222321,6,4/5,pinned,0,,,,,,,,64,1,,0000000000000000000000000000000000000000000000000000000000000000
222321,6,1/1,remined,0,1,,,,,,,64,1,1,0000100000000000000000000000000000000000000000000000000000000000
222321,6,1/1,pinned,0,,,,,,,,64,1,,0000000000000000000000000000000000000000000000000000000000000000
222322,6,1/2,remined,0,1,,,,,,,64,1,1,0000100001000100100110000000000000000000000000000000000000000000
222322,6,1/2,pinned,0,,,,,,,,64,1,,0000000000000000000000000000000000000000000000000000000000000000
222322,6,2/3,remined,0,1,,,,,,,64,1,1,0000100000000000000000000000000000000000000000000000000000000000
222322,6,2/3,pinned,0,,,,,,,,64,1,,0000000000000000000000000000000000000000000000000000000000000000
222322,6,3/4,remined,0,1,,,,,,,64,1,1,0000100000000000000000000000000000000000000000000000000000000000
222322,6,3/4,pinned,0,,,,,,,,64,1,,0000000000000000000000000000000000000000000000000000000000000000
222322,6,4/5,remined,0,1,,,,,,,64,1,1,0000100000000000000000000000000000000000000000000000000000000000
222322,6,4/5,pinned,0,,,,,,,,64,1,,0000000000000000000000000000000000000000000000000000000000000000
222322,6,1/1,remined,0,1,,,,,,,64,1,1,0000100000000000000000000000000000000000000000000000000000000000
222322,6,1/1,pinned,0,,,,,,,,64,1,,0000000000000000000000000000000000000000000000000000000000000000
222323,6,1/2,remined,0,1,,,,,,,64,1,1,0000101001010101101111000000001000001001010000100101010110000000
222323,6,1/2,pinned,0,,,,,,,,64,1,,0000000000000000000000000000000000000000000000000000000000000000
222323,6,2/3,remined,0,1,,,,,,,64,1,1,0000101000000000000010000000001000001001010000000000000000000000
222323,6,2/3,pinned,0,,,,,,,,64,1,,0000000000000000000000000000000000000000000000000000000000000000
222323,6,3/4,remined,0,1,,,,,,,64,1,1,0000101000000000000010000000000000000000000000000000000000000000
222323,6,3/4,pinned,0,,,,,,,,64,1,,0000000000000000000000000000000000000000000000000000000000000000
222323,6,4/5,remined,0,1,,,,,,,64,1,1,0000101000000000000010000000000000000000000000000000000000000000
222323,6,4/5,pinned,0,,,,,,,,64,1,,0000000000000000000000000000000000000000000000000000000000000000
222323,6,1/1,remined,0,1,,,,,,,64,1,1,0000101000000000000010000000000000000000000000000000000000000000
222323,6,1/1,pinned,0,,,,,,,,64,1,,0000000000000000000000000000000000000000000000000000000000000000
222331,6,1/2,remined,1,1,1,1,1,1,0,0,64,1,1,0000110001110111111111000000011100011111110001111111111110001111
222331,6,1/2,pinned,1,4,4,4,1,1,0,0,64,1,4,0000000000000000000000000000000000000000000000000001000110001111
222331,6,2/3,remined,0,1,,,,,,,64,1,1,0000110000000000000100000000011100011111110000000001000110000000
222331,6,2/3,pinned,0,,,,,,,,64,1,,0000000000000000000000000000000000000000000000000000000000000000
222331,6,3/4,remined,0,1,,,,,,,64,1,1,0000110000000000000100000000000000000000000000000001000110000000
222331,6,3/4,pinned,0,,,,,,,,64,1,,0000000000000000000000000000000000000000000000000000000000000000
222331,6,4/5,remined,0,1,,,,,,,64,1,1,0000110000000000000100000000000000000000000000000000000000000000
222331,6,4/5,pinned,0,,,,,,,,64,1,,0000000000000000000000000000000000000000000000000000000000000000
222331,6,1/1,remined,0,1,,,,,,,64,1,1,0000110000000000000100000000000000000000000000000000000000000000
222331,6,1/1,pinned,0,,,,,,,,64,1,,0000000000000000000000000000000000000000000000000000000000000000
222332,6,1/2,remined,0,1,,,,,,,64,1,1,0000110001100110110111000000010000010010010001001001100110000000
222332,6,1/2,pinned,0,,,,,,,,64,1,,0000000000000000000000000000000000000000000000000000000000000000
222332,6,2/3,remined,0,1,,,,,,,64,1,1,0000110000000000000100000000010000010010010000000000000000000000
222332,6,2/3,pinned,0,,,,,,,,64,1,,0000000000000000000000000000000000000000000000000000000000000000
222332,6,3/4,remined,0,1,,,,,,,64,1,1,0000110000000000000100000000000000000000000000000000000000000000
222332,6,3/4,pinned,0,,,,,,,,64,1,,0000000000000000000000000000000000000000000000000000000000000000
222332,6,4/5,remined,0,1,,,,,,,64,1,1,0000110000000000000100000000000000000000000000000000000000000000
222332,6,4/5,pinned,0,,,,,,,,64,1,,0000000000000000000000000000000000000000000000000000000000000000
222332,6,1/1,remined,0,1,,,,,,,64,1,1,0000110000000000000100000000000000000000000000000000000000000000
222332,6,1/1,pinned,0,,,,,,,,64,1,,0000000000000000000000000000000000000000000000000000000000000000
222333,6,1/2,remined,1,1,1,1,1,1,0,0,64,1,1,0000111001110111111111000000011100011111110001111111111110001111
222333,6,1/2,pinned,1,3,3,3,1,1,0,0,64,1,3,0000000000000000000000000000000000000000010000000001000110001111
222333,6,2/3,remined,0,1,,,,,,,64,1,1,0000111000000000000111000000011100011111110000000001000110000000
222333,6,2/3,pinned,0,,,,,,,,64,1,,0000000000000000000000000000000000000000000000000000000000000000
222333,6,3/4,remined,0,1,,,,,,,64,1,1,0000111000000000000111000000000000000000010000000001000110000000
222333,6,3/4,pinned,0,,,,,,,,64,1,,0000000000000000000000000000000000000000000000000000000000000000
222333,6,4/5,remined,0,1,,,,,,,64,1,1,0000111000000000000111000000000000000000010000000000000000000000
222333,6,4/5,pinned,0,,,,,,,,64,1,,0000000000000000000000000000000000000000000000000000000000000000
222333,6,1/1,remined,0,1,,,,,,,64,1,1,0000111000000000000111000000000000000000010000000000000000000000
222333,6,1/1,pinned,0,,,,,,,,64,1,,0000000000000000000000000000000000000000000000000000000000000000
223111,6,1/2,remined,1,1,4,1,0,1,0,0,64,1,1,0001000011111111111000000011100011100000001111111110111001110001
223111,6,1/2,pinned,1,5,5,5,1,1,0,0,64,1,5,0000000000000000000000000000000000000000000000000000000001110001
223111,6,2/3,remined,0,1,,,,,,,64,1,1,0001000000000000000000000011100011100000000000000000000000000000
223111,6,2/3,pinned,0,,,,,,,,64,1,,0000000000000000000000000000000000000000000000000000000000000000
223111,6,3/4,remined,0,1,,,,,,,64,1,1,0001000000000000000000000000000000000000000000000000000000000000
223111,6,3/4,pinned,0,,,,,,,,64,1,,0000000000000000000000000000000000000000000000000000000000000000
223111,6,4/5,remined,0,1,,,,,,,64,1,1,0001000000000000000000000000000000000000000000000000000000000000
223111,6,4/5,pinned,0,,,,,,,,64,1,,0000000000000000000000000000000000000000000000000000000000000000
223111,6,1/1,remined,0,1,,,,,,,64,1,1,0001000000000000000000000000000000000000000000000000000000000000
223111,6,1/1,pinned,0,,,,,,,,64,1,,0000000000000000000000000000000000000000000000000000000000000000
223112,6,1/2,remined,1,1,1,1,1,1,0,0,64,1,1,0001000011101110111011000011000011000001101101001111111111000111
223112,6,1/2,pinned,1,5,5,5,1,1,0,0,64,1,5,0000000000000000000000000000000000000000000000000000000001000111
223112,6,2/3,remined,0,1,,,,,,,64,1,1,0001000000000000000000000011000011000001100000000000000000000000
223112,6,2/3,pinned,0,,,,,,,,64,1,,0000000000000000000000000000000000000000000000000000000000000000
223112,6,3/4,remined,0,1,,,,,,,64,1,1,0001000000000000000000000000000000000000000000000000000000000000
223112,6,3/4,pinned,0,,,,,,,,64,1,,0000000000000000000000000000000000000000000000000000000000000000
223112,6,4/5,remined,0,1,,,,,,,64,1,1,0001000000000000000000000000000000000000000000000000000000000000
223112,6,4/5,pinned,0,,,,,,,,64,1,,0000000000000000000000000000000000000000000000000000000000000000
223112,6,1/1,remined,0,1,,,,,,,64,1,1,0001000000000000000000000000000000000000000000000000000000000000
223112,6,1/1,pinned,0,,,,,,,,64,1,,0000000000000000000000000000000000000000000000000000000000000000
223113,6,1/2,remined,1,1,1,1,1,1,0,0,64,1,1,0001001011111111111011000011101111101101101111111111111111111111
223113,6,1/2,pinned,1,4,4,4,1,1,0,0,64,1,4,0000000000000000000000000000000000000000000000000110011001111111
223113,6,2/3,remined,1,1,6,6,1,0,1,0,64,1,1,0001001000000000001000000011101111101101100000000110011000000001
223113,6,2/3,pinned,1,6,6,6,1,1,1,1,64,1,6,0000000000000000000000000000000000000000000000000000000000000001
223113,6,3/4,remined,0,1,,,,,,,64,1,1,0001001000000000001000000000000000000000000000000110011000000000
223113,6,3/4,pinned,0,,,,,,,,64,1,,0000000000000000000000000000000000000000000000000000000000000000
223113,6,4/5,remined,0,1,,,,,,,64,1,1,0001001000000000001000000000000000000000000000000000000000000000
223113,6,4/5,pinned,0,,,,,,,,64,1,,0000000000000000000000000000000000000000000000000000000000000000
223113,6,1/1,remined,0,1,,,,,,,64,1,1,0001001000000000001000000000000000000000000000000000000000000000
223113,6,1/1,pinned,0,,,,,,,,64,1,,0000000000000000000000000000000000000000000000000000000000000000
223121,6,1/2,remined,1,1,1,1,1,1,0,0,64,1,1,0001000011011101111101000010100010100010101010101111111110100111
223121,6,1/2,pinned,1,5,5,5,1,1,0,0,64,1,5,0000000000000000000000000000000000000000000000000000000000100111
223121,6,2/3,remined,0,1,,,,,,,64,1,1,0001000000000000000000000010100010100010100000000000000000000000
223121,6,2/3,pinned,0,,,,,,,,64,1,,0000000000000000000000000000000000000000000000000000000000000000
223121,6,3/4,remined,0,1,,,,,,,64,1,1,0001000000000000000000000000000000000000000000000000000000000000
223121,6,3/4,pinned,0,,,,,,,,64,1,,0000000000000000000000000000000000000000000000000000000000000000
223121,6,4/5,remined,0,1,,,,,,,64,1,1,0001000000000000000000000000000000000000000000000000000000000000
223121,6,4/5,pinned,0,,,,,,,,64,1,,0000000000000000000000000000000000000000000000000000000000000000
223121,6,1/1,remined,0,1,,,,,,,64,1,1,0001000000000000000000000000000000000000000000000000000000000000
223121,6,1/1,pinned,0,,,,,,,,64,1,,0000000000000000000000000000000000000000000000000000000000000000
223122,6,1/2,remined,0,1,,,,,,,64,1,1,0001000011001100111110000010000010000011001000001100110010000000
223122,6,1/2,pinned,0,,,,,,,,64,1,,0000000000000000000000000000000000000000000000000000000000000000
223122,6,2/3,remined,0,1,,,,,,,64,1,1,0001000000000000000000000010000010000011000000000000000000000000
223122,6,2/3,pinned,0,,,,,,,,64,1,,0000000000000000000000000000000000000000000000000000000000000000
223122,6,3/4,remined,0,1,,,,,,,64,1,1,0001000000000000000000000000000000000000000000000000000000000000
223122,6,3/4,pinned,0,,,,,,,,64,1,,0000000000000000000000000000000000000000000000000000000000000000
223122,6,4/5,remined,0,1,,,,,,,64,1,1,0001000000000000000000000000000000000000000000000000000000000000
223122,6,4/5,pinned,0,,,,,,,,64,1,,0000000000000000000000000000000000000000000000000000000000000000
223122,6,1/1,remined,0,1,,,,,,,64,1,1,0001000000000000000000000000000000000000000000000000000000000000
223122,6,1/1,pinned,0,,,,,,,,64,1,,0000000000000000000000000000000000000000000000000000000000000000
223123,6,1/2,remined,1,1,1,1,1,1,0,0,64,1,1,0001001011011101111111000010101010101011111010101111111110100111
223123,6,1/2,pinned,1,4,4,4,1,1,0,0,64,1,4,0000000000000000000000000000000000000000000000000100010010100111
223123,6,2/3,remined,0,1,,,,,,,64,1,1,0001001000000000001000000010101010101011110000000100010010000000
223123,6,2/3,pinned,0,,,,,,,,64,1,,0000000000000000000000000000000000000000000000000000000000000000
223123,6,3/4,remined,0,1,,,,,,,64,1,1,0001001000000000001000000000000000000000000000000100010010000000
223123,6,3/4,pinned,0,,,,,,,,64,1,,0000000000000000000000000000000000000000000000000000000000000000
223123,6,4/5,remined,0,1,,,,,,,64,1,1,0001001000000000001000000000000000000000000000000000000000000000
223123,6,4/5,pinned,0,,,,,,,,64,1,,0000000000000000000000000000000000000000000000000000000000000000
223123,6,1/1,remined,0,1,,,,,,,64,1,1,0001001000000000001000000000000000000000000000000000000000000000
223123,6,1/1,pinned,0,,,,,,,,64,1,,0000000000000000000000000000000000000000000000000000000000000000
223131,6,1/2,remined,1,1,1,1,1,1,0,0,64,1,1,0001010011111111111101000011110111110110101111111111111111111111
223131,6,1/2,pinned,1,4,4,4,1,1,0,0,64,1,4,0000000000000000000000000000000000000000000000001010101001111111
223131,6,2/3,remined,1,1,6,6,1,0,1,0,64,1,1,0001010000000000010000000011110111110110100000001010101000000001
223131,6,2/3,pinned,1,6,6,6,1,1,1,1,64,1,6,0000000000000000000000000000000000000000000000000000000000000001
223131,6,3/4,remined,0,1,,,,,,,64,1,1,0001010000000000010000000000000000000000000000001010101000000000
223131,6,3/4,pinned,0,,,,,,,,64,1,,0000000000000000000000000000000000000000000000000000000000000000
223131,6,4/5,remined,0,1,,,,,,,64,1,1,0001010000000000010000000000000000000000000000000000000000000000
223131,6,4/5,pinned,0,,,,,,,,64,1,,0000000000000000000000000000000000000000000000000000000000000000
223131,6,1/1,remined,0,1,,,,,,,64,1,1,0001010000000000010000000000000000000000000000000000000000000000
223131,6,1/1,pinned,0,,,,,,,,64,1,,0000000000000000000000000000000000000000000000000000000000000000
223132,6,1/2,remined,1,1,1,1,1,1,0,0,64,1,1,0001010011101110111111000011010011010011111101001111111111000111
223132,6,1/2,pinned,1,4,4,4,1,1,0,0,64,1,4,0000000000000000000000000000000000000000000000001000100011000111
223132,6,2/3,remined,0,1,,,,,,,64,1,1,0001010000000000010000000011010011010011110000001000100010000000
223132,6,2/3,pinned,0,,,,,,,,64,1,,0000000000000000000000000000000000000000000000000000000000000000
223132,6,3/4,remined,0,1,,,,,,,64,1,1,0001010000000000010000000000000000000000000000001000100010000000
223132,6,3/4,pinned,0,,,,,,,,64,1,,0000000000000000000000000000000000000000000000000000000000000000
223132,6,4/5,remined,0,1,,,,,,,64,1,1,0001010000000000010000000000000000000000000000000000000000000000
223132,6,4/5,pinned,0,,,,,,,,64,1,,0000000000000000000000000000000000000000000000000000000000000000
223132,6,1/1,remined,0,1,,,,,,,64,1,1,0001010000000000010000000000000000000000000000000000000000000000
223132,6,1/1,pinned,0,,,,,,,,64,1,,0000000000000000000000000000000000000000000000000000000000000000
223133,6,1/2,remined,1,1,1,1,1,1,0,0,64,1,1,0001011011111111111111000011111111111111111111111111111111111111
223133,6,1/2,pinned,1,3,3,3,1,1,0,0,64,1,3,0000000000000000000000000000000000000000100000001111111111111111
223133,6,2/3,remined,1,1,1,1,1,1,0,0,64,1,1,0001011000000000011001000011111111111111110000001111111110000111
223133,6,2/3,pinned,1,5,5,5,1,1,0,0,64,1,5,0000000000000000000000000000000000000000000000000000000000000111
223133,6,3/4,remined,0,1,,,,,,,64,1,1,0001011000000000011001000000000000000000100000001111111110000110
223133,6,3/4,pinned,0,,,,,,,,64,1,,0000000000000000000000000000000000000000000000000000000000000000
223133,6,4/5,remined,0,1,,,,,,,64,1,1,0001011000000000011001000000000000000000100000000000000000000110
223133,6,4/5,pinned,0,,,,,,,,64,1,,0000000000000000000000000000000000000000000000000000000000000000
223133,6,1/1,remined,0,1,,,,,,,64,1,1,0001011000000000011001000000000000000000100000000000000000000000
223133,6,1/1,pinned,0,,,,,,,,64,1,,0000000000000000000000000000000000000000000000000000000000000000
223211,6,1/2,remined,1,1,2,1,0,1,0,0,64,1,1,0001000010111011111110000001100001100011000110011111111110010111
223211,6,1/2,pinned,1,5,5,5,1,1,0,0,64,1,5,0000000000000000000000000000000000000000000000000000000000010111
223211,6,2/3,remined,0,1,,,,,,,64,1,1,0001000000000000000000000001100001100011000000000000000000000000
223211,6,2/3,pinned,0,,,,,,,,64,1,,0000000000000000000000000000000000000000000000000000000000000000
223211,6,3/4,remined,0,1,,,,,,,64,1,1,0001000000000000000000000000000000000000000000000000000000000000
223211,6,3/4,pinned,0,,,,,,,,64,1,,0000000000000000000000000000000000000000000000000000000000000000
223211,6,4/5,remined,0,1,,,,,,,64,1,1,0001000000000000000000000000000000000000000000000000000000000000
223211,6,4/5,pinned,0,,,,,,,,64,1,,0000000000000000000000000000000000000000000000000000000000000000
223211,6,1/1,remined,0,1,,,,,,,64,1,1,0001000000000000000000000000000000000000000000000000000000000000
223211,6,1/1,pinned,0,,,,,,,,64,1,,0000000000000000000000000000000000000000000000000000000000000000
223212,6,1/2,remined,0,1,,,,,,,64,1,1,0001000010101010111101000001000001000010100100001010101010000000
223212,6,1/2,pinned,0,,,,,,,,64,1,,0000000000000000000000000000000000000000000000000000000000000000
223212,6,2/3,remined,0,1,,,,,,,64,1,1,0001000000000000000000000001000001000010100000000000000000000000
223212,6,2/3,pinned,0,,,,,,,,64,1,,0000000000000000000000000000000000000000000000000000000000000000
223212,6,3/4,remined,0,1,,,,,,,64,1,1,0001000000000000000000000000000000000000000000000000000000000000
223212,6,3/4,pinned,0,,,,,,,,64,1,,0000000000000000000000000000000000000000000000000000000000000000
223212,6,4/5,remined,0,1,,,,,,,64,1,1,0001000000000000000000000000000000000000000000000000000000000000
223212,6,4/5,pinned,0,,,,,,,,64,1,,0000000000000000000000000000000000000000000000000000000000000000
223212,6,1/1,remined,0,1,,,,,,,64,1,1,0001000000000000000000000000000000000000000000000000000000000000
223212,6,1/1,pinned,0,,,,,,,,64,1,,0000000000000000000000000000000000000000000000000000000000000000
223213,6,1/2,remined,1,1,1,1,1,1,0,0,64,1,1,0001001010111011111111000001100101100111110110011111111110010111
223213,6,1/2,pinned,1,4,4,4,1,1,0,0,64,1,4,0000000000000000000000000000000000000000000000000010001010010111
223213,6,2/3,remined,0,1,,,,,,,64,1,1,0001001000000000001000000001100101100111110000000010001010000000
223213,6,2/3,pinned,0,,,,,,,,64,1,,0000000000000000000000000000000000000000000000000000000000000000
223213,6,3/4,remined,0,1,,,,,,,64,1,1,0001001000000000001000000000000000000000000000000010001010000000
223213,6,3/4,pinned,0,,,,,,,,64,1,,0000000000000000000000000000000000000000000000000000000000000000
223213,6,4/5,remined,0,1,,,,,,,64,1,1,0001001000000000001000000000000000000000000000000000000000000000
223213,6,4/5,pinned,0,,,,,,,,64,1,,0000000000000000000000000000000000000000000000000000000000000000
223213,6,1/1,remined,0,1,,,,,,,64,1,1,0001001000000000001000000000000000000000000000000000000000000000
223213,6,1/1,pinned,0,,,,,,,,64,1,,0000000000000000000000000000000000000000000000000000000000000000
223221,6,1/2,remined,0,1,,,,,,,64,1,1,0001000010011001111011000000100000100001100010000110011010000000
223221,6,1/2,pinned,0,,,,,,,,64,1,,0000000000000000000000000000000000000000000000000000000000000000
223221,6,2/3,remined,0,1,,,,,,,64,1,1,0001000000000000000000000000100000100001100000000000000000000000
223221,6,2/3,pinned,0,,,,,,,,64,1,,0000000000000000000000000000000000000000000000000000000000000000
223221,6,3/4,remined,0,1,,,,,,,64,1,1,0001000000000000000000000000000000000000000000000000000000000000
223221,6,3/4,pinned,0,,,,,,,,64,1,,0000000000000000000000000000000000000000000000000000000000000000
223221,6,4/5,remined,0,1,,,,,,,64,1,1,0001000000000000000000000000000000000000000000000000000000000000
223221,6,4/5,pinned,0,,,,,,,,64,1,,0000000000000000000000000000000000000000000000000000000000000000
223221,6,1/1,remined,0,1,,,,,,,64,1,1,0001000000000000000000000000000000000000000000000000000000000000
223221,6,1/1,pinned,0,,,,,,,,64,1,,0000000000000000000000000000000000000000000000000000000000000000
223222,6,1/2,remined,0,1,,,,,,,64,1,1,0001000010001000111000000000000000000000000000000000000000000000
223222,6,1/2,pinned,0,,,,,,,,64,1,,0000000000000000000000000000000000000000000000000000000000000000
223222,6,2/3,remined,0,1,,,,,,,64,1,1,0001000000000000000000000000000000000000000000000000000000000000
223222,6,2/3,pinned,0,,,,,,,,64,1,,0000000000000000000000000000000000000000000000000000000000000000
223222,6,3/4,remined,0,1,,,,,,,64,1,1,0001000000000000000000000000000000000000000000000000000000000000
223222,6,3/4,pinned,0,,,,,,,,64,1,,0000000000000000000000000000000000000000000000000000000000000000
223222,6,4/5,remined,0,1,,,,,,,64,1,1,0001000000000000000000000000000000000000000000000000000000000000
223222,6,4/5,pinned,0,,,,,,,,64,1,,0000000000000000000000000000000000000000000000000000000000000000
223222,6,1/1,remined,0,1,,,,,,,64,1,1,0001000000000000000000000000000000000000000000000000000000000000
223222,6,1/1,pinned,0,,,,,,,,64,1,,0000000000000000000000000000000000000000000000000000000000000000
223223,6,1/2,remined,0,1,,,,,,,64,1,1,0001001010011001111011000000100000100001100010000110011010000000
223223,6,1/2,pinned,0,,,,,,,,64,1,,0000000000000000000000000000000000000000000000000000000000000000
223223,6,2/3,remined,0,1,,,,,,,64,1,1,0001001000000000001000000000100000100001100000000000000000000000
223223,6,2/3,pinned,0,,,,,,,,64,1,,0000000000000000000000000000000000000000000000000000000000000000
223223,6,3/4,remined,0,1,,,,,,,64,1,1,0001001000000000001000000000000000000000000000000000000000000000
223223,6,3/4,pinned,0,,,,,,,,64,1,,0000000000000000000000000000000000000000000000000000000000000000
223223,6,4/5,remined,0,1,,,,,,,64,1,1,0001001000000000001000000000000000000000000000000000000000000000
223223,6,4/5,pinned,0,,,,,,,,64,1,,0000000000000000000000000000000000000000000000000000000000000000
223223,6,1/1,remined,0,1,,,,,,,64,1,1,0001001000000000001000000000000000000000000000000000000000000000
223223,6,1/1,pinned,0,,,,,,,,64,1,,0000000000000000000000000000000000000000000000000000000000000000
223231,6,1/2,remined,1,1,1,1,1,1,0,0,64,1,1,0001010010111011111111000001100101100111110110011111111110010111
223231,6,1/2,pinned,1,4,4,4,1,1,0,0,64,1,4,0000000000000000000000000000000000000000000000000010001010010111
223231,6,2/3,remined,0,1,,,,,,,64,1,1,0001010000000000010000000001100101100111110000000010001010000000
223231,6,2/3,pinned,0,,,,,,,,64,1,,0000000000000000000000000000000000000000000000000000000000000000
223231,6,3/4,remined,0,1,,,,,,,64,1,1,0001010000000000010000000000000000000000000000000010001010000000
223231,6,3/4,pinned,0,,,,,,,,64,1,,0000000000000000000000000000000000000000000000000000000000000000
223231,6,4/5,remined,0,1,,,,,,,64,1,1,0001010000000000010000000000000000000000000000000000000000000000
223231,6,4/5,pinned,0,,,,,,,,64,1,,0000000000000000000000000000000000000000000000000000000000000000
223231,6,1/1,remined,0,1,,,,,,,64,1,1,0001010000000000010000000000000000000000000000000000000000000000
223231,6,1/1,pinned,0,,,,,,,,64,1,,0000000000000000000000000000000000000000000000000000000000000000
223232,6,1/2,remined,0,1,,,,,,,64,1,1,0001010010101010111101000001000001000010100100001010101010000000
223232,6,1/2,pinned,0,,,,,,,,64,1,,0000000000000000000000000000000000000000000000000000000000000000
223232,6,2/3,remined,0,1,,,,,,,64,1,1,0001010000000000010000000001000001000010100000000000000000000000
223232,6,2/3,pinned,0,,,,,,,,64,1,,0000000000000000000000000000000000000000000000000000000000000000
223232,6,3/4,remined,0,1,,,,,,,64,1,1,0001010000000000010000000000000000000000000000000000000000000000
223232,6,3/4,pinned,0,,,,,,,,64,1,,0000000000000000000000000000000000000000000000000000000000000000
223232,6,4/5,remined,0,1,,,,,,,64,1,1,0001010000000000010000000000000000000000000000000000000000000000
223232,6,4/5,pinned,0,,,,,,,,64,1,,0000000000000000000000000000000000000000000000000000000000000000
223232,6,1/1,remined,0,1,,,,,,,64,1,1,0001010000000000010000000000000000000000000000000000000000000000
223232,6,1/1,pinned,0,,,,,,,,64,1,,0000000000000000000000000000000000000000000000000000000000000000
223233,6,1/2,remined,1,1,1,1,1,1,0,0,64,1,1,0001011010111011111111000001100101100111110110011111111110010111
223233,6,1/2,pinned,1,3,3,3,1,1,0,0,64,1,3,0000000000000000000000000000000000000000100000000010001010010111
223233,6,2/3,remined,0,1,,,,,,,64,1,1,0001011000000000011001000001100101100111110000000010001010000000
223233,6,2/3,pinned,0,,,,,,,,64,1,,0000000000000000000000000000000000000000000000000000000000000000
223233,6,3/4,remined,0,1,,,,,,,64,1,1,0001011000000000011001000000000000000000100000000010001010000000
223233,6,3/4,pinned,0,,,,,,,,64,1,,0000000000000000000000000000000000000000000000000000000000000000
223233,6,4/5,remined,0,1,,,,,,,64,1,1,0001011000000000011001000000000000000000100000000000000000000000
223233,6,4/5,pinned,0,,,,,,,,64,1,,0000000000000000000000000000000000000000000000000000000000000000
223233,6,1/1,remined,0,1,,,,,,,64,1,1,0001011000000000011001000000000000000000100000000000000000000000
223233,6,1/1,pinned,0,,,,,,,,64,1,,0000000000000000000000000000000000000000000000000000000000000000
223311,6,1/2,remined,1,1,2,1,0,1,0,0,64,1,1,0001100011111111111110000011111011111011001111111111111111111111
223311,6,1/2,pinned,1,4,4,4,1,1,0,0,64,1,4,0000000000000000000000000000000000000000000000001100110001111111
223311,6,2/3,remined,1,1,6,6,1,0,1,0,64,1,1,0001100000000000100000000011111011111011000000001100110000000001
223311,6,2/3,pinned,1,6,6,6,1,1,1,1,64,1,6,0000000000000000000000000000000000000000000000000000000000000001
223311,6,3/4,remined,0,1,,,,,,,64,1,1,0001100000000000100000000000000000000000000000001100110000000000
223311,6,3/4,pinned,0,,,,,,,,64,1,,0000000000000000000000000000000000000000000000000000000000000000
223311,6,4/5,remined,0,1,,,,,,,64,1,1,0001100000000000100000000000000000000000000000000000000000000000
223311,6,4/5,pinned,0,,,,,,,,64,1,,0000000000000000000000000000000000000000000000000000000000000000
223311,6,1/1,remined,0,1,,,,,,,64,1,1,0001100000000000100000000000000000000000000000000000000000000000
223311,6,1/1,pinned,0,,,,,,,,64,1,,0000000000000000000000000000000000000000000000000000000000000000
223312,6,1/2,remined,1,1,2,2,1,1,0,0,64,1,1,0001100011101110111111000011010011010011111101001111111111000111
223312,6,1/2,pinned,1,4,4,4,1,1,0,0,64,1,4,0000000000000000000000000000000000000000000000001000100011000111
223312,6,2/3,remined,0,1,,,,,,,64,1,1,0001100000000000100000000011010011010011110000001000100010000000
223312,6,2/3,pinned,0,,,,,,,,64,1,,0000000000000000000000000000000000000000000000000000000000000000
223312,6,3/4,remined,0,1,,,,,,,64,1,1,0001100000000000100000000000000000000000000000001000100010000000
223312,6,3/4,pinned,0,,,,,,,,64,1,,0000000000000000000000000000000000000000000000000000000000000000
223312,6,4/5,remined,0,1,,,,,,,64,1,1,0001100000000000100000000000000000000000000000000000000000000000
223312,6,4/5,pinned,0,,,,,,,,64,1,,0000000000000000000000000000000000000000000000000000000000000000
223312,6,1/1,remined,0,1,,,,,,,64,1,1,0001100000000000100000000000000000000000000000000000000000000000
223312,6,1/1,pinned,0,,,,,,,,64,1,,0000000000000000000000000000000000000000000000000000000000000000
223313,6,1/2,remined,1,1,1,1,1,1,0,0,64,1,1,0001101011111111111111000011111111111111111111111111111111111111
223313,6,1/2,pinned,1,3,3,3,1,1,0,0,64,1,3,0000000000000000000000000000000000000001000000001111111111111111
223313,6,2/3,remined,1,1,1,1,1,1,0,0,64,1,1,0001101000000000101010000011111111111111110000001111111110000111
223313,6,2/3,pinned,1,5,5,5,1,1,0,0,64,1,5,0000000000000000000000000000000000000000000000000000000000000111
223313,6,3/4,remined,0,1,,,,,,,64,1,1,0001101000000000101010000000000000000001000000001111111110000110
223313,6,3/4,pinned,0,,,,,,,,64,1,,0000000000000000000000000000000000000000000000000000000000000000
223313,6,4/5,remined,0,1,,,,,,,64,1,1,0001101000000000101010000000000000000001000000000000000000000110
223313,6,4/5,pinned,0,,,,,,,,64,1,,0000000000000000000000000000000000000000000000000000000000000000
223313,6,1/1,remined,0,1,,,,,,,64,1,1,0001101000000000101010000000000000000001000000000000000000000000
223313,6,1/1,pinned,0,,,,,,,,64,1,,0000000000000000000000000000000000000000000000000000000000000000
223321,6,1/2,remined,1,1,2,2,1,1,0,0,64,1,1,0001100011011101111111000010101010101011111010101111111110100111
223321,6,1/2,pinned,1,4,4,4,1,1,0,0,64,1,4,0000000000000000000000000000000000000000000000000100010010100111
223321,6,2/3,remined,0,1,,,,,,,64,1,1,0001100000000000100000000010101010101011110000000100010010000000
223321,6,2/3,pinned,0,,,,,,,,64,1,,0000000000000000000000000000000000000000000000000000000000000000
223321,6,3/4,remined,0,1,,,,,,,64,1,1,0001100000000000100000000000000000000000000000000100010010000000
223321,6,3/4,pinned,0,,,,,,,,64,1,,0000000000000000000000000000000000000000000000000000000000000000
223321,6,4/5,remined,0,1,,,,,,,64,1,1,0001100000000000100000000000000000000000000000000000000000000000
223321,6,4/5,pinned,0,,,,,,,,64,1,,0000000000000000000000000000000000000000000000000000000000000000
223321,6,1/1,remined,0,1,,,,,,,64,1,1,0001100000000000100000000000000000000000000000000000000000000000
223321,6,1/1,pinned,0,,,,,,,,64,1,,0000000000000000000000000000000000000000000000000000000000000000
223322,6,1/2,remined,0,1,,,,,,,64,1,1,0001100011001100111110000010000010000011001000001100110010000000
223322,6,1/2,pinned,0,,,,,,,,64,1,,0000000000000000000000000000000000000000000000000000000000000000
223322,6,2/3,remined,0,1,,,,,,,64,1,1,0001100000000000100000000010000010000011000000000000000000000000
223322,6,2/3,pinned,0,,,,,,,,64,1,,0000000000000000000000000000000000000000000000000000000000000000
223322,6,3/4,remined,0,1,,,,,,,64,1,1,0001100000000000100000000000000000000000000000000000000000000000
223322,6,3/4,pinned,0,,,,,,,,64,1,,0000000000000000000000000000000000000000000000000000000000000000
223322,6,4/5,remined,0,1,,,,,,,64,1,1,0001100000000000100000000000000000000000000000000000000000000000
223322,6,4/5,pinned,0,,,,,,,,64,1,,0000000000000000000000000000000000000000000000000000000000000000
223322,6,1/1,remined,0,1,,,,,,,64,1,1,0001100000000000100000000000000000000000000000000000000000000000
223322,6,1/1,pinned,0,,,,,,,,64,1,,0000000000000000000000000000000000000000000000000000000000000000
223323,6,1/2,remined,1,1,1,1,1,1,0,0,64,1,1,0001101011011101111111000010101010101011111010101111111110100111
223323,6,1/2,pinned,1,3,3,3,1,1,0,0,64,1,3,0000000000000000000000000000000000000001000000000100010010100111
223323,6,2/3,remined,0,1,,,,,,,64,1,1,0001101000000000101010000010101010101011110000000100010010000000
223323,6,2/3,pinned,0,,,,,,,,64,1,,0000000000000000000000000000000000000000000000000000000000000000
223323,6,3/4,remined,0,1,,,,,,,64,1,1,0001101000000000101010000000000000000001000000000100010010000000
223323,6,3/4,pinned,0,,,,,,,,64,1,,0000000000000000000000000000000000000000000000000000000000000000
223323,6,4/5,remined,0,1,,,,,,,64,1,1,0001101000000000101010000000000000000001000000000000000000000000
223323,6,4/5,pinned,0,,,,,,,,64,1,,0000000000000000000000000000000000000000000000000000000000000000
223323,6,1/1,remined,0,1,,,,,,,64,1,1,0001101000000000101010000000000000000001000000000000000000000000
223323,6,1/1,pinned,0,,,,,,,,64,1,,0000000000000000000000000000000000000000000000000000000000000000
223331,6,1/2,remined,1,1,1,1,1,1,0,0,64,1,1,0001110011111111111111000011111111111111111111111111111111111111
223331,6,1/2,pinned,1,3,3,3,1,1,0,0,64,1,3,0000000000000000000000000000000000000010000000001111111111111111
223331,6,2/3,remined,1,1,2,1,0,1,0,0,64,1,1,0001110000000000110100000011111111111111110000001111111110000111
223331,6,2/3,pinned,1,5,5,5,1,1,0,0,64,1,5,0000000000000000000000000000000000000000000000000000000000000111
223331,6,3/4,remined,0,1,,,,,,,64,1,1,0001110000000000110100000000000000000010000000001111111110000110
223331,6,3/4,pinned,0,,,,,,,,64,1,,0000000000000000000000000000000000000000000000000000000000000000
223331,6,4/5,remined,0,1,,,,,,,64,1,1,0001110000000000110100000000000000000010000000000000000000000110
223331,6,4/5,pinned,0,,,,,,,,64,1,,0000000000000000000000000000000000000000000000000000000000000000
223331,6,1/1,remined,0,1,,,,,,,64,1,1,0001110000000000110100000000000000000010000000000000000000000000
223331,6,1/1,pinned,0,,,,,,,,64,1,,0000000000000000000000000000000000000000000000000000000000000000
223332,6,1/2,remined,1,1,1,1,1,1,0,0,64,1,1,0001110011101110111111000011010011010011111101001111111111000111
223332,6,1/2,pinned,1,3,3,3,1,1,0,0,64,1,3,0000000000000000000000000000000000000010000000001000100011000111
223332,6,2/3,remined,0,1,,,,,,,64,1,1,0001110000000000110100000011010011010011110000001000100010000000
223332,6,2/3,pinned,0,,,,,,,,64,1,,0000000000000000000000000000000000000000000000000000000000000000
223332,6,3/4,remined,0,1,,,,,,,64,1,1,0001110000000000110100000000000000000010000000001000100010000000
223332,6,3/4,pinned,0,,,,,,,,64,1,,0000000000000000000000000000000000000000000000000000000000000000
223332,6,4/5,remined,0,1,,,,,,,64,1,1,0001110000000000110100000000000000000010000000000000000000000000
223332,6,4/5,pinned,0,,,,,,,,64,1,,0000000000000000000000000000000000000000000000000000000000000000
223332,6,1/1,remined,0,1,,,,,,,64,1,1,0001110000000000110100000000000000000010000000000000000000000000
223332,6,1/1,pinned,0,,,,,,,,64,1,,0000000000000000000000000000000000000000000000000000000000000000
223333,6,1/2,remined,1,1,1,1,1,1,0,0,64,1,1,0001111011111111111111000011111111111111111111111111111111111111
223333,6,1/2,pinned,1,3,3,3,1,1,0,0,64,1,3,0000000000000000000000000000000000000011110000001111111111111111
223333,6,2/3,remined,1,1,1,1,1,1,0,0,64,1,1,0001111000000000111111000011111111111111110000001111111110000111
223333,6,2/3,pinned,1,4,4,4,1,1,0,0,64,1,4,0000000000000000000000000000000000000000000000000000000010000111
223333,6,3/4,remined,0,1,,,,,,,64,1,1,0001111000000000111111000000000000000011110000001111111110000110
223333,6,3/4,pinned,0,,,,,,,,64,1,,0000000000000000000000000000000000000000000000000000000000000000
223333,6,4/5,remined,0,1,,,,,,,64,1,1,0001111000000000111111000000000000000011110000000000000010000110
223333,6,4/5,pinned,0,,,,,,,,64,1,,0000000000000000000000000000000000000000000000000000000000000000
223333,6,1/1,remined,0,1,,,,,,,64,1,1,0001111000000000111111000000000000000011110000000000000010000000
223333,6,1/1,pinned,0,,,,,,,,64,1,,0000000000000000000000000000000000000000000000000000000000000000
231111,6,1/2,remined,0,1,,,,,,,64,1,1,0010000111111111000000111100000000000000001111110000000000000000
231111,6,1/2,pinned,0,,,,,,,,64,1,,0000000000000000000000000000000000000000000000000000000000000000
231111,6,2/3,remined,0,1,,,,,,,64,1,1,0010000000000000000000111100000000000000000000000000000000000000
231111,6,2/3,pinned,0,,,,,,,,64,1,,0000000000000000000000000000000000000000000000000000000000000000
231111,6,3/4,remined,0,1,,,,,,,64,1,1,0010000000000000000000000000000000000000000000000000000000000000
231111,6,3/4,pinned,0,,,,,,,,64,1,,0000000000000000000000000000000000000000000000000000000000000000
231111,6,4/5,remined,0,1,,,,,,,64,1,1,0010000000000000000000000000000000000000000000000000000000000000
231111,6,4/5,pinned,0,,,,,,,,64,1,,0000000000000000000000000000000000000000000000000000000000000000
231111,6,1/1,remined,0,1,,,,,,,64,1,1,0010000000000000000000000000000000000000000000000000000000000000
231111,6,1/1,pinned,0,,,,,,,,64,1,,0000000000000000000000000000000000000000000000000000000000000000
231112,6,1/2,remined,1,1,3,1,0,1,0,0,64,1,1,0010000111101111001011111000000000101100001111110111011100111001
231112,6,1/2,pinned,1,5,5,5,1,1,0,0,64,1,5,0000000000000000000000000000000000000000000000000000000000111001
231112,6,2/3,remined,0,1,,,,,,,64,1,1,0010000000000000000000111000000000101100000000000000000000000000
231112,6,2/3,pinned,0,,,,,,,,64,1,,0000000000000000000000000000000000000000000000000000000000000000
231112,6,3/4,remined,0,1,,,,,,,64,1,1,0010000000000000000000000000000000000000000000000000000000000000
231112,6,3/4,pinned,0,,,,,,,,64,1,,0000000000000000000000000000000000000000000000000000000000000000
231112,6,4/5,remined,0,1,,,,,,,64,1,1,0010000000000000000000000000000000000000000000000000000000000000
231112,6,4/5,pinned,0,,,,,,,,64,1,,0000000000000000000000000000000000000000000000000000000000000000
231112,6,1/1,remined,0,1,,,,,,,64,1,1,0010000000000000000000000000000000000000000000000000000000000000
231112,6,1/1,pinned,0,,,,,,,,64,1,,0000000000000000000000000000000000000000000000000000000000000000
231113,6,1/2,remined,1,1,2,1,0,1,0,0,64,1,1,0010001111111111001011111100101100101100001111110111011100111001
231113,6,1/2,pinned,1,4,4,4,1,1,0,0,64,1,4,0000000000000000000000000000000000000000000010110000000000111001
231113,6,2/3,remined,0,1,,,,,,,64,1,1,0010001000000001000000111100101100101100000010110000000000000000
231113,6,2/3,pinned,0,,,,,,,,64,1,,0000000000000000000000000000000000000000000000000000000000000000
231113,6,3/4,remined,0,1,,,,,,,64,1,1,0010001000000001000000000000000000000000000010110000000000000000
231113,6,3/4,pinned,0,,,,,,,,64,1,,0000000000000000000000000000000000000000000000000000000000000000
231113,6,4/5,remined,0,1,,,,,,,64,1,1,0010001000000001000000000000000000000000000000000000000000000000
231113,6,4/5,pinned,0,,,,,,,,64,1,,0000000000000000000000000000000000000000000000000000000000000000
231113,6,1/1,remined,0,1,,,,,,,64,1,1,0010001000000001000000000000000000000000000000000000000000000000
231113,6,1/1,pinned,0,,,,,,,,64,1,,0000000000000000000000000000000000000000000000000000000000000000
231121,6,1/2,remined,1,1,2,1,0,1,0,0,64,1,1,0010000111011111010101110100000001010100001111111011101101011001
231121,6,1/2,pinned,1,5,5,5,1,1,0,0,64,1,5,0000000000000000000000000000000000000000000000000000000001011001
231121,6,2/3,remined,0,1,,,,,,,64,1,1,0010000000000000000000110100000001010100000000000000000000000000
231121,6,2/3,pinned,0,,,,,,,,64,1,,0000000000000000000000000000000000000000000000000000000000000000
231121,6,3/4,remined,0,1,,,,,,,64,1,1,0010000000000000000000000000000000000000000000000000000000000000
231121,6,3/4,pinned,0,,,,,,,,64,1,,0000000000000000000000000000000000000000000000000000000000000000
231121,6,4/5,remined,0,1,,,,,,,64,1,1,0010000000000000000000000000000000000000000000000000000000000000
231121,6,4/5,pinned,0,,,,,,,,64,1,,0000000000000000000000000000000000000000000000000000000000000000
231121,6,1/1,remined,0,1,,,,,,,64,1,1,0010000000000000000000000000000000000000000000000000000000000000
231121,6,1/1,pinned,0,,,,,,,,64,1,,0000000000000000000000000000000000000000000000000000000000000000
231122,6,1/2,remined,1,1,4,4,1,0,0,0,64,1,1,0010000111001111011110110000000001111000001111101100111111100011
231122,6,1/2,pinned,1,5,5,5,1,1,0,0,64,1,5,0000000000000000000000000000000000000000000000000000000001100011
231122,6,2/3,remined,0,1,,,,,,,64,1,1,0010000000000000000000110000000001111000000000000000000000000000
231122,6,2/3,pinned,0,,,,,,,,64,1,,0000000000000000000000000000000000000000000000000000000000000000
231122,6,3/4,remined,0,1,,,,,,,64,1,1,0010000000000000000000000000000000000000000000000000000000000000
231122,6,3/4,pinned,0,,,,,,,,64,1,,0000000000000000000000000000000000000000000000000000000000000000
231122,6,4/5,remined,0,1,,,,,,,64,1,1,0010000000000000000000000000000000000000000000000000000000000000
231122,6,4/5,pinned,0,,,,,,,,64,1,,0000000000000000000000000000000000000000000000000000000000000000
231122,6,1/1,remined,0,1,,,,,,,64,1,1,0010000000000000000000000000000000000000000000000000000000000000
231122,6,1/1,pinned,0,,,,,,,,64,1,,0000000000000000000000000000000000000000000000000000000000000000
231123,6,1/2,remined,1,1,1,1,1,1,0,0,64,1,1,0010001111011111011111110100101001111100111111111111111111111111
231123,6,1/2,pinned,1,4,4,4,1,1,0,0,64,1,4,0000000000000000000000000000000000000000000010100000001101111111
231123,6,2/3,remined,1,1,6,6,1,0,1,0,64,1,1,0010001000000001000000110100101001111100110010100000001100000001
231123,6,2/3,pinned,1,6,6,6,1,1,1,1,64,1,6,0000000000000000000000000000000000000000000000000000000000000001
231123,6,3/4,remined,0,1,,,,,,,64,1,1,0010001000000001000000000000000000000000000010100000001100000000
231123,6,3/4,pinned,0,,,,,,,,64,1,,0000000000000000000000000000000000000000000000000000000000000000
231123,6,4/5,remined,0,1,,,,,,,64,1,1,0010001000000001000000000000000000000000000000000000000000000000
231123,6,4/5,pinned,0,,,,,,,,64,1,,0000000000000000000000000000000000000000000000000000000000000000
231123,6,1/1,remined,0,1,,,,,,,64,1,1,0010001000000001000000000000000000000000000000000000000000000000
231123,6,1/1,pinned,0,,,,,,,,64,1,,0000000000000000000000000000000000000000000000000000000000000000
231131,6,1/2,remined,1,1,2,1,0,1,0,0,64,1,1,0010010111111111010101111101010101010100001111111011101101011001
231131,6,1/2,pinned,1,4,4,4,1,1,0,0,64,1,4,0000000000000000000000000000000000000000000101010000000001011001
231131,6,2/3,remined,0,1,,,,,,,64,1,1,0010010000000010000000111101010101010100000101010000000000000000
231131,6,2/3,pinned,0,,,,,,,,64,1,,0000000000000000000000000000000000000000000000000000000000000000
231131,6,3/4,remined,0,1,,,,,,,64,1,1,0010010000000010000000000000000000000000000101010000000000000000
231131,6,3/4,pinned,0,,,,,,,,64,1,,0000000000000000000000000000000000000000000000000000000000000000
231131,6,4/5,remined,0,1,,,,,,,64,1,1,0010010000000010000000000000000000000000000000000000000000000000
231131,6,4/5,pinned,0,,,,,,,,64,1,,0000000000000000000000000000000000000000000000000000000000000000
231131,6,1/1,remined,0,1,,,,,,,64,1,1,0010010000000010000000000000000000000000000000000000000000000000
231131,6,1/1,pinned,0,,,,,,,,64,1,,0000000000000000000000000000000000000000000000000000000000000000
231132,6,1/2,remined,1,1,1,1,1,1,0,0,64,1,1,0010010111101111011111111001010001111100111111111111111111111111
231132,6,1/2,pinned,1,4,4,4,1,1,0,0,64,1,4,0000000000000000000000000000000000000000000101000000001101111111
231132,6,2/3,remined,1,1,6,6,1,0,1,0,64,1,1,0010010000000010000000111001010001111100110101000000001100000001
231132,6,2/3,pinned,1,6,6,6,1,1,1,1,64,1,6,0000000000000000000000000000000000000000000000000000000000000001
231132,6,3/4,remined,0,1,,,,,,,64,1,1,0010010000000010000000000000000000000000000101000000001100000000
231132,6,3/4,pinned,0,,,,,,,,64,1,,0000000000000000000000000000000000000000000000000000000000000000
231132,6,4/5,remined,0,1,,,,,,,64,1,1,0010010000000010000000000000000000000000000000000000000000000000
231132,6,4/5,pinned,0,,,,,,,,64,1,,0000000000000000000000000000000000000000000000000000000000000000
231132,6,1/1,remined,0,1,,,,,,,64,1,1,0010010000000010000000000000000000000000000000000000000000000000
231132,6,1/1,pinned,0,,,,,,,,64,1,,0000000000000000000000000000000000000000000000000000000000000000
231133,6,1/2,remined,1,1,1,1,1,1,0,0,64,1,1,0010011111111111011111111101111101111100111111111111111111111111
231133,6,1/2,pinned,1,3,3,3,1,1,0,0,64,1,3,0000000000000000000000000000000000000100000111110011001101111111
231133,6,2/3,remined,1,1,3,1,0,1,0,0,64,1,1,0010011000000011000001111101111101111100110111110011001100011001
231133,6,2/3,pinned,1,5,5,5,1,1,0,0,64,1,5,0000000000000000000000000000000000000000000000000000000000011001
231133,6,3/4,remined,0,1,,,,,,,64,1,1,0010011000000011000001000000000000000100000111110011001100011000
231133,6,3/4,pinned,0,,,,,,,,64,1,,0000000000000000000000000000000000000000000000000000000000000000
231133,6,4/5,remined,0,1,,,,,,,64,1,1,0010011000000011000001000000000000000100000000000000000000011000
231133,6,4/5,pinned,0,,,,,,,,64,1,,0000000000000000000000000000000000000000000000000000000000000000
231133,6,1/1,remined,0,1,,,,,,,64,1,1,0010011000000011000001000000000000000100000000000000000000000000
231133,6,1/1,pinned,0,,,,,,,,64,1,,0000000000000000000000000000000000000000000000000000000000000000
231211,6,1/2,remined,1,1,2,1,0,1,0,0,64,1,1,0010000110111111100110101100000010011000001111111101110101101001
231211,6,1/2,pinned,1,5,5,5,1,1,0,0,64,1,5,0000000000000000000000000000000000000000000000000000000001101001
231211,6,2/3,remined,0,1,,,,,,,64,1,1,0010000000000000000000101100000010011000000000000000000000000000
231211,6,2/3,pinned,0,,,,,,,,64,1,,0000000000000000000000000000000000000000000000000000000000000000
231211,6,3/4,remined,0,1,,,,,,,64,1,1,0010000000000000000000000000000000000000000000000000000000000000
231211,6,3/4,pinned,0,,,,,,,,64,1,,0000000000000000000000000000000000000000000000000000000000000000
231211,6,4/5,remined,0,1,,,,,,,64,1,1,0010000000000000000000000000000000000000000000000000000000000000
231211,6,4/5,pinned,0,,,,,,,,64,1,,0000000000000000000000000000000000000000000000000000000000000000
231211,6,1/1,remined,0,1,,,,,,,64,1,1,0010000000000000000000000000000000000000000000000000000000000000
231211,6,1/1,pinned,0,,,,,,,,64,1,,0000000000000000000000000000000000000000000000000000000000000000
231212,6,1/2,remined,1,1,4,4,1,0,0,0,64,1,1,0010000110101111101101101000000010110100001111011010111111010011
231212,6,1/2,pinned,1,5,5,5,1,1,0,0,64,1,5,0000000000000000000000000000000000000000000000000000000001010011
231212,6,2/3,remined,0,1,,,,,,,64,1,1,0010000000000000000000101000000010110100000000000000000000000000
231212,6,2/3,pinned,0,,,,,,,,64,1,,0000000000000000000000000000000000000000000000000000000000000000
231212,6,3/4,remined,0,1,,,,,,,64,1,1,0010000000000000000000000000000000000000000000000000000000000000
231212,6,3/4,pinned,0,,,,,,,,64,1,,0000000000000000000000000000000000000000000000000000000000000000
231212,6,4/5,remined,0,1,,,,,,,64,1,1,0010000000000000000000000000000000000000000000000000000000000000
231212,6,4/5,pinned,0,,,,,,,,64,1,,0000000000000000000000000000000000000000000000000000000000000000
231212,6,1/1,remined,0,1,,,,,,,64,1,1,0010000000000000000000000000000000000000000000000000000000000000
231212,6,1/1,pinned,0,,,,,,,,64,1,,0000000000000000000000000000000000000000000000000000000000000000
231213,6,1/2,remined,1,1,1,1,1,1,0,0,64,1,1,0010001110111111101111101100100110111101011111111111111111111111
231213,6,1/2,pinned,1,4,4,4,1,1,0,0,64,1,4,0000000000000000000000000000000000000000000010010000010101111111
231213,6,2/3,remined,1,1,6,6,1,0,1,0,64,1,1,0010001000000001000000101100100110111101010010010000010100000001
231213,6,2/3,pinned,1,6,6,6,1,1,1,1,64,1,6,0000000000000000000000000000000000000000000000000000000000000001
231213,6,3/4,remined,0,1,,,,,,,64,1,1,0010001000000001000000000000000000000000000010010000010100000000
231213,6,3/4,pinned,0,,,,,,,,64,1,,0000000000000000000000000000000000000000000000000000000000000000
231213,6,4/5,remined,0,1,,,,,,,64,1,1,0010001000000001000000000000000000000000000000000000000000000000
231213,6,4/5,pinned,0,,,,,,,,64,1,,0000000000000000000000000000000000000000000000000000000000000000
231213,6,1/1,remined,0,1,,,,,,,64,1,1,0010001000000001000000000000000000000000000000000000000000000000
231213,6,1/1,pinned,0,,,,,,,,64,1,,0000000000000000000000000000000000000000000000000000000000000000
231221,6,1/2,remined,1,1,4,4,1,0,0,0,64,1,1,0010000110011111110011100100000011001100001110110110111110110011
231221,6,1/2,pinned,1,5,5,5,1,1,0,0,64,1,5,0000000000000000000000000000000000000000000000000000000000110011
231221,6,2/3,remined,0,1,,,,,,,64,1,1,0010000000000000000000100100000011001100000000000000000000000000
231221,6,2/3,pinned,0,,,,,,,,64,1,,0000000000000000000000000000000000000000000000000000000000000000
231221,6,3/4,remined,0,1,,,,,,,64,1,1,0010000000000000000000000000000000000000000000000000000000000000
231221,6,3/4,pinned,0,,,,,,,,64,1,,0000000000000000000000000000000000000000000000000000000000000000
231221,6,4/5,remined,0,1,,,,,,,64,1,1,0010000000000000000000000000000000000000000000000000000000000000
231221,6,4/5,pinned,0,,,,,,,,64,1,,0000000000000000000000000000000000000000000000000000000000000000
231221,6,1/1,remined,0,1,,,,,,,64,1,1,0010000000000000000000000000000000000000000000000000000000000000
231221,6,1/1,pinned,0,,,,,,,,64,1,,0000000000000000000000000000000000000000000000000000000000000000
231222,6,1/2,remined,0,1,,,,,,,64,1,1,0010000110001111111000100000000011100000001110000000111000000000
231222,6,1/2,pinned,0,,,,,,,,64,1,,0000000000000000000000000000000000000000000000000000000000000000
231222,6,2/3,remined,0,1,,,,,,,64,1,1,0010000000000000000000100000000011100000000000000000000000000000
231222,6,2/3,pinned,0,,,,,,,,64,1,,0000000000000000000000000000000000000000000000000000000000000000
231222,6,3/4,remined,0,1,,,,,,,64,1,1,0010000000000000000000000000000000000000000000000000000000000000
231222,6,3/4,pinned,0,,,,,,,,64,1,,0000000000000000000000000000000000000000000000000000000000000000
231222,6,4/5,remined,0,1,,,,,,,64,1,1,0010000000000000000000000000000000000000000000000000000000000000
231222,6,4/5,pinned,0,,,,,,,,64,1,,0000000000000000000000000000000000000000000000000000000000000000
231222,6,1/1,remined,0,1,,,,,,,64,1,1,0010000000000000000000000000000000000000000000000000000000000000
231222,6,1/1,pinned,0,,,,,,,,64,1,,0000000000000000000000000000000000000000000000000000000000000000
231223,6,1/2,remined,1,1,2,1,0,1,0,0,64,1,1,0010001110011111111011100100100011101101101110110110111110110011
231223,6,1/2,pinned,1,4,4,4,1,1,0,0,64,1,4,0000000000000000000000000000000000000000000010000000011000110011
231223,6,2/3,remined,0,1,,,,,,,64,1,1,0010001000000001000000100100100011101101100010000000011000000000
231223,6,2/3,pinned,0,,,,,,,,64,1,,0000000000000000000000000000000000000000000000000000000000000000
231223,6,3/4,remined,0,1,,,,,,,64,1,1,0010001000000001000000000000000000000000000010000000011000000000
231223,6,3/4,pinned,0,,,,,,,,64,1,,0000000000000000000000000000000000000000000000000000000000000000
231223,6,4/5,remined,0,1,,,,,,,64,1,1,0010001000000001000000000000000000000000000000000000000000000000
231223,6,4/5,pinned,0,,,,,,,,64,1,,0000000000000000000000000000000000000000000000000000000000000000
231223,6,1/1,remined,0,1,,,,,,,64,1,1,0010001000000001000000000000000000000000000000000000000000000000
231223,6,1/1,pinned,0,,,,,,,,64,1,,0000000000000000000000000000000000000000000000000000000000000000
231231,6,1/2,remined,1,1,1,1,1,1,0,0,64,1,1,0010010110111111110111101101000111011110011111111111111111111111
231231,6,1/2,pinned,1,4,4,4,1,1,0,0,64,1,4,0000000000000000000000000000000000000000000100010000100101111111
231231,6,2/3,remined,1,1,6,6,1,0,1,0,64,1,1,0010010000000010000000101101000111011110010100010000100100000001
231231,6,2/3,pinned,1,6,6,6,1,1,1,1,64,1,6,0000000000000000000000000000000000000000000000000000000000000001
231231,6,3/4,remined,0,1,,,,,,,64,1,1,0010010000000010000000000000000000000000000100010000100100000000
231231,6,3/4,pinned,0,,,,,,,,64,1,,0000000000000000000000000000000000000000000000000000000000000000
231231,6,4/5,remined,0,1,,,,,,,64,1,1,0010010000000010000000000000000000000000000000000000000000000000
231231,6,4/5,pinned,0,,,,,,,,64,1,,0000000000000000000000000000000000000000000000000000000000000000
231231,6,1/1,remined,0,1,,,,,,,64,1,1,0010010000000010000000000000000000000000000000000000000000000000
231231,6,1/1,pinned,0,,,,,,,,64,1,,0000000000000000000000000000000000000000000000000000000000000000
231232,6,1/2,remined,1,1,2,2,1,1,0,0,64,1,1,0010010110101111111101101001000011110110101111011010111111010011
231232,6,1/2,pinned,1,4,4,4,1,1,0,0,64,1,4,0000000000000000000000000000000000000000000100000000101001010011
231232,6,2/3,remined,0,1,,,,,,,64,1,1,0010010000000010000000101001000011110110100100000000101000000000
231232,6,2/3,pinned,0,,,,,,,,64,1,,0000000000000000000000000000000000000000000000000000000000000000
231232,6,3/4,remined,0,1,,,,,,,64,1,1,0010010000000010000000000000000000000000000100000000101000000000
231232,6,3/4,pinned,0,,,,,,,,64,1,,0000000000000000000000000000000000000000000000000000000000000000
231232,6,4/5,remined,0,1,,,,,,,64,1,1,0010010000000010000000000000000000000000000000000000000000000000
231232,6,4/5,pinned,0,,,,,,,,64,1,,0000000000000000000000000000000000000000000000000000000000000000
231232,6,1/1,remined,0,1,,,,,,,64,1,1,0010010000000010000000000000000000000000000000000000000000000000
231232,6,1/1,pinned,0,,,,,,,,64,1,,0000000000000000000000000000000000000000000000000000000000000000
231233,6,1/2,remined,1,1,1,1,1,1,0,0,64,1,1,0010011110111111111111101101100111111111111111111111111111111111
231233,6,1/2,pinned,1,3,4,4,1,1,0,0,64,1,3,0000000000000000000000000000000000000100000110010010111111111111
231233,6,2/3,remined,1,1,1,1,1,1,0,0,64,1,1,0010011000000011000001101101100111111111110110010010111110010011
231233,6,2/3,pinned,1,5,5,5,1,1,0,0,64,1,5,0000000000000000000000000000000000000000000000000000000000010011
231233,6,3/4,remined,0,1,,,,,,,64,1,1,0010011000000011000001000000000000000100000110010010111110010010
231233,6,3/4,pinned,0,,,,,,,,64,1,,0000000000000000000000000000000000000000000000000000000000000000
231233,6,4/5,remined,0,1,,,,,,,64,1,1,0010011000000011000001000000000000000100000000000000000000010010
231233,6,4/5,pinned,0,,,,,,,,64,1,,0000000000000000000000000000000000000000000000000000000000000000
231233,6,1/1,remined,0,1,,,,,,,64,1,1,0010011000000011000001000000000000000100000000000000000000000000
231233,6,1/1,pinned,0,,,,,,,,64,1,,0000000000000000000000000000000000000000000000000000000000000000
231311,6,1/2,remined,1,1,2,1,0,1,0,0,64,1,1,0010100111111111100110111110011010011000001111111101110101101001
231311,6,1/2,pinned,1,4,4,4,1,1,0,0,64,1,4,0000000000000000000000000000000000000000001001100000000001101001
231311,6,2/3,remined,0,1,,,,,,,64,1,1,0010100000000100000000111110011010011000001001100000000000000000
231311,6,2/3,pinned,0,,,,,,,,64,1,,0000000000000000000000000000000000000000000000000000000000000000
231311,6,3/4,remined,0,1,,,,,,,64,1,1,0010100000000100000000000000000000000000001001100000000000000000
231311,6,3/4,pinned,0,,,,,,,,64,1,,0000000000000000000000000000000000000000000000000000000000000000
231311,6,4/5,remined,0,1,,,,,,,64,1,1,0010100000000100000000000000000000000000000000000000000000000000
231311,6,4/5,pinned,0,,,,,,,,64,1,,0000000000000000000000000000000000000000000000000000000000000000
231311,6,1/1,remined,0,1,,,,,,,64,1,1,0010100000000100000000000000000000000000000000000000000000000000
231311,6,1/1,pinned,0,,,,,,,,64,1,,0000000000000000000000000000000000000000000000000000000000000000
231312,6,1/2,remined,1,1,2,2,1,1,0,0,64,1,1,0010100111101111101111111010010010111101011111111111111111111111
231312,6,1/2,pinned,1,4,4,4,1,1,0,0,64,1,4,0000000000000000000000000000000000000000001001000000010101111111
231312,6,2/3,remined,1,1,6,6,1,0,1,0,64,1,1,0010100000000100000000111010010010111101011001000000010100000001
231312,6,2/3,pinned,1,6,6,6,1,1,1,1,64,1,6,0000000000000000000000000000000000000000000000000000000000000001
231312,6,3/4,remined,0,1,,,,,,,64,1,1,0010100000000100000000000000000000000000001001000000010100000000
231312,6,3/4,pinned,0,,,,,,,,64,1,,0000000000000000000000000000000000000000000000000000000000000000
231312,6,4/5,remined,0,1,,,,,,,64,1,1,0010100000000100000000000000000000000000000000000000000000000000
231312,6,4/5,pinned,0,,,,,,,,64,1,,0000000000000000000000000000000000000000000000000000000000000000
231312,6,1/1,remined,0,1,,,,,,,64,1,1,0010100000000100000000000000000000000000000000000000000000000000
231312,6,1/1,pinned,0,,,,,,,,64,1,,0000000000000000000000000000000000000000000000000000000000000000
231313,6,1/2,remined,1,1,1,1,1,1,0,0,64,1,1,0010101111111111101111111110111110111101011111111111111111111111
231313,6,1/2,pinned,1,3,3,3,1,1,0,0,64,1,3,0000000000000000000000000000000000001000001011110101010101111111
231313,6,2/3,remined,1,1,3,1,0,1,0,0,64,1,1,0010101000000101000010111110111110111101011011110101010100101001
231313,6,2/3,pinned,1,5,5,5,1,1,0,0,64,1,5,0000000000000000000000000000000000000000000000000000000000101001
231313,6,3/4,remined,0,1,,,,,,,64,1,1,0010101000000101000010000000000000001000001011110101010100101000
231313,6,3/4,pinned,0,,,,,,,,64,1,,0000000000000000000000000000000000000000000000000000000000000000
231313,6,4/5,remined,0,1,,,,,,,64,1,1,0010101000000101000010000000000000001000000000000000000000101000
231313,6,4/5,pinned,0,,,,,,,,64,1,,0000000000000000000000000000000000000000000000000000000000000000
231313,6,1/1,remined,0,1,,,,,,,64,1,1,0010101000000101000010000000000000001000000000000000000000000000
231313,6,1/1,pinned,0,,,,,,,,64,1,,0000000000000000000000000000000000000000000000000000000000000000
231321,6,1/2,remined,1,1,2,2,1,1,0,0,64,1,1,0010100111011111110111110110001011011110011111111111111111111111
231321,6,1/2,pinned,1,4,4,4,1,1,0,0,64,1,4,0000000000000000000000000000000000000000001000100000100101111111
231321,6,2/3,remined,1,1,6,6,1,0,1,0,64,1,1,0010100000000100000000110110001011011110011000100000100100000001
231321,6,2/3,pinned,1,6,6,6,1,1,1,1,64,1,6,0000000000000000000000000000000000000000000000000000000000000001
231321,6,3/4,remined,0,1,,,,,,,64,1,1,0010100000000100000000000000000000000000001000100000100100000000
231321,6,3/4,pinned,0,,,,,,,,64,1,,0000000000000000000000000000000000000000000000000000000000000000
231321,6,4/5,remined,0,1,,,,,,,64,1,1,0010100000000100000000000000000000000000000000000000000000000000
231321,6,4/5,pinned,0,,,,,,,,64,1,,0000000000000000000000000000000000000000000000000000000000000000
231321,6,1/1,remined,0,1,,,,,,,64,1,1,0010100000000100000000000000000000000000000000000000000000000000
231321,6,1/1,pinned,0,,,,,,,,64,1,,0000000000000000000000000000000000000000000000000000000000000000
231322,6,1/2,remined,1,1,2,1,0,1,0,0,64,1,1,0010100111001111111110110010000011111011001111101100111111100011
231322,6,1/2,pinned,1,4,4,4,1,1,0,0,64,1,4,0000000000000000000000000000000000000000001000000000110001100011
231322,6,2/3,remined,0,1,,,,,,,64,1,1,0010100000000100000000110010000011111011001000000000110000000000
231322,6,2/3,pinned,0,,,,,,,,64,1,,0000000000000000000000000000000000000000000000000000000000000000
231322,6,3/4,remined,0,1,,,,,,,64,1,1,0010100000000100000000000000000000000000001000000000110000000000
231322,6,3/4,pinned,0,,,,,,,,64,1,,0000000000000000000000000000000000000000000000000000000000000000
231322,6,4/5,remined,0,1,,,,,,,64,1,1,0010100000000100000000000000000000000000000000000000000000000000
231322,6,4/5,pinned,0,,,,,,,,64,1,,0000000000000000000000000000000000000000000000000000000000000000
231322,6,1/1,remined,0,1,,,,,,,64,1,1,0010100000000100000000000000000000000000000000000000000000000000
231322,6,1/1,pinned,0,,,,,,,,64,1,,0000000000000000000000000000000000000000000000000000000000000000
231323,6,1/2,remined,1,1,1,1,1,1,0,0,64,1,1,0010101111011111111111110110101011111111111111111111111111111111
231323,6,1/2,pinned,1,3,4,4,1,1,0,0,64,1,3,0000000000000000000000000000000000001000001010100100111111111111
231323,6,2/3,remined,1,1,1,1,1,1,0,0,64,1,1,0010101000000101000010110110101011111111111010100100111110100011
231323,6,2/3,pinned,1,5,5,5,1,1,0,0,64,1,5,0000000000000000000000000000000000000000000000000000000000100011
231323,6,3/4,remined,0,1,,,,,,,64,1,1,0010101000000101000010000000000000001000001010100100111110100010
231323,6,3/4,pinned,0,,,,,,,,64,1,,0000000000000000000000000000000000000000000000000000000000000000
231323,6,4/5,remined,0,1,,,,,,,64,1,1,0010101000000101000010000000000000001000000000000000000000100010
231323,6,4/5,pinned,0,,,,,,,,64,1,,0000000000000000000000000000000000000000000000000000000000000000
231323,6,1/1,remined,0,1,,,,,,,64,1,1,0010101000000101000010000000000000001000000000000000000000000000
231323,6,1/1,pinned,0,,,,,,,,64,1,,0000000000000000000000000000000000000000000000000000000000000000
231331,6,1/2,remined,1,1,1,1,1,1,0,0,64,1,1,0010110111111111110111111111011111011110011111111111111111111111
231331,6,1/2,pinned,1,3,3,3,1,1,0,0,64,1,3,0000000000000000000000000000000000010000001101111001100101111111
231331,6,2/3,remined,1,1,3,3,1,0,0,0,64,1,1,0010110000000110000100111111011111011110011101111001100101001001
231331,6,2/3,pinned,1,5,5,5,1,1,0,0,64,1,5,0000000000000000000000000000000000000000000000000000000001001001
231331,6,3/4,remined,0,1,,,,,,,64,1,1,0010110000000110000100000000000000010000001101111001100101001000
231331,6,3/4,pinned,0,,,,,,,,64,1,,0000000000000000000000000000000000000000000000000000000000000000
231331,6,4/5,remined,0,1,,,,,,,64,1,1,0010110000000110000100000000000000010000000000000000000001001000
231331,6,4/5,pinned,0,,,,,,,,64,1,,0000000000000000000000000000000000000000000000000000000000000000
231331,6,1/1,remined,0,1,,,,,,,64,1,1,0010110000000110000100000000000000010000000000000000000000000000
231331,6,1/1,pinned,0,,,,,,,,64,1,,0000000000000000000000000000000000000000000000000000000000000000
231332,6,1/2,remined,1,1,1,1,1,1,0,0,64,1,1,0010110111101111111111111011010011111111111111111111111111111111
231332,6,1/2,pinned,1,3,4,4,1,1,0,0,64,1,3,0000000000000000000000000000000000010000001101001000111111111111
231332,6,2/3,remined,1,1,2,1,0,1,0,0,64,1,1,0010110000000110000100111011010011111111111101001000111111000011
231332,6,2/3,pinned,1,5,5,5,1,1,0,0,64,1,5,0000000000000000000000000000000000000000000000000000000001000011
231332,6,3/4,remined,0,1,,,,,,,64,1,1,0010110000000110000100000000000000010000001101001000111111000010
231332,6,3/4,pinned,0,,,,,,,,64,1,,0000000000000000000000000000000000000000000000000000000000000000
231332,6,4/5,remined,0,1,,,,,,,64,1,1,0010110000000110000100000000000000010000000000000000000001000010
231332,6,4/5,pinned,0,,,,,,,,64,1,,0000000000000000000000000000000000000000000000000000000000000000
231332,6,1/1,remined,0,1,,,,,,,64,1,1,0010110000000110000100000000000000010000000000000000000000000000
231332,6,1/1,pinned,0,,,,,,,,64,1,,0000000000000000000000000000000000000000000000000000000000000000
231333,6,1/2,remined,1,1,1,1,1,1,0,0,64,1,1,0010111111111111111111111111111111111111111111111111111111111111
231333,6,1/2,pinned,1,3,3,3,1,1,0,0,64,1,3,0000000000000000000000000000000000011100011111111111111111111111
231333,6,2/3,remined,1,1,1,1,1,1,0,0,64,1,1,0010111000000111000111111111111111111111111111111111111111111111
231333,6,2/3,pinned,1,4,4,4,1,1,0,0,64,1,4,0000000000000000000000000000000000000000000000000000000101111111
231333,6,3/4,remined,1,1,1,1,1,1,0,0,64,1,1,0010111000000111000111000000000000011100011111111111111111111111
231333,6,3/4,pinned,1,6,6,6,1,1,1,1,64,1,6,0000000000000000000000000000000000000000000000000000000000000001
231333,6,4/5,remined,1,1,1,1,1,1,0,0,64,1,1,0010111000000111000111000000000000011100010000000000000101111111
231333,6,4/5,pinned,1,6,6,6,1,1,1,1,64,1,6,0000000000000000000000000000000000000000000000000000000000000001
231333,6,1/1,remined,0,1,,,,,,,64,1,1,0010111000000111000111000000000000011100010000000000000100000000
231333,6,1/1,pinned,0,,,,,,,,64,1,,0000000000000000000000000000000000000000000000000000000000000000
232111,6,1/2,remined,1,1,4,2,0,1,0,0,64,1,1,0010000101111111111000011100000011100000001111111110111001110001
232111,6,1/2,pinned,1,5,5,5,1,1,0,0,64,1,5,0000000000000000000000000000000000000000000000000000000001110001
232111,6,2/3,remined,0,1,,,,,,,64,1,1,0010000000000000000000011100000011100000000000000000000000000000
232111,6,2/3,pinned,0,,,,,,,,64,1,,0000000000000000000000000000000000000000000000000000000000000000
232111,6,3/4,remined,0,1,,,,,,,64,1,1,0010000000000000000000000000000000000000000000000000000000000000
232111,6,3/4,pinned,0,,,,,,,,64,1,,0000000000000000000000000000000000000000000000000000000000000000
232111,6,4/5,remined,0,1,,,,,,,64,1,1,0010000000000000000000000000000000000000000000000000000000000000
232111,6,4/5,pinned,0,,,,,,,,64,1,,0000000000000000000000000000000000000000000000000000000000000000
232111,6,1/1,remined,0,1,,,,,,,64,1,1,0010000000000000000000000000000000000000000000000000000000000000
232111,6,1/1,pinned,0,,,,,,,,64,1,,0000000000000000000000000000000000000000000000000000000000000000
232112,6,1/2,remined,1,1,4,4,1,0,0,0,64,1,1,0010000101101111110011011000000011001100001101111001111111001011
232112,6,1/2,pinned,1,5,5,5,1,1,0,0,64,1,5,0000000000000000000000000000000000000000000000000000000001001011
232112,6,2/3,remined,0,1,,,,,,,64,1,1,0010000000000000000000011000000011001100000000000000000000000000
232112,6,2/3,pinned,0,,,,,,,,64,1,,0000000000000000000000000000000000000000000000000000000000000000
232112,6,3/4,remined,0,1,,,,,,,64,1,1,0010000000000000000000000000000000000000000000000000000000000000
232112,6,3/4,pinned,0,,,,,,,,64,1,,0000000000000000000000000000000000000000000000000000000000000000
232112,6,4/5,remined,0,1,,,,,,,64,1,1,0010000000000000000000000000000000000000000000000000000000000000
232112,6,4/5,pinned,0,,,,,,,,64,1,,0000000000000000000000000000000000000000000000000000000000000000
232112,6,1/1,remined,0,1,,,,,,,64,1,1,0010000000000000000000000000000000000000000000000000000000000000
232112,6,1/1,pinned,0,,,,,,,,64,1,,0000000000000000000000000000000000000000000000000000000000000000
232113,6,1/2,remined,1,1,2,1,0,1,0,0,64,1,1,0010001101111111111011011100001111101101101111111111111111111111
232113,6,1/2,pinned,1,4,4,4,1,1,0,0,64,1,4,0000000000000000000000000000000000000000000000110000011001111111
232113,6,2/3,remined,1,1,6,6,1,0,1,0,64,1,1,0010001000000001000000011100001111101101100000110000011000000001
232113,6,2/3,pinned,1,6,6,6,1,1,1,1,64,1,6,0000000000000000000000000000000000000000000000000000000000000001
232113,6,3/4,remined,0,1,,,,,,,64,1,1,0010001000000001000000000000000000000000000000110000011000000000
232113,6,3/4,pinned,0,,,,,,,,64,1,,0000000000000000000000000000000000000000000000000000000000000000
232113,6,4/5,remined,0,1,,,,,,,64,1,1,0010001000000001000000000000000000000000000000000000000000000000
232113,6,4/5,pinned,0,,,,,,,,64,1,,0000000000000000000000000000000000000000000000000000000000000000
232113,6,1/1,remined,0,1,,,,,,,64,1,1,0010001000000001000000000000000000000000000000000000000000000000
232113,6,1/1,pinned,0,,,,,,,,64,1,,0000000000000000000000000000000000000000000000000000000000000000
232121,6,1/2,remined,1,1,4,4,1,0,0,0,64,1,1,0010000101011111101101010100000010110100001011110101111110101011
232121,6,1/2,pinned,1,5,5,5,1,1,0,0,64,1,5,0000000000000000000000000000000000000000000000000000000000101011
232121,6,2/3,remined,0,1,,,,,,,64,1,1,0010000000000000000000010100000010110100000000000000000000000000
232121,6,2/3,pinned,0,,,,,,,,64,1,,0000000000000000000000000000000000000000000000000000000000000000
232121,6,3/4,remined,0,1,,,,,,,64,1,1,0010000000000000000000000000000000000000000000000000000000000000
232121,6,3/4,pinned,0,,,,,,,,64,1,,0000000000000000000000000000000000000000000000000000000000000000
232121,6,4/5,remined,0,1,,,,,,,64,1,1,0010000000000000000000000000000000000000000000000000000000000000
232121,6,4/5,pinned,0,,,,,,,,64,1,,0000000000000000000000000000000000000000000000000000000000000000
232121,6,1/1,remined,0,1,,,,,,,64,1,1,0010000000000000000000000000000000000000000000000000000000000000
232121,6,1/1,pinned,0,,,,,,,,64,1,,0000000000000000000000000000000000000000000000000000000000000000
232122,6,1/2,remined,0,1,,,,,,,64,1,1,0010000101001111100110010000000010011000001001100000110100000000
232122,6,1/2,pinned,0,,,,,,,,64,1,,0000000000000000000000000000000000000000000000000000000000000000
232122,6,2/3,remined,0,1,,,,,,,64,1,1,0010000000000000000000010000000010011000000000000000000000000000
232122,6,2/3,pinned,0,,,,,,,,64,1,,0000000000000000000000000000000000000000000000000000000000000000
232122,6,3/4,remined,0,1,,,,,,,64,1,1,0010000000000000000000000000000000000000000000000000000000000000
232122,6,3/4,pinned,0,,,,,,,,64,1,,0000000000000000000000000000000000000000000000000000000000000000
232122,6,4/5,remined,0,1,,,,,,,64,1,1,0010000000000000000000000000000000000000000000000000000000000000
232122,6,4/5,pinned,0,,,,,,,,64,1,,0000000000000000000000000000000000000000000000000000000000000000
232122,6,1/1,remined,0,1,,,,,,,64,1,1,0010000000000000000000000000000000000000000000000000000000000000
232122,6,1/1,pinned,0,,,,,,,,64,1,,0000000000000000000000000000000000000000000000000000000000000000
232123,6,1/2,remined,1,1,1,1,1,1,0,0,64,1,1,0010001101011111101111010100001010111101011011110101111110101011
232123,6,1/2,pinned,1,4,4,4,1,1,0,0,64,1,4,0000000000000000000000000000000000000000000000100000010100101011
232123,6,2/3,remined,0,1,,,,,,,64,1,1,0010001000000001000000010100001010111101010000100000010100000000
232123,6,2/3,pinned,0,,,,,,,,64,1,,0000000000000000000000000000000000000000000000000000000000000000
232123,6,3/4,remined,0,1,,,,,,,64,1,1,0010001000000001000000000000000000000000000000100000010100000000
232123,6,3/4,pinned,0,,,,,,,,64,1,,0000000000000000000000000000000000000000000000000000000000000000
232123,6,4/5,remined,0,1,,,,,,,64,1,1,0010001000000001000000000000000000000000000000000000000000000000
232123,6,4/5,pinned,0,,,,,,,,64,1,,0000000000000000000000000000000000000000000000000000000000000000
232123,6,1/1,remined,0,1,,,,,,,64,1,1,0010001000000001000000000000000000000000000000000000000000000000
232123,6,1/1,pinned,0,,,,,,,,64,1,,0000000000000000000000000000000000000000000000000000000000000000
232131,6,1/2,remined,1,1,2,2,1,1,0,0,64,1,1,0010010101111111111101011100010111110110101111111111111111111111
232131,6,1/2,pinned,1,4,4,4,1,1,0,0,64,1,4,0000000000000000000000000000000000000000000001010000101001111111
232131,6,2/3,remined,1,1,6,6,1,0,1,0,64,1,1,0010010000000010000000011100010111110110100001010000101000000001
232131,6,2/3,pinned,1,6,6,6,1,1,1,1,64,1,6,0000000000000000000000000000000000000000000000000000000000000001
232131,6,3/4,remined,0,1,,,,,,,64,1,1,0010010000000010000000000000000000000000000001010000101000000000
232131,6,3/4,pinned,0,,,,,,,,64,1,,0000000000000000000000000000000000000000000000000000000000000000
232131,6,4/5,remined,0,1,,,,,,,64,1,1,0010010000000010000000000000000000000000000000000000000000000000
232131,6,4/5,pinned,0,,,,,,,,64,1,,0000000000000000000000000000000000000000000000000000000000000000
232131,6,1/1,remined,0,1,,,,,,,64,1,1,0010010000000010000000000000000000000000000000000000000000000000
232131,6,1/1,pinned,0,,,,,,,,64,1,,0000000000000000000000000000000000000000000000000000000000000000
232132,6,1/2,remined,1,1,1,1,1,1,0,0,64,1,1,0010010101101111110111011000010011011110011101111001111111001011
232132,6,1/2,pinned,1,4,4,4,1,1,0,0,64,1,4,0000000000000000000000000000000000000000000001000000100101001011
232132,6,2/3,remined,0,1,,,,,,,64,1,1,0010010000000010000000011000010011011110010001000000100100000000
232132,6,2/3,pinned,0,,,,,,,,64,1,,0000000000000000000000000000000000000000000000000000000000000000
232132,6,3/4,remined,0,1,,,,,,,64,1,1,0010010000000010000000000000000000000000000001000000100100000000
232132,6,3/4,pinned,0,,,,,,,,64,1,,0000000000000000000000000000000000000000000000000000000000000000
232132,6,4/5,remined,0,1,,,,,,,64,1,1,0010010000000010000000000000000000000000000000000000000000000000
232132,6,4/5,pinned,0,,,,,,,,64,1,,0000000000000000000000000000000000000000000000000000000000000000
232132,6,1/1,remined,0,1,,,,,,,64,1,1,0010010000000010000000000000000000000000000000000000000000000000
232132,6,1/1,pinned,0,,,,,,,,64,1,,0000000000000000000000000000000000000000000000000000000000000000
232133,6,1/2,remined,1,1,1,1,1,1,0,0,64,1,1,0010011101111111111111011100011111111111111111111111111111111111
232133,6,1/2,pinned,1,3,4,4,1,1,0,0,64,1,3,0000000000000000000000000000000000000100000001110001111111111111
232133,6,2/3,remined,1,1,1,1,1,1,0,0,64,1,1,0010011000000011000001011100011111111111110001110001111110001011
232133,6,2/3,pinned,1,5,5,5,1,1,0,0,64,1,5,0000000000000000000000000000000000000000000000000000000000001011
232133,6,3/4,remined,0,1,,,,,,,64,1,1,0010011000000011000001000000000000000100000001110001111110001010
232133,6,3/4,pinned,0,,,,,,,,64,1,,0000000000000000000000000000000000000000000000000000000000000000
232133,6,4/5,remined,0,1,,,,,,,64,1,1,0010011000000011000001000000000000000100000000000000000000001010
232133,6,4/5,pinned,0,,,,,,,,64,1,,0000000000000000000000000000000000000000000000000000000000000000
232133,6,1/1,remined,0,1,,,,,,,64,1,1,0010011000000011000001000000000000000100000000000000000000000000
232133,6,1/1,pinned,0,,,,,,,,64,1,,0000000000000000000000000000000000000000000000000000000000000000
232211,6,1/2,remined,1,1,4,4,1,0,0,0,64,1,1,0010000100111111011110001100000001111000000111110011111110011011
232211,6,1/2,pinned,1,5,5,5,1,1,0,0,64,1,5,0000000000000000000000000000000000000000000000000000000000011011
232211,6,2/3,remined,0,1,,,,,,,64,1,1,0010000000000000000000001100000001111000000000000000000000000000
232211,6,2/3,pinned,0,,,,,,,,64,1,,0000000000000000000000000000000000000000000000000000000000000000
232211,6,3/4,remined,0,1,,,,,,,64,1,1,0010000000000000000000000000000000000000000000000000000000000000
232211,6,3/4,pinned,0,,,,,,,,64,1,,0000000000000000000000000000000000000000000000000000000000000000
232211,6,4/5,remined,0,1,,,,,,,64,1,1,0010000000000000000000000000000000000000000000000000000000000000
232211,6,4/5,pinned,0,,,,,,,,64,1,,0000000000000000000000000000000000000000000000000000000000000000
232211,6,1/1,remined,0,1,,,,,,,64,1,1,0010000000000000000000000000000000000000000000000000000000000000
232211,6,1/1,pinned,0,,,,,,,,64,1,,0000000000000000000000000000000000000000000000000000000000000000
232212,6,1/2,remined,0,1,,,,,,,64,1,1,0010000100101111010101001000000001010100000101010000101100000000
232212,6,1/2,pinned,0,,,,,,,,64,1,,0000000000000000000000000000000000000000000000000000000000000000
232212,6,2/3,remined,0,1,,,,,,,64,1,1,0010000000000000000000001000000001010100000000000000000000000000
232212,6,2/3,pinned,0,,,,,,,,64,1,,0000000000000000000000000000000000000000000000000000000000000000
232212,6,3/4,remined,0,1,,,,,,,64,1,1,0010000000000000000000000000000000000000000000000000000000000000
232212,6,3/4,pinned,0,,,,,,,,64,1,,0000000000000000000000000000000000000000000000000000000000000000
232212,6,4/5,remined,0,1,,,,,,,64,1,1,0010000000000000000000000000000000000000000000000000000000000000
232212,6,4/5,pinned,0,,,,,,,,64,1,,0000000000000000000000000000000000000000000000000000000000000000
232212,6,1/1,remined,0,1,,,,,,,64,1,1,0010000000000000000000000000000000000000000000000000000000000000
232212,6,1/1,pinned,0,,,,,,,,64,1,,0000000000000000000000000000000000000000000000000000000000000000
232213,6,1/2,remined,1,1,1,1,1,1,0,0,64,1,1,0010001100111111011111001100000101111100110111110011111110011011
232213,6,1/2,pinned,1,4,4,4,1,1,0,0,64,1,4,0000000000000000000000000000000000000000000000010000001100011011
232213,6,2/3,remined,0,1,,,,,,,64,1,1,0010001000000001000000001100000101111100110000010000001100000000
232213,6,2/3,pinned,0,,,,,,,,64,1,,0000000000000000000000000000000000000000000000000000000000000000
232213,6,3/4,remined,0,1,,,,,,,64,1,1,0010001000000001000000000000000000000000000000010000001100000000
232213,6,3/4,pinned,0,,,,,,,,64,1,,0000000000000000000000000000000000000000000000000000000000000000
232213,6,4/5,remined,0,1,,,,,,,64,1,1,0010001000000001000000000000000000000000000000000000000000000000
232213,6,4/5,pinned,0,,,,,,,,64,1,,0000000000000000000000000000000000000000000000000000000000000000
232213,6,1/1,remined,0,1,,,,,,,64,1,1,0010001000000001000000000000000000000000000000000000000000000000
232213,6,1/1,pinned,0,,,,,,,,64,1,,0000000000000000000000000000000000000000000000000000000000000000
232221,6,1/2,remined,0,1,,,,,,,64,1,1,0010000100011111001011000100000000101100000010110000011100000000
232221,6,1/2,pinned,0,,,,,,,,64,1,,0000000000000000000000000000000000000000000000000000000000000000
232221,6,2/3,remined,0,1,,,,,,,64,1,1,0010000000000000000000000100000000101100000000000000000000000000
232221,6,2/3,pinned,0,,,,,,,,64,1,,0000000000000000000000000000000000000000000000000000000000000000
232221,6,3/4,remined,0,1,,,,,,,64,1,1,0010000000000000000000000000000000000000000000000000000000000000
232221,6,3/4,pinned,0,,,,,,,,64,1,,0000000000000000000000000000000000000000000000000000000000000000
232221,6,4/5,remined,0,1,,,,,,,64,1,1,0010000000000000000000000000000000000000000000000000000000000000
232221,6,4/5,pinned,0,,,,,,,,64,1,,0000000000000000000000000000000000000000000000000000000000000000
232221,6,1/1,remined,0,1,,,,,,,64,1,1,0010000000000000000000000000000000000000000000000000000000000000
232221,6,1/1,pinned,0,,,,,,,,64,1,,0000000000000000000000000000000000000000000000000000000000000000
232222,6,1/2,remined,0,1,,,,,,,64,1,1,0010000100001111000000000000000000000000000000000000000000000000
232222,6,1/2,pinned,0,,,,,,,,64,1,,0000000000000000000000000000000000000000000000000000000000000000
232222,6,2/3,remined,0,1,,,,,,,64,1,1,0010000000000000000000000000000000000000000000000000000000000000
232222,6,2/3,pinned,0,,,,,,,,64,1,,0000000000000000000000000000000000000000000000000000000000000000
232222,6,3/4,remined,0,1,,,,,,,64,1,1,0010000000000000000000000000000000000000000000000000000000000000
232222,6,3/4,pinned,0,,,,,,,,64,1,,0000000000000000000000000000000000000000000000000000000000000000
232222,6,4/5,remined,0,1,,,,,,,64,1,1,0010000000000000000000000000000000000000000000000000000000000000
232222,6,4/5,pinned,0,,,,,,,,64,1,,0000000000000000000000000000000000000000000000000000000000000000
232222,6,1/1,remined,0,1,,,,,,,64,1,1,0010000000000000000000000000000000000000000000000000000000000000
232222,6,1/1,pinned,0,,,,,,,,64,1,,0000000000000000000000000000000000000000000000000000000000000000
232223,6,1/2,remined,0,1,,,,,,,64,1,1,0010001100011111001011000100000000101100000010110000011100000000
232223,6,1/2,pinned,0,,,,,,,,64,1,,0000000000000000000000000000000000000000000000000000000000000000
232223,6,2/3,remined,0,1,,,,,,,64,1,1,0010001000000001000000000100000000101100000000000000000000000000
232223,6,2/3,pinned,0,,,,,,,,64,1,,0000000000000000000000000000000000000000000000000000000000000000
232223,6,3/4,remined,0,1,,,,,,,64,1,1,0010001000000001000000000000000000000000000000000000000000000000
232223,6,3/4,pinned,0,,,,,,,,64,1,,0000000000000000000000000000000000000000000000000000000000000000
232223,6,4/5,remined,0,1,,,,,,,64,1,1,0010001000000001000000000000000000000000000000000000000000000000
232223,6,4/5,pinned,0,,,,,,,,64,1,,0000000000000000000000000000000000000000000000000000000000000000
232223,6,1/1,remined,0,1,,,,,,,64,1,1,0010001000000001000000000000000000000000000000000000000000000000
232223,6,1/1,pinned,0,,,,,,,,64,1,,0000000000000000000000000000000000000000000000000000000000000000
232231,6,1/2,remined,1,1,1,1,1,1,0,0,64,1,1,0010010100111111011111001100000101111100110111110011111110011011
232231,6,1/2,pinned,1,4,4,4,1,1,0,0,64,1,4,0000000000000000000000000000000000000000000000010000001100011011
232231,6,2/3,remined,0,1,,,,,,,64,1,1,0010010000000010000000001100000101111100110000010000001100000000
232231,6,2/3,pinned,0,,,,,,,,64,1,,0000000000000000000000000000000000000000000000000000000000000000
232231,6,3/4,remined,0,1,,,,,,,64,1,1,0010010000000010000000000000000000000000000000010000001100000000
232231,6,3/4,pinned,0,,,,,,,,64,1,,0000000000000000000000000000000000000000000000000000000000000000
232231,6,4/5,remined,0,1,,,,,,,64,1,1,0010010000000010000000000000000000000000000000000000000000000000
232231,6,4/5,pinned,0,,,,,,,,64,1,,0000000000000000000000000000000000000000000000000000000000000000
232231,6,1/1,remined,0,1,,,,,,,64,1,1,0010010000000010000000000000000000000000000000000000000000000000
232231,6,1/1,pinned,0,,,,,,,,64,1,,0000000000000000000000000000000000000000000000000000000000000000
232232,6,1/2,remined,0,1,,,,,,,64,1,1,0010010100101111010101001000000001010100000101010000101100000000
232232,6,1/2,pinned,0,,,,,,,,64,1,,0000000000000000000000000000000000000000000000000000000000000000
232232,6,2/3,remined,0,1,,,,,,,64,1,1,0010010000000010000000001000000001010100000000000000000000000000
232232,6,2/3,pinned,0,,,,,,,,64,1,,0000000000000000000000000000000000000000000000000000000000000000
232232,6,3/4,remined,0,1,,,,,,,64,1,1,0010010000000010000000000000000000000000000000000000000000000000
232232,6,3/4,pinned,0,,,,,,,,64,1,,0000000000000000000000000000000000000000000000000000000000000000
232232,6,4/5,remined,0,1,,,,,,,64,1,1,0010010000000010000000000000000000000000000000000000000000000000
232232,6,4/5,pinned,0,,,,,,,,64,1,,0000000000000000000000000000000000000000000000000000000000000000
232232,6,1/1,remined,0,1,,,,,,,64,1,1,0010010000000010000000000000000000000000000000000000000000000000
232232,6,1/1,pinned,0,,,,,,,,64,1,,0000000000000000000000000000000000000000000000000000000000000000
232233,6,1/2,remined,1,1,1,1,1,1,0,0,64,1,1,0010011100111111011111001100000101111100110111110011111110011011
232233,6,1/2,pinned,1,3,3,3,1,1,0,0,64,1,3,0000000000000000000000000000000000000100000000010000001100011011
232233,6,2/3,remined,0,1,,,,,,,64,1,1,0010011000000011000001001100000101111100110000010000001100000000
232233,6,2/3,pinned,0,,,,,,,,64,1,,0000000000000000000000000000000000000000000000000000000000000000
232233,6,3/4,remined,0,1,,,,,,,64,1,1,0010011000000011000001000000000000000100000000010000001100000000
232233,6,3/4,pinned,0,,,,,,,,64,1,,0000000000000000000000000000000000000000000000000000000000000000
232233,6,4/5,remined,0,1,,,,,,,64,1,1,0010011000000011000001000000000000000100000000000000000000000000
232233,6,4/5,pinned,0,,,,,,,,64,1,,0000000000000000000000000000000000000000000000000000000000000000
232233,6,1/1,remined,0,1,,,,,,,64,1,1,0010011000000011000001000000000000000100000000000000000000000000
232233,6,1/1,pinned,0,,,,,,,,64,1,,0000000000000000000000000000000000000000000000000000000000000000
232311,6,1/2,remined,1,1,2,1,0,1,0,0,64,1,1,0010100101111111111110011100011011111011001111111111111111111111
232311,6,1/2,pinned,1,4,4,4,1,1,0,0,64,1,4,0000000000000000000000000000000000000000000001100000110001111111
232311,6,2/3,remined,1,1,6,6,1,0,1,0,64,1,1,0010100000000100000000011100011011111011000001100000110000000001
232311,6,2/3,pinned,1,6,6,6,1,1,1,1,64,1,6,0000000000000000000000000000000000000000000000000000000000000001
232311,6,3/4,remined,0,1,,,,,,,64,1,1,0010100000000100000000000000000000000000000001100000110000000000
232311,6,3/4,pinned,0,,,,,,,,64,1,,0000000000000000000000000000000000000000000000000000000000000000
232311,6,4/5,remined,0,1,,,,,,,64,1,1,0010100000000100000000000000000000000000000000000000000000000000
232311,6,4/5,pinned,0,,,,,,,,64,1,,0000000000000000000000000000000000000000000000000000000000000000
232311,6,1/1,remined,0,1,,,,,,,64,1,1,0010100000000100000000000000000000000000000000000000000000000000
232311,6,1/1,pinned,0,,,,,,,,64,1,,0000000000000000000000000000000000000000000000000000000000000000
232312,6,1/2,remined,1,1,2,2,1,1,0,0,64,1,1,0010100101101111110111011000010011011110011101111001111111001011
232312,6,1/2,pinned,1,4,4,4,1,1,0,0,64,1,4,0000000000000000000000000000000000000000000001000000100101001011
232312,6,2/3,remined,0,1,,,,,,,64,1,1,0010100000000100000000011000010011011110010001000000100100000000
232312,6,2/3,pinned,0,,,,,,,,64,1,,0000000000000000000000000000000000000000000000000000000000000000
232312,6,3/4,remined,0,1,,,,,,,64,1,1,0010100000000100000000000000000000000000000001000000100100000000
232312,6,3/4,pinned,0,,,,,,,,64,1,,0000000000000000000000000000000000000000000000000000000000000000
232312,6,4/5,remined,0,1,,,,,,,64,1,1,0010100000000100000000000000000000000000000000000000000000000000
232312,6,4/5,pinned,0,,,,,,,,64,1,,0000000000000000000000000000000000000000000000000000000000000000
232312,6,1/1,remined,0,1,,,,,,,64,1,1,0010100000000100000000000000000000000000000000000000000000000000
232312,6,1/1,pinned,0,,,,,,,,64,1,,0000000000000000000000000000000000000000000000000000000000000000
232313,6,1/2,remined,1,1,1,1,1,1,0,0,64,1,1,0010101101111111111111011100011111111111111111111111111111111111
232313,6,1/2,pinned,1,3,4,4,1,1,0,0,64,1,3,0000000000000000000000000000000000001000000001110001111111111111
232313,6,2/3,remined,1,1,1,1,1,1,0,0,64,1,1,0010101000000101000010011100011111111111110001110001111110001011
232313,6,2/3,pinned,1,5,5,5,1,1,0,0,64,1,5,0000000000000000000000000000000000000000000000000000000000001011
232313,6,3/4,remined,0,1,,,,,,,64,1,1,0010101000000101000010000000000000001000000001110001111110001010
232313,6,3/4,pinned,0,,,,,,,,64,1,,0000000000000000000000000000000000000000000000000000000000000000
232313,6,4/5,remined,0,1,,,,,,,64,1,1,0010101000000101000010000000000000001000000000000000000000001010
232313,6,4/5,pinned,0,,,,,,,,64,1,,0000000000000000000000000000000000000000000000000000000000000000
232313,6,1/1,remined,0,1,,,,,,,64,1,1,0010101000000101000010000000000000001000000000000000000000000000
232313,6,1/1,pinned,0,,,,,,,,64,1,,0000000000000000000000000000000000000000000000000000000000000000
232321,6,1/2,remined,1,1,2,2,1,1,0,0,64,1,1,0010100101011111101111010100001010111101011011110101111110101011
232321,6,1/2,pinned,1,4,4,4,1,1,0,0,64,1,4,0000000000000000000000000000000000000000000000100000010100101011
232321,6,2/3,remined,0,1,,,,,,,64,1,1,0010100000000100000000010100001010111101010000100000010100000000
232321,6,2/3,pinned,0,,,,,,,,64,1,,0000000000000000000000000000000000000000000000000000000000000000
232321,6,3/4,remined,0,1,,,,,,,64,1,1,0010100000000100000000000000000000000000000000100000010100000000
232321,6,3/4,pinned,0,,,,,,,,64,1,,0000000000000000000000000000000000000000000000000000000000000000
232321,6,4/5,remined,0,1,,,,,,,64,1,1,0010100000000100000000000000000000000000000000000000000000000000
232321,6,4/5,pinned,0,,,,,,,,64,1,,0000000000000000000000000000000000000000000000000000000000000000
232321,6,1/1,remined,0,1,,,,,,,64,1,1,0010100000000100000000000000000000000000000000000000000000000000
232321,6,1/1,pinned,0,,,,,,,,64,1,,0000000000000000000000000000000000000000000000000000000000000000
232322,6,1/2,remined,0,1,,,,,,,64,1,1,0010100101001111100110010000000010011000001001100000110100000000
232322,6,1/2,pinned,0,,,,,,,,64,1,,0000000000000000000000000000000000000000000000000000000000000000
232322,6,2/3,remined,0,1,,,,,,,64,1,1,0010100000000100000000010000000010011000000000000000000000000000
232322,6,2/3,pinned,0,,,,,,,,64,1,,0000000000000000000000000000000000000000000000000000000000000000
232322,6,3/4,remined,0,1,,,,,,,64,1,1,0010100000000100000000000000000000000000000000000000000000000000
232322,6,3/4,pinned,0,,,,,,,,64,1,,0000000000000000000000000000000000000000000000000000000000000000
232322,6,4/5,remined,0,1,,,,,,,64,1,1,0010100000000100000000000000000000000000000000000000000000000000
232322,6,4/5,pinned,0,,,,,,,,64,1,,0000000000000000000000000000000000000000000000000000000000000000
232322,6,1/1,remined,0,1,,,,,,,64,1,1,0010100000000100000000000000000000000000000000000000000000000000
232322,6,1/1,pinned,0,,,,,,,,64,1,,0000000000000000000000000000000000000000000000000000000000000000
232323,6,1/2,remined,1,1,1,1,1,1,0,0,64,1,1,0010101101011111101111010100001010111101011011110101111110101011
232323,6,1/2,pinned,1,3,3,3,1,1,0,0,64,1,3,0000000000000000000000000000000000001000000000100000010100101011
232323,6,2/3,remined,0,1,,,,,,,64,1,1,0010101000000101000010010100001010111101010000100000010100000000
232323,6,2/3,pinned,0,,,,,,,,64,1,,0000000000000000000000000000000000000000000000000000000000000000
232323,6,3/4,remined,0,1,,,,,,,64,1,1,0010101000000101000010000000000000001000000000100000010100000000
232323,6,3/4,pinned,0,,,,,,,,64,1,,0000000000000000000000000000000000000000000000000000000000000000
232323,6,4/5,remined,0,1,,,,,,,64,1,1,0010101000000101000010000000000000001000000000000000000000000000
232323,6,4/5,pinned,0,,,,,,,,64,1,,0000000000000000000000000000000000000000000000000000000000000000
232323,6,1/1,remined,0,1,,,,,,,64,1,1,0010101000000101000010000000000000001000000000000000000000000000
232323,6,1/1,pinned,0,,,,,,,,64,1,,0000000000000000000000000000000000000000000000000000000000000000
232331,6,1/2,remined,1,1,1,1,1,1,0,0,64,1,1,0010110101111111111111011100011111111111111111111111111111111111
232331,6,1/2,pinned,1,3,4,4,1,1,0,0,64,1,3,0000000000000000000000000000000000010000000001110001111111111111
232331,6,2/3,remined,1,1,2,1,0,1,0,0,64,1,1,0010110000000110000100011100011111111111110001110001111110001011
232331,6,2/3,pinned,1,5,5,5,1,1,0,0,64,1,5,0000000000000000000000000000000000000000000000000000000000001011
232331,6,3/4,remined,0,1,,,,,,,64,1,1,0010110000000110000100000000000000010000000001110001111110001010
232331,6,3/4,pinned,0,,,,,,,,64,1,,0000000000000000000000000000000000000000000000000000000000000000
232331,6,4/5,remined,0,1,,,,,,,64,1,1,0010110000000110000100000000000000010000000000000000000000001010
232331,6,4/5,pinned,0,,,,,,,,64,1,,0000000000000000000000000000000000000000000000000000000000000000
232331,6,1/1,remined,0,1,,,,,,,64,1,1,0010110000000110000100000000000000010000000000000000000000000000
232331,6,1/1,pinned,0,,,,,,,,64,1,,0000000000000000000000000000000000000000000000000000000000000000
232332,6,1/2,remined,1,1,1,1,1,1,0,0,64,1,1,0010110101101111110111011000010011011110011101111001111111001011
232332,6,1/2,pinned,1,3,3,3,1,1,0,0,64,1,3,0000000000000000000000000000000000010000000001000000100101001011
232332,6,2/3,remined,0,1,,,,,,,64,1,1,0010110000000110000100011000010011011110010001000000100100000000
232332,6,2/3,pinned,0,,,,,,,,64,1,,0000000000000000000000000000000000000000000000000000000000000000
232332,6,3/4,remined,0,1,,,,,,,64,1,1,0010110000000110000100000000000000010000000001000000100100000000
232332,6,3/4,pinned,0,,,,,,,,64,1,,0000000000000000000000000000000000000000000000000000000000000000
232332,6,4/5,remined,0,1,,,,,,,64,1,1,0010110000000110000100000000000000010000000000000000000000000000
232332,6,4/5,pinned,0,,,,,,,,64,1,,0000000000000000000000000000000000000000000000000000000000000000
232332,6,1/1,remined,0,1,,,,,,,64,1,1,0010110000000110000100000000000000010000000000000000000000000000
232332,6,1/1,pinned,0,,,,,,,,64,1,,0000000000000000000000000000000000000000000000000000000000000000
232333,6,1/2,remined,1,1,1,1,1,1,0,0,64,1,1,0010111101111111111111011100011111111111111111111111111111111111
232333,6,1/2,pinned,1,3,3,3,1,1,0,0,64,1,3,0000000000000000000000000000000000011100010001110001111111111111
232333,6,2/3,remined,1,1,1,1,1,1,0,0,64,1,1,0010111000000111000111011100011111111111110001110001111110001011
232333,6,2/3,pinned,1,4,4,4,1,1,0,0,64,1,4,0000000000000000000000000000000000000000000000000000000100001011
232333,6,3/4,remined,0,1,,,,,,,64,1,1,0010111000000111000111000000000000011100010001110001111110001010
232333,6,3/4,pinned,0,,,,,,,,64,1,,0000000000000000000000000000000000000000000000000000000000000000
232333,6,4/5,remined,0,1,,,,,,,64,1,1,0010111000000111000111000000000000011100010000000000000100001010
232333,6,4/5,pinned,0,,,,,,,,64,1,,0000000000000000000000000000000000000000000000000000000000000000
232333,6,1/1,remined,0,1,,,,,,,64,1,1,0010111000000111000111000000000000011100010000000000000100000000
232333,6,1/1,pinned,0,,,,,,,,64,1,,0000000000000000000000000000000000000000000000000000000000000000
233111,6,1/2,remined,1,1,3,1,0,1,0,0,64,1,1,0011000111111111111000111111100011100000001111111110111001110001
233111,6,1/2,pinned,1,4,4,4,1,1,0,0,64,1,4,0000000000000000000000000000000000000000001110000000000001110001
233111,6,2/3,remined,0,1,,,,,,,64,1,1,0011000000001000000000111111100011100000001110000000000000000000
233111,6,2/3,pinned,0,,,,,,,,64,1,,0000000000000000000000000000000000000000000000000000000000000000
233111,6,3/4,remined,0,1,,,,,,,64,1,1,0011000000001000000000000000000000000000001110000000000000000000
233111,6,3/4,pinned,0,,,,,,,,64,1,,0000000000000000000000000000000000000000000000000000000000000000
233111,6,4/5,remined,0,1,,,,,,,64,1,1,0011000000001000000000000000000000000000000000000000000000000000
233111,6,4/5,pinned,0,,,,,,,,64,1,,0000000000000000000000000000000000000000000000000000000000000000
233111,6,1/1,remined,0,1,,,,,,,64,1,1,0011000000001000000000000000000000000000000000000000000000000000
233111,6,1/1,pinned,0,,,,,,,,64,1,,0000000000000000000000000000000000000000000000000000000000000000
233112,6,1/2,remined,1,1,1,1,1,1,0,0,64,1,1,0011000111101111111011111011000011101101101111111111111111111111
233112,6,1/2,pinned,1,4,4,4,1,1,0,0,64,1,4,0000000000000000000000000000000000000000001100000000011001111111
233112,6,2/3,remined,1,1,6,6,1,0,1,0,64,1,1,0011000000001000000000111011000011101101101100000000011000000001
233112,6,2/3,pinned,1,6,6,6,1,1,1,1,64,1,6,0000000000000000000000000000000000000000000000000000000000000001
233112,6,3/4,remined,0,1,,,,,,,64,1,1,0011000000001000000000000000000000000000001100000000011000000000
233112,6,3/4,pinned,0,,,,,,,,64,1,,0000000000000000000000000000000000000000000000000000000000000000
233112,6,4/5,remined,0,1,,,,,,,64,1,1,0011000000001000000000000000000000000000000000000000000000000000
233112,6,4/5,pinned,0,,,,,,,,64,1,,0000000000000000000000000000000000000000000000000000000000000000
233112,6,1/1,remined,0,1,,,,,,,64,1,1,0011000000001000000000000000000000000000000000000000000000000000
233112,6,1/1,pinned,0,,,,,,,,64,1,,0000000000000000000000000000000000000000000000000000000000000000
233113,6,1/2,remined,1,1,1,1,1,1,0,0,64,1,1,0011001111111111111011111111101111101101101111111111111111111111
233113,6,1/2,pinned,1,3,3,3,1,1,0,0,64,1,3,0000000000000000000000000000000000100000001110110110011001111111
233113,6,2/3,remined,1,1,3,1,0,1,0,0,64,1,1,0011001000001001001000111111101111101101101110110110011000110001
233113,6,2/3,pinned,1,5,5,5,1,1,0,0,64,1,5,0000000000000000000000000000000000000000000000000000000000110001
233113,6,3/4,remined,0,1,,,,,,,64,1,1,0011001000001001001000000000000000100000001110110110011000110000
233113,6,3/4,pinned,0,,,,,,,,64,1,,0000000000000000000000000000000000000000000000000000000000000000
233113,6,4/5,remined,0,1,,,,,,,64,1,1,0011001000001001001000000000000000100000000000000000000000110000
233113,6,4/5,pinned,0,,,,,,,,64,1,,0000000000000000000000000000000000000000000000000000000000000000
233113,6,1/1,remined,0,1,,,,,,,64,1,1,0011001000001001001000000000000000100000000000000000000000000000
233113,6,1/1,pinned,0,,,,,,,,64,1,,0000000000000000000000000000000000000000000000000000000000000000
233121,6,1/2,remined,1,1,1,1,1,1,0,0,64,1,1,0011000111011111111101110110100011110110101111111111111111111111
233121,6,1/2,pinned,1,4,4,4,1,1,0,0,64,1,4,0000000000000000000000000000000000000000001010000000101001111111
233121,6,2/3,remined,1,1,6,6,1,0,1,0,64,1,1,0011000000001000000000110110100011110110101010000000101000000001
233121,6,2/3,pinned,1,6,6,6,1,1,1,1,64,1,6,0000000000000000000000000000000000000000000000000000000000000001
233121,6,3/4,remined,0,1,,,,,,,64,1,1,0011000000001000000000000000000000000000001010000000101000000000
233121,6,3/4,pinned,0,,,,,,,,64,1,,0000000000000000000000000000000000000000000000000000000000000000
233121,6,4/5,remined,0,1,,,,,,,64,1,1,0011000000001000000000000000000000000000000000000000000000000000
233121,6,4/5,pinned,0,,,,,,,,64,1,,0000000000000000000000000000000000000000000000000000000000000000
233121,6,1/1,remined,0,1,,,,,,,64,1,1,0011000000001000000000000000000000000000000000000000000000000000
233121,6,1/1,pinned,0,,,,,,,,64,1,,0000000000000000000000000000000000000000000000000000000000000000
233122,6,1/2,remined,1,1,2,1,0,1,0,0,64,1,1,0011000111001111111110110010000011111011001111101100111111100011
233122,6,1/2,pinned,1,4,4,4,1,1,0,0,64,1,4,0000000000000000000000000000000000000000001000000000110001100011
233122,6,2/3,remined,0,1,,,,,,,64,1,1,0011000000001000000000110010000011111011001000000000110000000000
233122,6,2/3,pinned,0,,,,,,,,64,1,,0000000000000000000000000000000000000000000000000000000000000000
233122,6,3/4,remined,0,1,,,,,,,64,1,1,0011000000001000000000000000000000000000001000000000110000000000
233122,6,3/4,pinned,0,,,,,,,,64,1,,0000000000000000000000000000000000000000000000000000000000000000
233122,6,4/5,remined,0,1,,,,,,,64,1,1,0011000000001000000000000000000000000000000000000000000000000000
233122,6,4/5,pinned,0,,,,,,,,64,1,,0000000000000000000000000000000000000000000000000000000000000000
233122,6,1/1,remined,0,1,,,,,,,64,1,1,0011000000001000000000000000000000000000000000000000000000000000
233122,6,1/1,pinned,0,,,,,,,,64,1,,0000000000000000000000000000000000000000000000000000000000000000
233123,6,1/2,remined,1,1,1,1,1,1,0,0,64,1,1,0011001111011111111111110110101011111111111111111111111111111111
233123,6,1/2,pinned,1,3,4,4,1,1,0,0,64,1,3,0000000000000000000000000000000000100000001010100100111111111111
233123,6,2/3,remined,1,1,3,3,1,0,0,0,64,1,1,0011001000001001001000110110101011111111111010100100111110100011
233123,6,2/3,pinned,1,5,5,5,1,1,0,0,64,1,5,0000000000000000000000000000000000000000000000000000000000100011
233123,6,3/4,remined,0,1,,,,,,,64,1,1,0011001000001001001000000000000000100000001010100100111110100010
233123,6,3/4,pinned,0,,,,,,,,64,1,,0000000000000000000000000000000000000000000000000000000000000000
233123,6,4/5,remined,0,1,,,,,,,64,1,1,0011001000001001001000000000000000100000000000000000000000100010
233123,6,4/5,pinned,0,,,,,,,,64,1,,0000000000000000000000000000000000000000000000000000000000000000
233123,6,1/1,remined,0,1,,,,,,,64,1,1,0011001000001001001000000000000000100000000000000000000000000000
233123,6,1/1,pinned,0,,,,,,,,64,1,,0000000000000000000000000000000000000000000000000000000000000000
233131,6,1/2,remined,1,1,1,1,1,1,0,0,64,1,1,0011010111111111111101111111110111110110101111111111111111111111
233131,6,1/2,pinned,1,3,3,3,1,1,0,0,64,1,3,0000000000000000000000000000000001000000001111011010101001111111
233131,6,2/3,remined,1,1,3,1,0,1,0,0,64,1,1,0011010000001010010000111111110111110110101111011010101001010001
233131,6,2/3,pinned,1,5,5,5,1,1,0,0,64,1,5,0000000000000000000000000000000000000000000000000000000001010001
233131,6,3/4,remined,0,1,,,,,,,64,1,1,0011010000001010010000000000000001000000001111011010101001010000
233131,6,3/4,pinned,0,,,,,,,,64,1,,0000000000000000000000000000000000000000000000000000000000000000
233131,6,4/5,remined,0,1,,,,,,,64,1,1,0011010000001010010000000000000001000000000000000000000001010000
233131,6,4/5,pinned,0,,,,,,,,64,1,,0000000000000000000000000000000000000000000000000000000000000000
233131,6,1/1,remined,0,1,,,,,,,64,1,1,0011010000001010010000000000000001000000000000000000000000000000
233131,6,1/1,pinned,0,,,,,,,,64,1,,0000000000000000000000000000000000000000000000000000000000000000
233132,6,1/2,remined,1,1,1,1,1,1,0,0,64,1,1,0011010111101111111111111011010011111111111111111111111111111111
233132,6,1/2,pinned,1,3,4,4,1,1,0,0,64,1,3,0000000000000000000000000000000001000000001101001000111111111111
233132,6,2/3,remined,1,1,3,3,1,0,0,0,64,1,1,0011010000001010010000111011010011111111111101001000111111000011
233132,6,2/3,pinned,1,5,5,5,1,1,0,0,64,1,5,0000000000000000000000000000000000000000000000000000000001000011
233132,6,3/4,remined,0,1,,,,,,,64,1,1,0011010000001010010000000000000001000000001101001000111111000010
233132,6,3/4,pinned,0,,,,,,,,64,1,,0000000000000000000000000000000000000000000000000000000000000000
233132,6,4/5,remined,0,1,,,,,,,64,1,1,0011010000001010010000000000000001000000000000000000000001000010
233132,6,4/5,pinned,0,,,,,,,,64,1,,0000000000000000000000000000000000000000000000000000000000000000
233132,6,1/1,remined,0,1,,,,,,,64,1,1,0011010000001010010000000000000001000000000000000000000000000000
233132,6,1/1,pinned,0,,,,,,,,64,1,,0000000000000000000000000000000000000000000000000000000000000000
233133,6,1/2,remined,1,1,1,1,1,1,0,0,64,1,1,0011011111111111111111111111111111111111111111111111111111111111
233133,6,1/2,pinned,1,3,3,3,1,1,0,0,64,1,3,0000000000000000000000000000000001100100101111111111111111111111
233133,6,2/3,remined,1,1,1,1,1,1,0,0,64,1,1,0011011000001011011001111111111111111111111111111111111111111111
233133,6,2/3,pinned,1,4,4,4,1,1,0,0,64,1,4,0000000000000000000000000000000000000000000000000000001001111111
233133,6,3/4,remined,1,1,1,1,1,1,0,0,64,1,1,0011011000001011011001000000000001100100101111111111111111111111
233133,6,3/4,pinned,1,6,6,6,1,1,1,1,64,1,6,0000000000000000000000000000000000000000000000000000000000000001
233133,6,4/5,remined,1,1,2,1,0,1,0,0,64,1,1,0011011000001011011001000000000001100100100000000000001001111111
233133,6,4/5,pinned,1,6,6,6,1,1,1,1,64,1,6,0000000000000000000000000000000000000000000000000000000000000001
233133,6,1/1,remined,0,1,,,,,,,64,1,1,0011011000001011011001000000000001100100100000000000001000000000
233133,6,1/1,pinned,0,,,,,,,,64,1,,0000000000000000000000000000000000000000000000000000000000000000
233211,6,1/2,remined,1,1,2,1,0,1,0,0,64,1,1,0011000110111111111110101101100011111011001111111111111111111111
233211,6,1/2,pinned,1,4,4,4,1,1,0,0,64,1,4,0000000000000000000000000000000000000000000110000000110001111111
233211,6,2/3,remined,1,1,6,6,1,0,1,0,64,1,1,0011000000001000000000101101100011111011000110000000110000000001
233211,6,2/3,pinned,1,6,6,6,1,1,1,1,64,1,6,0000000000000000000000000000000000000000000000000000000000000001
233211,6,3/4,remined,0,1,,,,,,,64,1,1,0011000000001000000000000000000000000000000110000000110000000000
233211,6,3/4,pinned,0,,,,,,,,64,1,,0000000000000000000000000000000000000000000000000000000000000000
233211,6,4/5,remined,0,1,,,,,,,64,1,1,0011000000001000000000000000000000000000000000000000000000000000
233211,6,4/5,pinned,0,,,,,,,,64,1,,0000000000000000000000000000000000000000000000000000000000000000
233211,6,1/1,remined,0,1,,,,,,,64,1,1,0011000000001000000000000000000000000000000000000000000000000000
233211,6,1/1,pinned,0,,,,,,,,64,1,,0000000000000000000000000000000000000000000000000000000000000000
233212,6,1/2,remined,1,1,1,1,1,1,0,0,64,1,1,0011000110101111111101101001000011110110101111011010111111010011
233212,6,1/2,pinned,1,4,4,4,1,1,0,0,64,1,4,0000000000000000000000000000000000000000000100000000101001010011
233212,6,2/3,remined,0,1,,,,,,,64,1,1,0011000000001000000000101001000011110110100100000000101000000000
233212,6,2/3,pinned,0,,,,,,,,64,1,,0000000000000000000000000000000000000000000000000000000000000000
233212,6,3/4,remined,0,1,,,,,,,64,1,1,0011000000001000000000000000000000000000000100000000101000000000
233212,6,3/4,pinned,0,,,,,,,,64,1,,0000000000000000000000000000000000000000000000000000000000000000
233212,6,4/5,remined,0,1,,,,,,,64,1,1,0011000000001000000000000000000000000000000000000000000000000000
233212,6,4/5,pinned,0,,,,,,,,64,1,,0000000000000000000000000000000000000000000000000000000000000000
233212,6,1/1,remined,0,1,,,,,,,64,1,1,0011000000001000000000000000000000000000000000000000000000000000
233212,6,1/1,pinned,0,,,,,,,,64,1,,0000000000000000000000000000000000000000000000000000000000000000
233213,6,1/2,remined,1,1,1,1,1,1,0,0,64,1,1,0011001110111111111111101101100111111111111111111111111111111111
233213,6,1/2,pinned,1,3,4,4,1,1,0,0,64,1,3,0000000000000000000000000000000000100000000110010010111111111111
233213,6,2/3,remined,1,1,3,3,1,0,0,0,64,1,1,0011001000001001001000101101100111111111110110010010111110010011
233213,6,2/3,pinned,1,5,5,5,1,1,0,0,64,1,5,0000000000000000000000000000000000000000000000000000000000010011
233213,6,3/4,remined,0,1,,,,,,,64,1,1,0011001000001001001000000000000000100000000110010010111110010010
233213,6,3/4,pinned,0,,,,,,,,64,1,,0000000000000000000000000000000000000000000000000000000000000000
233213,6,4/5,remined,0,1,,,,,,,64,1,1,0011001000001001001000000000000000100000000000000000000000010010
233213,6,4/5,pinned,0,,,,,,,,64,1,,0000000000000000000000000000000000000000000000000000000000000000
233213,6,1/1,remined,0,1,,,,,,,64,1,1,0011001000001001001000000000000000100000000000000000000000000000
233213,6,1/1,pinned,0,,,,,,,,64,1,,0000000000000000000000000000000000000000000000000000000000000000
233221,6,1/2,remined,1,1,1,1,1,1,0,0,64,1,1,0011000110011111111011100100100011101101101110110110111110110011
233221,6,1/2,pinned,1,4,4,4,1,1,0,0,64,1,4,0000000000000000000000000000000000000000000010000000011000110011
233221,6,2/3,remined,0,1,,,,,,,64,1,1,0011000000001000000000100100100011101101100010000000011000000000
233221,6,2/3,pinned,0,,,,,,,,64,1,,0000000000000000000000000000000000000000000000000000000000000000
233221,6,3/4,remined,0,1,,,,,,,64,1,1,0011000000001000000000000000000000000000000010000000011000000000
233221,6,3/4,pinned,0,,,,,,,,64,1,,0000000000000000000000000000000000000000000000000000000000000000
233221,6,4/5,remined,0,1,,,,,,,64,1,1,0011000000001000000000000000000000000000000000000000000000000000
233221,6,4/5,pinned,0,,,,,,,,64,1,,0000000000000000000000000000000000000000000000000000000000000000
233221,6,1/1,remined,0,1,,,,,,,64,1,1,0011000000001000000000000000000000000000000000000000000000000000
233221,6,1/1,pinned,0,,,,,,,,64,1,,0000000000000000000000000000000000000000000000000000000000000000
233222,6,1/2,remined,0,1,,,,,,,64,1,1,0011000110001111111000100000000011100000001110000000111000000000
233222,6,1/2,pinned,0,,,,,,,,64,1,,0000000000000000000000000000000000000000000000000000000000000000
233222,6,2/3,remined,0,1,,,,,,,64,1,1,0011000000001000000000100000000011100000000000000000000000000000
233222,6,2/3,pinned,0,,,,,,,,64,1,,0000000000000000000000000000000000000000000000000000000000000000
233222,6,3/4,remined,0,1,,,,,,,64,1,1,0011000000001000000000000000000000000000000000000000000000000000
233222,6,3/4,pinned,0,,,,,,,,64,1,,0000000000000000000000000000000000000000000000000000000000000000
233222,6,4/5,remined,0,1,,,,,,,64,1,1,0011000000001000000000000000000000000000000000000000000000000000
233222,6,4/5,pinned,0,,,,,,,,64,1,,0000000000000000000000000000000000000000000000000000000000000000
233222,6,1/1,remined,0,1,,,,,,,64,1,1,0011000000001000000000000000000000000000000000000000000000000000
233222,6,1/1,pinned,0,,,,,,,,64,1,,0000000000000000000000000000000000000000000000000000000000000000
233223,6,1/2,remined,1,1,1,1,1,1,0,0,64,1,1,0011001110011111111011100100100011101101101110110110111110110011
233223,6,1/2,pinned,1,3,3,3,1,1,0,0,64,1,3,0000000000000000000000000000000000100000000010000000011000110011
233223,6,2/3,remined,0,1,,,,,,,64,1,1,0011001000001001001000100100100011101101100010000000011000000000
233223,6,2/3,pinned,0,,,,,,,,64,1,,0000000000000000000000000000000000000000000000000000000000000000
233223,6,3/4,remined,0,1,,,,,,,64,1,1,0011001000001001001000000000000000100000000010000000011000000000
233223,6,3/4,pinned,0,,,,,,,,64,1,,0000000000000000000000000000000000000000000000000000000000000000
233223,6,4/5,remined,0,1,,,,,,,64,1,1,0011001000001001001000000000000000100000000000000000000000000000
233223,6,4/5,pinned,0,,,,,,,,64,1,,0000000000000000000000000000000000000000000000000000000000000000
233223,6,1/1,remined,0,1,,,,,,,64,1,1,0011001000001001001000000000000000100000000000000000000000000000
233223,6,1/1,pinned,0,,,,,,,,64,1,,0000000000000000000000000000000000000000000000000000000000000000
233231,6,1/2,remined,1,1,1,1,1,1,0,0,64,1,1,0011010110111111111111101101100111111111111111111111111111111111
233231,6,1/2,pinned,1,3,4,4,1,1,0,0,64,1,3,0000000000000000000000000000000001000000000110010010111111111111
233231,6,2/3,remined,1,1,3,3,1,0,0,0,64,1,1,0011010000001010010000101101100111111111110110010010111110010011
233231,6,2/3,pinned,1,5,5,5,1,1,0,0,64,1,5,0000000000000000000000000000000000000000000000000000000000010011
233231,6,3/4,remined,0,1,,,,,,,64,1,1,0011010000001010010000000000000001000000000110010010111110010010
233231,6,3/4,pinned,0,,,,,,,,64,1,,0000000000000000000000000000000000000000000000000000000000000000
233231,6,4/5,remined,0,1,,,,,,,64,1,1,0011010000001010010000000000000001000000000000000000000000010010
233231,6,4/5,pinned,0,,,,,,,,64,1,,0000000000000000000000000000000000000000000000000000000000000000
233231,6,1/1,remined,0,1,,,,,,,64,1,1,0011010000001010010000000000000001000000000000000000000000000000
233231,6,1/1,pinned,0,,,,,,,,64,1,,0000000000000000000000000000000000000000000000000000000000000000
233232,6,1/2,remined,1,1,1,1,1,1,0,0,64,1,1,0011010110101111111101101001000011110110101111011010111111010011
233232,6,1/2,pinned,1,3,3,3,1,1,0,0,64,1,3,0000000000000000000000000000000001000000000100000000101001010011
233232,6,2/3,remined,0,1,,,,,,,64,1,1,0011010000001010010000101001000011110110100100000000101000000000
233232,6,2/3,pinned,0,,,,,,,,64,1,,0000000000000000000000000000000000000000000000000000000000000000
233232,6,3/4,remined,0,1,,,,,,,64,1,1,0011010000001010010000000000000001000000000100000000101000000000
233232,6,3/4,pinned,0,,,,,,,,64,1,,0000000000000000000000000000000000000000000000000000000000000000
233232,6,4/5,remined,0,1,,,,,,,64,1,1,0011010000001010010000000000000001000000000000000000000000000000
233232,6,4/5,pinned,0,,,,,,,,64,1,,0000000000000000000000000000000000000000000000000000000000000000
233232,6,1/1,remined,0,1,,,,,,,64,1,1,0011010000001010010000000000000001000000000000000000000000000000
233232,6,1/1,pinned,0,,,,,,,,64,1,,0000000000000000000000000000000000000000000000000000000000000000
233233,6,1/2,remined,1,1,1,1,1,1,0,0,64,1,1,0011011110111111111111101101100111111111111111111111111111111111
233233,6,1/2,pinned,1,3,3,3,1,1,0,0,64,1,3,0000000000000000000000000000000001100100100110010010111111111111
233233,6,2/3,remined,1,1,1,1,1,1,0,0,64,1,1,0011011000001011011001101101100111111111110110010010111110010011
233233,6,2/3,pinned,1,4,4,4,1,1,0,0,64,1,4,0000000000000000000000000000000000000000000000000000001000010011
233233,6,3/4,remined,0,1,,,,,,,64,1,1,0011011000001011011001000000000001100100100110010010111110010010
233233,6,3/4,pinned,0,,,,,,,,64,1,,0000000000000000000000000000000000000000000000000000000000000000
233233,6,4/5,remined,0,1,,,,,,,64,1,1,0011011000001011011001000000000001100100100000000000001000010010
233233,6,4/5,pinned,0,,,,,,,,64,1,,0000000000000000000000000000000000000000000000000000000000000000
233233,6,1/1,remined,0,1,,,,,,,64,1,1,0011011000001011011001000000000001100100100000000000001000000000
233233,6,1/1,pinned,0,,,,,,,,64,1,,0000000000000000000000000000000000000000000000000000000000000000
233311,6,1/2,remined,1,1,2,1,0,1,0,0,64,1,1,0011100111111111111110111111111011111011001111111111111111111111
233311,6,1/2,pinned,1,3,3,3,1,1,0,0,64,1,3,0000000000000000000000000000000010000000001111101100110001111111
233311,6,2/3,remined,1,1,4,1,0,1,0,0,64,1,1,0011100000001100100000111111111011111011001111101100110001100001
233311,6,2/3,pinned,1,5,5,5,1,1,0,0,64,1,5,0000000000000000000000000000000000000000000000000000000001100001
233311,6,3/4,remined,0,1,,,,,,,64,1,1,0011100000001100100000000000000010000000001111101100110001100000
233311,6,3/4,pinned,0,,,,,,,,64,1,,0000000000000000000000000000000000000000000000000000000000000000
233311,6,4/5,remined,0,1,,,,,,,64,1,1,0011100000001100100000000000000010000000000000000000000001100000
233311,6,4/5,pinned,0,,,,,,,,64,1,,0000000000000000000000000000000000000000000000000000000000000000
233311,6,1/1,remined,0,1,,,,,,,64,1,1,0011100000001100100000000000000010000000000000000000000000000000
233311,6,1/1,pinned,0,,,,,,,,64,1,,0000000000000000000000000000000000000000000000000000000000000000
233312,6,1/2,remined,1,1,2,2,1,1,0,0,64,1,1,0011100111101111111111111011010011111111111111111111111111111111
233312,6,1/2,pinned,1,3,4,4,1,1,0,0,64,1,3,0000000000000000000000000000000010000000001101001000111111111111
233312,6,2/3,remined,1,1,3,3,1,0,0,0,64,1,1,0011100000001100100000111011010011111111111101001000111111000011
233312,6,2/3,pinned,1,5,5,5,1,1,0,0,64,1,5,0000000000000000000000000000000000000000000000000000000001000011
233312,6,3/4,remined,0,1,,,,,,,64,1,1,0011100000001100100000000000000010000000001101001000111111000010
233312,6,3/4,pinned,0,,,,,,,,64,1,,0000000000000000000000000000000000000000000000000000000000000000
233312,6,4/5,remined,0,1,,,,,,,64,1,1,0011100000001100100000000000000010000000000000000000000001000010
233312,6,4/5,pinned,0,,,,,,,,64,1,,0000000000000000000000000000000000000000000000000000000000000000
233312,6,1/1,remined,0,1,,,,,,,64,1,1,0011100000001100100000000000000010000000000000000000000000000000
233312,6,1/1,pinned,0,,,,,,,,64,1,,0000000000000000000000000000000000000000000000000000000000000000
233313,6,1/2,remined,1,1,1,1,1,1,0,0,64,1,1,0011101111111111111111111111111111111111111111111111111111111111
233313,6,1/2,pinned,1,3,3,3,1,1,0,0,64,1,3,0000000000000000000000000000000010101001001111111111111111111111
233313,6,2/3,remined,1,1,1,1,1,1,0,0,64,1,1,0011101000001101101010111111111111111111111111111111111111111111
233313,6,2/3,pinned,1,4,4,4,1,1,0,0,64,1,4,0000000000000000000000000000000000000000000000000000010001111111
233313,6,3/4,remined,1,1,2,1,0,1,0,0,64,1,1,0011101000001101101010000000000010101001001111111111111111111111
233313,6,3/4,pinned,1,6,6,6,1,1,1,1,64,1,6,0000000000000000000000000000000000000000000000000000000000000001
233313,6,4/5,remined,1,1,3,1,0,1,0,0,64,1,1,0011101000001101101010000000000010101001000000000000010001111111
233313,6,4/5,pinned,1,6,6,6,1,1,1,1,64,1,6,0000000000000000000000000000000000000000000000000000000000000001
233313,6,1/1,remined,0,1,,,,,,,64,1,1,0011101000001101101010000000000010101001000000000000010000000000
233313,6,1/1,pinned,0,,,,,,,,64,1,,0000000000000000000000000000000000000000000000000000000000000000
233321,6,1/2,remined,1,1,2,2,1,1,0,0,64,1,1,0011100111011111111111110110101011111111111111111111111111111111
233321,6,1/2,pinned,1,3,4,4,1,1,0,0,64,1,3,0000000000000000000000000000000010000000001010100100111111111111
233321,6,2/3,remined,1,1,3,3,1,0,0,0,64,1,1,0011100000001100100000110110101011111111111010100100111110100011
233321,6,2/3,pinned,1,5,5,5,1,1,0,0,64,1,5,0000000000000000000000000000000000000000000000000000000000100011
233321,6,3/4,remined,0,1,,,,,,,64,1,1,0011100000001100100000000000000010000000001010100100111110100010
233321,6,3/4,pinned,0,,,,,,,,64,1,,0000000000000000000000000000000000000000000000000000000000000000
233321,6,4/5,remined,0,1,,,,,,,64,1,1,0011100000001100100000000000000010000000000000000000000000100010
233321,6,4/5,pinned,0,,,,,,,,64,1,,0000000000000000000000000000000000000000000000000000000000000000
233321,6,1/1,remined,0,1,,,,,,,64,1,1,0011100000001100100000000000000010000000000000000000000000000000
233321,6,1/1,pinned,0,,,,,,,,64,1,,0000000000000000000000000000000000000000000000000000000000000000
233322,6,1/2,remined,1,1,2,1,0,1,0,0,64,1,1,0011100111001111111110110010000011111011001111101100111111100011
233322,6,1/2,pinned,1,3,3,3,1,1,0,0,64,1,3,0000000000000000000000000000000010000000001000000000110001100011
233322,6,2/3,remined,0,1,,,,,,,64,1,1,0011100000001100100000110010000011111011001000000000110000000000
233322,6,2/3,pinned,0,,,,,,,,64,1,,0000000000000000000000000000000000000000000000000000000000000000
233322,6,3/4,remined,0,1,,,,,,,64,1,1,0011100000001100100000000000000010000000001000000000110000000000
233322,6,3/4,pinned,0,,,,,,,,64,1,,0000000000000000000000000000000000000000000000000000000000000000
233322,6,4/5,remined,0,1,,,,,,,64,1,1,0011100000001100100000000000000010000000000000000000000000000000
233322,6,4/5,pinned,0,,,,,,,,64,1,,0000000000000000000000000000000000000000000000000000000000000000
233322,6,1/1,remined,0,1,,,,,,,64,1,1,0011100000001100100000000000000010000000000000000000000000000000
233322,6,1/1,pinned,0,,,,,,,,64,1,,0000000000000000000000000000000000000000000000000000000000000000
233323,6,1/2,remined,1,1,1,1,1,1,0,0,64,1,1,0011101111011111111111110110101011111111111111111111111111111111
233323,6,1/2,pinned,1,3,3,3,1,1,0,0,64,1,3,0000000000000000000000000000000010101001001010100100111111111111
233323,6,2/3,remined,1,1,1,1,1,1,0,0,64,1,1,0011101000001101101010110110101011111111111010100100111110100011
233323,6,2/3,pinned,1,4,4,4,1,1,0,0,64,1,4,0000000000000000000000000000000000000000000000000000010000100011
233323,6,3/4,remined,0,1,,,,,,,64,1,1,0011101000001101101010000000000010101001001010100100111110100010
233323,6,3/4,pinned,0,,,,,,,,64,1,,0000000000000000000000000000000000000000000000000000000000000000
233323,6,4/5,remined,0,1,,,,,,,64,1,1,0011101000001101101010000000000010101001000000000000010000100010
233323,6,4/5,pinned,0,,,,,,,,64,1,,0000000000000000000000000000000000000000000000000000000000000000
233323,6,1/1,remined,0,1,,,,,,,64,1,1,0011101000001101101010000000000010101001000000000000010000000000
233323,6,1/1,pinned,0,,,,,,,,64,1,,0000000000000000000000000000000000000000000000000000000000000000
233331,6,1/2,remined,1,1,1,1,1,1,0,0,64,1,1,0011110111111111111111111111111111111111111111111111111111111111
233331,6,1/2,pinned,1,3,3,3,1,1,0,0,64,1,3,0000000000000000000000000000000011010010001111111111111111111111
233331,6,2/3,remined,1,1,2,1,0,1,0,0,64,1,1,0011110000001110110100111111111111111111111111111111111111111111
233331,6,2/3,pinned,1,4,4,4,1,1,0,0,64,1,4,0000000000000000000000000000000000000000000000000000100001111111
233331,6,3/4,remined,1,1,3,1,0,1,0,0,64,1,1,0011110000001110110100000000000011010010001111111111111111111111
233331,6,3/4,pinned,1,6,6,6,1,1,1,1,64,1,6,0000000000000000000000000000000000000000000000000000000000000001
233331,6,4/5,remined,1,1,4,1,0,1,0,0,64,1,1,0011110000001110110100000000000011010010000000000000100001111111
233331,6,4/5,pinned,1,6,6,6,1,1,1,1,64,1,6,0000000000000000000000000000000000000000000000000000000000000001
233331,6,1/1,remined,0,1,,,,,,,64,1,1,0011110000001110110100000000000011010010000000000000100000000000
233331,6,1/1,pinned,0,,,,,,,,64,1,,0000000000000000000000000000000000000000000000000000000000000000
233332,6,1/2,remined,1,1,1,1,1,1,0,0,64,1,1,0011110111101111111111111011010011111111111111111111111111111111
233332,6,1/2,pinned,1,3,3,3,1,1,0,0,64,1,3,0000000000000000000000000000000011010010001101001000111111111111
233332,6,2/3,remined,1,1,2,1,0,1,0,0,64,1,1,0011110000001110110100111011010011111111111101001000111111000011
233332,6,2/3,pinned,1,4,4,4,1,1,0,0,64,1,4,0000000000000000000000000000000000000000000000000000100001000011
233332,6,3/4,remined,0,1,,,,,,,64,1,1,0011110000001110110100000000000011010010001101001000111111000010
233332,6,3/4,pinned,0,,,,,,,,64,1,,0000000000000000000000000000000000000000000000000000000000000000
233332,6,4/5,remined,0,1,,,,,,,64,1,1,0011110000001110110100000000000011010010000000000000100001000010
233332,6,4/5,pinned,0,,,,,,,,64,1,,0000000000000000000000000000000000000000000000000000000000000000
233332,6,1/1,remined,0,1,,,,,,,64,1,1,0011110000001110110100000000000011010010000000000000100000000000
233332,6,1/1,pinned,0,,,,,,,,64,1,,0000000000000000000000000000000000000000000000000000000000000000
233333,6,1/2,remined,1,1,1,1,1,1,0,0,64,1,1,0011111111111111111111111111111111111111111111111111111111111111
233333,6,1/2,pinned,1,3,3,3,1,1,0,0,64,1,3,0000000000000000000000000000000011111111111111111111111111111111
233333,6,2/3,remined,1,1,1,1,1,1,0,0,64,1,1,0011111000001111111111111111111111111111111111111111111111111111
233333,6,2/3,pinned,1,4,4,4,1,1,0,0,64,1,4,0000000000000000000000000000000000000000000000000000111111111111
233333,6,3/4,remined,1,1,1,1,1,1,0,0,64,1,1,0011111000001111111111000000000011111111111111111111111111111111
233333,6,3/4,pinned,1,5,5,5,1,1,0,0,64,1,5,0000000000000000000000000000000000000000000000000000000000000011
233333,6,4/5,remined,1,1,1,1,1,1,0,0,64,1,1,0011111000001111111111000000000011111111110000000000111111111111
233333,6,4/5,pinned,1,5,5,5,1,1,0,0,64,1,5,0000000000000000000000000000000000000000000000000000000000000011
233333,6,1/1,remined,0,1,,,,,,,64,1,1,0011111000001111111111000000000011111111110000000000111110000010
233333,6,1/1,pinned,0,,,,,,,,64,1,,0000000000000000000000000000000000000000000000000000000000000000
311111,6,1/2,remined,0,1,,,,,,,64,1,1,0100000111110000000000000000000000000000000000000000000000000000
311111,6,1/2,pinned,0,,,,,,,,64,1,,0000000000000000000000000000000000000000000000000000000000000000
311111,6,2/3,remined,0,1,,,,,,,64,1,1,0100000000000000000000000000000000000000000000000000000000000000
311111,6,2/3,pinned,0,,,,,,,,64,1,,0000000000000000000000000000000000000000000000000000000000000000
311111,6,3/4,remined,0,1,,,,,,,64,1,1,0100000000000000000000000000000000000000000000000000000000000000
311111,6,3/4,pinned,0,,,,,,,,64,1,,0000000000000000000000000000000000000000000000000000000000000000
311111,6,4/5,remined,0,1,,,,,,,64,1,1,0100000000000000000000000000000000000000000000000000000000000000
311111,6,4/5,pinned,0,,,,,,,,64,1,,0000000000000000000000000000000000000000000000000000000000000000
311111,6,1/1,remined,0,1,,,,,,,64,1,1,0100000000000000000000000000000000000000000000000000000000000000
311111,6,1/1,pinned,0,,,,,,,,64,1,,0000000000000000000000000000000000000000000000000000000000000000
311112,6,1/2,remined,0,1,,,,,,,64,1,1,0100000111110001001011000100101100000000000010110111000000000000
311112,6,1/2,pinned,0,,,,,,,,64,1,,0000000000000000000000000000000000000000000000000000000000000000
311112,6,2/3,remined,0,1,,,,,,,64,1,1,0100000000000000000000000100101100000000000000000000000000000000
311112,6,2/3,pinned,0,,,,,,,,64,1,,0000000000000000000000000000000000000000000000000000000000000000
311112,6,3/4,remined,0,1,,,,,,,64,1,1,0100000000000000000000000000000000000000000000000000000000000000
311112,6,3/4,pinned,0,,,,,,,,64,1,,0000000000000000000000000000000000000000000000000000000000000000
311112,6,4/5,remined,0,1,,,,,,,64,1,1,0100000000000000000000000000000000000000000000000000000000000000
311112,6,4/5,pinned,0,,,,,,,,64,1,,0000000000000000000000000000000000000000000000000000000000000000
311112,6,1/1,remined,0,1,,,,,,,64,1,1,0100000000000000000000000000000000000000000000000000000000000000
311112,6,1/1,pinned,0,,,,,,,,64,1,,0000000000000000000000000000000000000000000000000000000000000000
311113,6,1/2,remined,0,1,,,,,,,64,1,1,0100001111110001001011000100101100000000000010110111000000000000
311113,6,1/2,pinned,0,,,,,,,,64,1,,0000000000000000000000000000000000000000000000000000000000000000
311113,6,2/3,remined,0,1,,,,,,,64,1,1,0100001000010000000000000100101100000000000000000000000000000000
311113,6,2/3,pinned,0,,,,,,,,64,1,,0000000000000000000000000000000000000000000000000000000000000000
311113,6,3/4,remined,0,1,,,,,,,64,1,1,0100001000010000000000000000000000000000000000000000000000000000
311113,6,3/4,pinned,0,,,,,,,,64,1,,0000000000000000000000000000000000000000000000000000000000000000
311113,6,4/5,remined,0,1,,,,,,,64,1,1,0100001000010000000000000000000000000000000000000000000000000000
311113,6,4/5,pinned,0,,,,,,,,64,1,,0000000000000000000000000000000000000000000000000000000000000000
311113,6,1/1,remined,0,1,,,,,,,64,1,1,0100001000010000000000000000000000000000000000000000000000000000
311113,6,1/1,pinned,0,,,,,,,,64,1,,0000000000000000000000000000000000000000000000000000000000000000
311121,6,1/2,remined,0,1,,,,,,,64,1,1,0100000111110010010101001001010100000000000101011011000000000000
311121,6,1/2,pinned,0,,,,,,,,64,1,,0000000000000000000000000000000000000000000000000000000000000000
311121,6,2/3,remined,0,1,,,,,,,64,1,1,0100000000000000000000001001010100000000000000000000000000000000
311121,6,2/3,pinned,0,,,,,,,,64,1,,0000000000000000000000000000000000000000000000000000000000000000
311121,6,3/4,remined,0,1,,,,,,,64,1,1,0100000000000000000000000000000000000000000000000000000000000000
311121,6,3/4,pinned,0,,,,,,,,64,1,,0000000000000000000000000000000000000000000000000000000000000000
311121,6,4/5,remined,0,1,,,,,,,64,1,1,0100000000000000000000000000000000000000000000000000000000000000
311121,6,4/5,pinned,0,,,,,,,,64,1,,0000000000000000000000000000000000000000000000000000000000000000
311121,6,1/1,remined,0,1,,,,,,,64,1,1,0100000000000000000000000000000000000000000000000000000000000000
311121,6,1/1,pinned,0,,,,,,,,64,1,,0000000000000000000000000000000000000000000000000000000000000000
311122,6,1/2,remined,1,1,2,1,0,1,0,0,64,1,1,0100000111110011011110001101111000000000000111111111001110011101
311122,6,1/2,pinned,1,5,5,5,1,1,0,0,64,1,5,0000000000000000000000000000000000000000000000000000000000011101
311122,6,2/3,remined,0,1,,,,,,,64,1,1,0100000000000000000000001101111000000000000000000000000000000000
311122,6,2/3,pinned,0,,,,,,,,64,1,,0000000000000000000000000000000000000000000000000000000000000000
311122,6,3/4,remined,0,1,,,,,,,64,1,1,0100000000000000000000000000000000000000000000000000000000000000
311122,6,3/4,pinned,0,,,,,,,,64,1,,0000000000000000000000000000000000000000000000000000000000000000
311122,6,4/5,remined,0,1,,,,,,,64,1,1,0100000000000000000000000000000000000000000000000000000000000000
311122,6,4/5,pinned,0,,,,,,,,64,1,,0000000000000000000000000000000000000000000000000000000000000000
311122,6,1/1,remined,0,1,,,,,,,64,1,1,0100000000000000000000000000000000000000000000000000000000000000
311122,6,1/1,pinned,0,,,,,,,,64,1,,0000000000000000000000000000000000000000000000000000000000000000
311123,6,1/2,remined,1,1,1,1,1,1,0,0,64,1,1,0100001111110011011111001101111100000100110111111111001110011101
311123,6,1/2,pinned,1,4,4,4,1,1,0,0,64,1,4,0000000000000000000000000000000000000000000000010011000000011101
311123,6,2/3,remined,0,1,,,,,,,64,1,1,0100001000010000000000001101111100000100110000010011000000000000
311123,6,2/3,pinned,0,,,,,,,,64,1,,0000000000000000000000000000000000000000000000000000000000000000
311123,6,3/4,remined,0,1,,,,,,,64,1,1,0100001000010000000000000000000000000000000000010011000000000000
311123,6,3/4,pinned,0,,,,,,,,64,1,,0000000000000000000000000000000000000000000000000000000000000000
311123,6,4/5,remined,0,1,,,,,,,64,1,1,0100001000010000000000000000000000000000000000000000000000000000
311123,6,4/5,pinned,0,,,,,,,,64,1,,0000000000000000000000000000000000000000000000000000000000000000
311123,6,1/1,remined,0,1,,,,,,,64,1,1,0100001000010000000000000000000000000000000000000000000000000000
311123,6,1/1,pinned,0,,,,,,,,64,1,,0000000000000000000000000000000000000000000000000000000000000000
311131,6,1/2,remined,0,1,,,,,,,64,1,1,0100010111110010010101001001010100000000000101011011000000000000
311131,6,1/2,pinned,0,,,,,,,,64,1,,0000000000000000000000000000000000000000000000000000000000000000
311131,6,2/3,remined,0,1,,,,,,,64,1,1,0100010000100000000000001001010100000000000000000000000000000000
311131,6,2/3,pinned,0,,,,,,,,64,1,,0000000000000000000000000000000000000000000000000000000000000000
311131,6,3/4,remined,0,1,,,,,,,64,1,1,0100010000100000000000000000000000000000000000000000000000000000
311131,6,3/4,pinned,0,,,,,,,,64,1,,0000000000000000000000000000000000000000000000000000000000000000
311131,6,4/5,remined,0,1,,,,,,,64,1,1,0100010000100000000000000000000000000000000000000000000000000000
311131,6,4/5,pinned,0,,,,,,,,64,1,,0000000000000000000000000000000000000000000000000000000000000000
311131,6,1/1,remined,0,1,,,,,,,64,1,1,0100010000100000000000000000000000000000000000000000000000000000
311131,6,1/1,pinned,0,,,,,,,,64,1,,0000000000000000000000000000000000000000000000000000000000000000
311132,6,1/2,remined,1,1,1,1,1,1,0,0,64,1,1,0100010111110011011111001101111100000100110111111111001110011101
311132,6,1/2,pinned,1,4,4,4,1,1,0,0,64,1,4,0000000000000000000000000000000000000000000000010011000000011101
311132,6,2/3,remined,0,1,,,,,,,64,1,1,0100010000100000000000001101111100000100110000010011000000000000
311132,6,2/3,pinned,0,,,,,,,,64,1,,0000000000000000000000000000000000000000000000000000000000000000
311132,6,3/4,remined,0,1,,,,,,,64,1,1,0100010000100000000000000000000000000000000000010011000000000000
311132,6,3/4,pinned,0,,,,,,,,64,1,,0000000000000000000000000000000000000000000000000000000000000000
311132,6,4/5,remined,0,1,,,,,,,64,1,1,0100010000100000000000000000000000000000000000000000000000000000
311132,6,4/5,pinned,0,,,,,,,,64,1,,0000000000000000000000000000000000000000000000000000000000000000
311132,6,1/1,remined,0,1,,,,,,,64,1,1,0100010000100000000000000000000000000000000000000000000000000000
311132,6,1/1,pinned,0,,,,,,,,64,1,,0000000000000000000000000000000000000000000000000000000000000000
311133,6,1/2,remined,1,1,1,1,1,1,0,0,64,1,1,0100011111110011011111001101111100000100110111111111001110011101
311133,6,1/2,pinned,1,3,3,3,1,1,0,0,64,1,3,0000000000000000000000000000000100000000000000010011000000011101
311133,6,2/3,remined,0,1,,,,,,,64,1,1,0100011000110000000001001101111100000100110000010011000000000000
311133,6,2/3,pinned,0,,,,,,,,64,1,,0000000000000000000000000000000000000000000000000000000000000000
311133,6,3/4,remined,0,1,,,,,,,64,1,1,0100011000110000000001000000000100000000000000010011000000000000
311133,6,3/4,pinned,0,,,,,,,,64,1,,0000000000000000000000000000000000000000000000000000000000000000
311133,6,4/5,remined,0,1,,,,,,,64,1,1,0100011000110000000001000000000100000000000000000000000000000000
311133,6,4/5,pinned,0,,,,,,,,64,1,,0000000000000000000000000000000000000000000000000000000000000000
311133,6,1/1,remined,0,1,,,,,,,64,1,1,0100011000110000000001000000000100000000000000000000000000000000
311133,6,1/1,pinned,0,,,,,,,,64,1,,0000000000000000000000000000000000000000000000000000000000000000
311211,6,1/2,remined,0,1,,,,,,,64,1,1,0100000111110100100110010010011000000000001001101101000000000000
311211,6,1/2,pinned,0,,,,,,,,64,1,,0000000000000000000000000000000000000000000000000000000000000000
311211,6,2/3,remined,0,1,,,,,,,64,1,1,0100000000000000000000010010011000000000000000000000000000000000
311211,6,2/3,pinned,0,,,,,,,,64,1,,0000000000000000000000000000000000000000000000000000000000000000
311211,6,3/4,remined,0,1,,,,,,,64,1,1,0100000000000000000000000000000000000000000000000000000000000000
311211,6,3/4,pinned,0,,,,,,,,64,1,,0000000000000000000000000000000000000000000000000000000000000000
311211,6,4/5,remined,0,1,,,,,,,64,1,1,0100000000000000000000000000000000000000000000000000000000000000
311211,6,4/5,pinned,0,,,,,,,,64,1,,0000000000000000000000000000000000000000000000000000000000000000
311211,6,1/1,remined,0,1,,,,,,,64,1,1,0100000000000000000000000000000000000000000000000000000000000000
311211,6,1/1,pinned,0,,,,,,,,64,1,,0000000000000000000000000000000000000000000000000000000000000000
311212,6,1/2,remined,1,1,1,1,1,1,0,0,64,1,1,0100000111110101101101010110110100000000001011111111010110101101
311212,6,1/2,pinned,1,5,5,5,1,1,0,0,64,1,5,0000000000000000000000000000000000000000000000000000000000101101
311212,6,2/3,remined,0,1,,,,,,,64,1,1,0100000000000000000000010110110100000000000000000000000000000000
311212,6,2/3,pinned,0,,,,,,,,64,1,,0000000000000000000000000000000000000000000000000000000000000000
311212,6,3/4,remined,0,1,,,,,,,64,1,1,0100000000000000000000000000000000000000000000000000000000000000
311212,6,3/4,pinned,0,,,,,,,,64,1,,0000000000000000000000000000000000000000000000000000000000000000
311212,6,4/5,remined,0,1,,,,,,,64,1,1,0100000000000000000000000000000000000000000000000000000000000000
311212,6,4/5,pinned,0,,,,,,,,64,1,,0000000000000000000000000000000000000000000000000000000000000000
311212,6,1/1,remined,0,1,,,,,,,64,1,1,0100000000000000000000000000000000000000000000000000000000000000
311212,6,1/1,pinned,0,,,,,,,,64,1,,0000000000000000000000000000000000000000000000000000000000000000
311213,6,1/2,remined,1,1,1,1,1,1,0,0,64,1,1,0100001111110101101111010110111100001001011011111111010110101101
311213,6,1/2,pinned,1,4,4,4,1,1,0,0,64,1,4,0000000000000000000000000000000000000000000000100101000000101101
311213,6,2/3,remined,0,1,,,,,,,64,1,1,0100001000010000000000010110111100001001010000100101000000000000
311213,6,2/3,pinned,0,,,,,,,,64,1,,0000000000000000000000000000000000000000000000000000000000000000
311213,6,3/4,remined,0,1,,,,,,,64,1,1,0100001000010000000000000000000000000000000000100101000000000000
311213,6,3/4,pinned,0,,,,,,,,64,1,,0000000000000000000000000000000000000000000000000000000000000000
311213,6,4/5,remined,0,1,,,,,,,64,1,1,0100001000010000000000000000000000000000000000000000000000000000
311213,6,4/5,pinned,0,,,,,,,,64,1,,0000000000000000000000000000000000000000000000000000000000000000
311213,6,1/1,remined,0,1,,,,,,,64,1,1,0100001000010000000000000000000000000000000000000000000000000000
311213,6,1/1,pinned,0,,,,,,,,64,1,,0000000000000000000000000000000000000000000000000000000000000000
311221,6,1/2,remined,1,1,1,1,1,1,0,0,64,1,1,0100000111110110110011011011001100000000001101111111100111001101
311221,6,1/2,pinned,1,5,5,5,1,1,0,0,64,1,5,0000000000000000000000000000000000000000000000000000000001001101
311221,6,2/3,remined,0,1,,,,,,,64,1,1,0100000000000000000000011011001100000000000000000000000000000000
311221,6,2/3,pinned,0,,,,,,,,64,1,,0000000000000000000000000000000000000000000000000000000000000000
311221,6,3/4,remined,0,1,,,,,,,64,1,1,0100000000000000000000000000000000000000000000000000000000000000
311221,6,3/4,pinned,0,,,,,,,,64,1,,0000000000000000000000000000000000000000000000000000000000000000
311221,6,4/5,remined,0,1,,,,,,,64,1,1,0100000000000000000000000000000000000000000000000000000000000000
311221,6,4/5,pinned,0,,,,,,,,64,1,,0000000000000000000000000000000000000000000000000000000000000000
311221,6,1/1,remined,0,1,,,,,,,64,1,1,0100000000000000000000000000000000000000000000000000000000000000
311221,6,1/1,pinned,0,,,,,,,,64,1,,0000000000000000000000000000000000000000000000000000000000000000
311222,6,1/2,remined,1,1,4,1,0,1,0,0,64,1,1,0100000111110111111000011111100000000000001111111110111001110001
311222,6,1/2,pinned,1,5,5,5,1,1,0,0,64,1,5,0000000000000000000000000000000000000000000000000000000001110001
311222,6,2/3,remined,0,1,,,,,,,64,1,1,0100000000000000000000011111100000000000000000000000000000000000
311222,6,2/3,pinned,0,,,,,,,,64,1,,0000000000000000000000000000000000000000000000000000000000000000
311222,6,3/4,remined,0,1,,,,,,,64,1,1,0100000000000000000000000000000000000000000000000000000000000000
311222,6,3/4,pinned,0,,,,,,,,64,1,,0000000000000000000000000000000000000000000000000000000000000000
311222,6,4/5,remined,0,1,,,,,,,64,1,1,0100000000000000000000000000000000000000000000000000000000000000
311222,6,4/5,pinned,0,,,,,,,,64,1,,0000000000000000000000000000000000000000000000000000000000000000
311222,6,1/1,remined,0,1,,,,,,,64,1,1,0100000000000000000000000000000000000000000000000000000000000000
311222,6,1/1,pinned,0,,,,,,,,64,1,,0000000000000000000000000000000000000000000000000000000000000000
311223,6,1/2,remined,1,1,2,1,0,1,0,0,64,1,1,0100001111110111111011011111101100001101101111111111111111111111
311223,6,1/2,pinned,1,4,5,5,1,1,0,0,64,1,4,0000000000000000000000000000000000000000000000110110000001111111
311223,6,2/3,remined,1,1,6,6,1,0,1,0,64,1,1,0100001000010000000000011111101100001101100000110110000000000001
311223,6,2/3,pinned,1,6,6,6,1,1,1,1,64,1,6,0000000000000000000000000000000000000000000000000000000000000001
311223,6,3/4,remined,0,1,,,,,,,64,1,1,0100001000010000000000000000000000000000000000110110000000000000
311223,6,3/4,pinned,0,,,,,,,,64,1,,0000000000000000000000000000000000000000000000000000000000000000
311223,6,4/5,remined,0,1,,,,,,,64,1,1,0100001000010000000000000000000000000000000000000000000000000000
311223,6,4/5,pinned,0,,,,,,,,64,1,,0000000000000000000000000000000000000000000000000000000000000000
311223,6,1/1,remined,0,1,,,,,,,64,1,1,0100001000010000000000000000000000000000000000000000000000000000
311223,6,1/1,pinned,0,,,,,,,,64,1,,0000000000000000000000000000000000000000000000000000000000000000
311231,6,1/2,remined,1,1,1,1,1,1,0,0,64,1,1,0100010111110110110111011011011100010010011101111111100111001101
311231,6,1/2,pinned,1,4,4,4,1,1,0,0,64,1,4,0000000000000000000000000000000000000000000001001001000001001101
311231,6,2/3,remined,0,1,,,,,,,64,1,1,0100010000100000000000011011011100010010010001001001000000000000
311231,6,2/3,pinned,0,,,,,,,,64,1,,0000000000000000000000000000000000000000000000000000000000000000
311231,6,3/4,remined,0,1,,,,,,,64,1,1,0100010000100000000000000000000000000000000001001001000000000000
311231,6,3/4,pinned,0,,,,,,,,64,1,,0000000000000000000000000000000000000000000000000000000000000000
311231,6,4/5,remined,0,1,,,,,,,64,1,1,0100010000100000000000000000000000000000000000000000000000000000
311231,6,4/5,pinned,0,,,,,,,,64,1,,0000000000000000000000000000000000000000000000000000000000000000
311231,6,1/1,remined,0,1,,,,,,,64,1,1,0100010000100000000000000000000000000000000000000000000000000000
311231,6,1/1,pinned,0,,,,,,,,64,1,,0000000000000000000000000000000000000000000000000000000000000000
311232,6,1/2,remined,1,1,2,2,1,1,0,0,64,1,1,0100010111110111111101011111110100010110101111111111111111111111
311232,6,1/2,pinned,1,4,5,5,1,1,0,0,64,1,4,0000000000000000000000000000000000000000000001011010000001111111
311232,6,2/3,remined,1,1,6,6,1,0,1,0,64,1,1,0100010000100000000000011111110100010110100001011010000000000001
311232,6,2/3,pinned,1,6,6,6,1,1,1,1,64,1,6,0000000000000000000000000000000000000000000000000000000000000001
311232,6,3/4,remined,0,1,,,,,,,64,1,1,0100010000100000000000000000000000000000000001011010000000000000
311232,6,3/4,pinned,0,,,,,,,,64,1,,0000000000000000000000000000000000000000000000000000000000000000
311232,6,4/5,remined,0,1,,,,,,,64,1,1,0100010000100000000000000000000000000000000000000000000000000000
311232,6,4/5,pinned,0,,,,,,,,64,1,,0000000000000000000000000000000000000000000000000000000000000000
311232,6,1/1,remined,0,1,,,,,,,64,1,1,0100010000100000000000000000000000000000000000000000000000000000
311232,6,1/1,pinned,0,,,,,,,,64,1,,0000000000000000000000000000000000000000000000000000000000000000
311233,6,1/2,remined,1,1,1,1,1,1,0,0,64,1,1,0100011111110111111111011111111100011111111111111111111111111111
311233,6,1/2,pinned,1,3,4,4,1,1,0,0,64,1,3,0000000000000000000000000000000100000000000001111111000111111111
311233,6,2/3,remined,1,1,1,1,1,1,0,0,64,1,1,0100011000110000000001011111111100011111110001111111000110001101
311233,6,2/3,pinned,1,5,5,5,1,1,0,0,64,1,5,0000000000000000000000000000000000000000000000000000000000001101
311233,6,3/4,remined,0,1,,,,,,,64,1,1,0100011000110000000001000000000100000000000001111111000110001100
311233,6,3/4,pinned,0,,,,,,,,64,1,,0000000000000000000000000000000000000000000000000000000000000000
311233,6,4/5,remined,0,1,,,,,,,64,1,1,0100011000110000000001000000000100000000000000000000000000001100
311233,6,4/5,pinned,0,,,,,,,,64,1,,0000000000000000000000000000000000000000000000000000000000000000
311233,6,1/1,remined,0,1,,,,,,,64,1,1,0100011000110000000001000000000100000000000000000000000000000000
311233,6,1/1,pinned,0,,,,,,,,64,1,,0000000000000000000000000000000000000000000000000000000000000000
311311,6,1/2,remined,0,1,,,,,,,64,1,1,0100100111110100100110010010011000000000001001101101000000000000
311311,6,1/2,pinned,0,,,,,,,,64,1,,0000000000000000000000000000000000000000000000000000000000000000
311311,6,2/3,remined,0,1,,,,,,,64,1,1,0100100001000000000000010010011000000000000000000000000000000000
311311,6,2/3,pinned,0,,,,,,,,64,1,,0000000000000000000000000000000000000000000000000000000000000000
311311,6,3/4,remined,0,1,,,,,,,64,1,1,0100100001000000000000000000000000000000000000000000000000000000
311311,6,3/4,pinned,0,,,,,,,,64,1,,0000000000000000000000000000000000000000000000000000000000000000
311311,6,4/5,remined,0,1,,,,,,,64,1,1,0100100001000000000000000000000000000000000000000000000000000000
311311,6,4/5,pinned,0,,,,,,,,64,1,,0000000000000000000000000000000000000000000000000000000000000000
311311,6,1/1,remined,0,1,,,,,,,64,1,1,0100100001000000000000000000000000000000000000000000000000000000
311311,6,1/1,pinned,0,,,,,,,,64,1,,0000000000000000000000000000000000000000000000000000000000000000
311312,6,1/2,remined,1,1,1,1,1,1,0,0,64,1,1,0100100111110101101111010110111100001001011011111111010110101101
311312,6,1/2,pinned,1,4,4,4,1,1,0,0,64,1,4,0000000000000000000000000000000000000000000000100101000000101101
311312,6,2/3,remined,0,1,,,,,,,64,1,1,0100100001000000000000010110111100001001010000100101000000000000
311312,6,2/3,pinned,0,,,,,,,,64,1,,0000000000000000000000000000000000000000000000000000000000000000
311312,6,3/4,remined,0,1,,,,,,,64,1,1,0100100001000000000000000000000000000000000000100101000000000000
311312,6,3/4,pinned,0,,,,,,,,64,1,,0000000000000000000000000000000000000000000000000000000000000000
311312,6,4/5,remined,0,1,,,,,,,64,1,1,0100100001000000000000000000000000000000000000000000000000000000
311312,6,4/5,pinned,0,,,,,,,,64,1,,0000000000000000000000000000000000000000000000000000000000000000
311312,6,1/1,remined,0,1,,,,,,,64,1,1,0100100001000000000000000000000000000000000000000000000000000000
311312,6,1/1,pinned,0,,,,,,,,64,1,,0000000000000000000000000000000000000000000000000000000000000000
311313,6,1/2,remined,1,1,1,1,1,1,0,0,64,1,1,0100101111110101101111010110111100001001011011111111010110101101
311313,6,1/2,pinned,1,3,3,3,1,1,0,0,64,1,3,0000000000000000000000000000001000000000000000100101000000101101
311313,6,2/3,remined,0,1,,,,,,,64,1,1,0100101001010000000010010110111100001001010000100101000000000000
311313,6,2/3,pinned,0,,,,,,,,64,1,,0000000000000000000000000000000000000000000000000000000000000000
311313,6,3/4,remined,0,1,,,,,,,64,1,1,0100101001010000000010000000001000000000000000100101000000000000
311313,6,3/4,pinned,0,,,,,,,,64,1,,0000000000000000000000000000000000000000000000000000000000000000
311313,6,4/5,remined,0,1,,,,,,,64,1,1,0100101001010000000010000000001000000000000000000000000000000000
311313,6,4/5,pinned,0,,,,,,,,64,1,,0000000000000000000000000000000000000000000000000000000000000000
311313,6,1/1,remined,0,1,,,,,,,64,1,1,0100101001010000000010000000001000000000000000000000000000000000
311313,6,1/1,pinned,0,,,,,,,,64,1,,0000000000000000000000000000000000000000000000000000000000000000
311321,6,1/2,remined,1,1,1,1,1,1,0,0,64,1,1,0100100111110110110111011011011100010010011101111111100111001101
311321,6,1/2,pinned,1,4,4,4,1,1,0,0,64,1,4,0000000000000000000000000000000000000000000001001001000001001101
311321,6,2/3,remined,0,1,,,,,,,64,1,1,0100100001000000000000011011011100010010010001001001000000000000
311321,6,2/3,pinned,0,,,,,,,,64,1,,0000000000000000000000000000000000000000000000000000000000000000
311321,6,3/4,remined,0,1,,,,,,,64,1,1,0100100001000000000000000000000000000000000001001001000000000000
311321,6,3/4,pinned,0,,,,,,,,64,1,,0000000000000000000000000000000000000000000000000000000000000000
311321,6,4/5,remined,0,1,,,,,,,64,1,1,0100100001000000000000000000000000000000000000000000000000000000
311321,6,4/5,pinned,0,,,,,,,,64,1,,0000000000000000000000000000000000000000000000000000000000000000
311321,6,1/1,remined,0,1,,,,,,,64,1,1,0100100001000000000000000000000000000000000000000000000000000000
311321,6,1/1,pinned,0,,,,,,,,64,1,,0000000000000000000000000000000000000000000000000000000000000000
311322,6,1/2,remined,1,1,2,1,0,1,0,0,64,1,1,0100100111110111111110011111111000011011001111111111111111111111
311322,6,1/2,pinned,1,4,5,5,1,1,0,0,64,1,4,0000000000000000000000000000000000000000000001101100000001111111
311322,6,2/3,remined,1,1,6,6,1,0,1,0,64,1,1,0100100001000000000000011111111000011011000001101100000000000001
311322,6,2/3,pinned,1,6,6,6,1,1,1,1,64,1,6,0000000000000000000000000000000000000000000000000000000000000001
311322,6,3/4,remined,0,1,,,,,,,64,1,1,0100100001000000000000000000000000000000000001101100000000000000
311322,6,3/4,pinned,0,,,,,,,,64,1,,0000000000000000000000000000000000000000000000000000000000000000
311322,6,4/5,remined,0,1,,,,,,,64,1,1,0100100001000000000000000000000000000000000000000000000000000000
311322,6,4/5,pinned,0,,,,,,,,64,1,,0000000000000000000000000000000000000000000000000000000000000000
311322,6,1/1,remined,0,1,,,,,,,64,1,1,0100100001000000000000000000000000000000000000000000000000000000
311322,6,1/1,pinned,0,,,,,,,,64,1,,0000000000000000000000000000000000000000000000000000000000000000
311323,6,1/2,remined,1,1,1,1,1,1,0,0,64,1,1,0100101111110111111111011111111100011111111111111111111111111111
311323,6,1/2,pinned,1,3,4,4,1,1,0,0,64,1,3,0000000000000000000000000000001000000000000001111111000111111111
311323,6,2/3,remined,1,1,1,1,1,1,0,0,64,1,1,0100101001010000000010011111111100011111110001111111000110001101
311323,6,2/3,pinned,1,5,5,5,1,1,0,0,64,1,5,0000000000000000000000000000000000000000000000000000000000001101
311323,6,3/4,remined,0,1,,,,,,,64,1,1,0100101001010000000010000000001000000000000001111111000110001100
311323,6,3/4,pinned,0,,,,,,,,64,1,,0000000000000000000000000000000000000000000000000000000000000000
311323,6,4/5,remined,0,1,,,,,,,64,1,1,0100101001010000000010000000001000000000000000000000000000001100
311323,6,4/5,pinned,0,,,,,,,,64,1,,0000000000000000000000000000000000000000000000000000000000000000
311323,6,1/1,remined,0,1,,,,,,,64,1,1,0100101001010000000010000000001000000000000000000000000000000000
311323,6,1/1,pinned,0,,,,,,,,64,1,,0000000000000000000000000000000000000000000000000000000000000000
311331,6,1/2,remined,1,1,1,1,1,1,0,0,64,1,1,0100110111110110110111011011011100010010011101111111100111001101
311331,6,1/2,pinned,1,3,3,3,1,1,0,0,64,1,3,0000000000000000000000000000010000000000000001001001000001001101
311331,6,2/3,remined,0,1,,,,,,,64,1,1,0100110001100000000100011011011100010010010001001001000000000000
311331,6,2/3,pinned,0,,,,,,,,64,1,,0000000000000000000000000000000000000000000000000000000000000000
311331,6,3/4,remined,0,1,,,,,,,64,1,1,0100110001100000000100000000010000000000000001001001000000000000
311331,6,3/4,pinned,0,,,,,,,,64,1,,0000000000000000000000000000000000000000000000000000000000000000
311331,6,4/5,remined,0,1,,,,,,,64,1,1,0100110001100000000100000000010000000000000000000000000000000000
311331,6,4/5,pinned,0,,,,,,,,64,1,,0000000000000000000000000000000000000000000000000000000000000000
311331,6,1/1,remined,0,1,,,,,,,64,1,1,0100110001100000000100000000010000000000000000000000000000000000
311331,6,1/1,pinned,0,,,,,,,,64,1,,0000000000000000000000000000000000000000000000000000000000000000
311332,6,1/2,remined,1,1,1,1,1,1,0,0,64,1,1,0100110111110111111111011111111100011111111111111111111111111111
311332,6,1/2,pinned,1,3,4,4,1,1,0,0,64,1,3,0000000000000000000000000000010000000000000001111111000111111111
311332,6,2/3,remined,1,1,2,1,0,1,0,0,64,1,1,0100110001100000000100011111111100011111110001111111000110001101
311332,6,2/3,pinned,1,5,5,5,1,1,0,0,64,1,5,0000000000000000000000000000000000000000000000000000000000001101
311332,6,3/4,remined,0,1,,,,,,,64,1,1,0100110001100000000100000000010000000000000001111111000110001100
311332,6,3/4,pinned,0,,,,,,,,64,1,,0000000000000000000000000000000000000000000000000000000000000000
311332,6,4/5,remined,0,1,,,,,,,64,1,1,0100110001100000000100000000010000000000000000000000000000001100
311332,6,4/5,pinned,0,,,,,,,,64,1,,0000000000000000000000000000000000000000000000000000000000000000
311332,6,1/1,remined,0,1,,,,,,,64,1,1,0100110001100000000100000000010000000000000000000000000000000000
311332,6,1/1,pinned,0,,,,,,,,64,1,,0000000000000000000000000000000000000000000000000000000000000000
311333,6,1/2,remined,1,1,1,1,1,1,0,0,64,1,1,0100111111110111111111011111111100011111111111111111111111111111
311333,6,1/2,pinned,1,3,3,3,1,1,0,0,64,1,3,0000000000000000000000000000011100000000010001111111000111111111
311333,6,2/3,remined,1,1,1,1,1,1,0,0,64,1,1,0100111001110000000111011111111100011111110001111111000110001101
311333,6,2/3,pinned,1,4,4,4,1,1,0,0,64,1,4,0000000000000000000000000000000000000000000000000001000000001101
311333,6,3/4,remined,0,1,,,,,,,64,1,1,0100111001110000000111000000011100000000010001111111000110001100
311333,6,3/4,pinned,0,,,,,,,,64,1,,0000000000000000000000000000000000000000000000000000000000000000
311333,6,4/5,remined,0,1,,,,,,,64,1,1,0100111001110000000111000000011100000000010000000001000000001100
311333,6,4/5,pinned,0,,,,,,,,64,1,,0000000000000000000000000000000000000000000000000000000000000000
311333,6,1/1,remined,0,1,,,,,,,64,1,1,0100111001110000000111000000011100000000010000000001000000000000
311333,6,1/1,pinned,0,,,,,,,,64,1,,0000000000000000000000000000000000000000000000000000000000000000
312111,6,1/2,remined,0,1,,,,,,,64,1,1,0100000111111000111000100011100000000000001110001110000000000000
312111,6,1/2,pinned,0,,,,,,,,64,1,,0000000000000000000000000000000000000000000000000000000000000000
312111,6,2/3,remined,0,1,,,,,,,64,1,1,0100000000000000000000100011100000000000000000000000000000000000
312111,6,2/3,pinned,0,,,,,,,,64,1,,0000000000000000000000000000000000000000000000000000000000000000
312111,6,3/4,remined,0,1,,,,,,,64,1,1,0100000000000000000000000000000000000000000000000000000000000000
312111,6,3/4,pinned,0,,,,,,,,64,1,,0000000000000000000000000000000000000000000000000000000000000000
312111,6,4/5,remined,0,1,,,,,,,64,1,1,0100000000000000000000000000000000000000000000000000000000000000
312111,6,4/5,pinned,0,,,,,,,,64,1,,0000000000000000000000000000000000000000000000000000000000000000
312111,6,1/1,remined,0,1,,,,,,,64,1,1,0100000000000000000000000000000000000000000000000000000000000000
312111,6,1/1,pinned,0,,,,,,,,64,1,,0000000000000000000000000000000000000000000000000000000000000000
312112,6,1/2,remined,1,1,1,1,1,1,0,0,64,1,1,0100000111111001110011100111001100000000001110111111011010110101
312112,6,1/2,pinned,1,5,5,5,1,1,0,0,64,1,5,0000000000000000000000000000000000000000000000000000000000110101
312112,6,2/3,remined,0,1,,,,,,,64,1,1,0100000000000000000000100111001100000000000000000000000000000000
312112,6,2/3,pinned,0,,,,,,,,64,1,,0000000000000000000000000000000000000000000000000000000000000000
312112,6,3/4,remined,0,1,,,,,,,64,1,1,0100000000000000000000000000000000000000000000000000000000000000
312112,6,3/4,pinned,0,,,,,,,,64,1,,0000000000000000000000000000000000000000000000000000000000000000
312112,6,4/5,remined,0,1,,,,,,,64,1,1,0100000000000000000000000000000000000000000000000000000000000000
312112,6,4/5,pinned,0,,,,,,,,64,1,,0000000000000000000000000000000000000000000000000000000000000000
312112,6,1/1,remined,0,1,,,,,,,64,1,1,0100000000000000000000000000000000000000000000000000000000000000
312112,6,1/1,pinned,0,,,,,,,,64,1,,0000000000000000000000000000000000000000000000000000000000000000
312113,6,1/2,remined,1,1,1,1,1,1,0,0,64,1,1,0100001111111001111011100111101100100001101110111111011010110101
312113,6,1/2,pinned,1,4,4,4,1,1,0,0,64,1,4,0000000000000000000000000000000000000000000010000110000000110101
312113,6,2/3,remined,0,1,,,,,,,64,1,1,0100001000010000000000100111101100100001100010000110000000000000
312113,6,2/3,pinned,0,,,,,,,,64,1,,0000000000000000000000000000000000000000000000000000000000000000
312113,6,3/4,remined,0,1,,,,,,,64,1,1,0100001000010000000000000000000000000000000010000110000000000000
312113,6,3/4,pinned,0,,,,,,,,64,1,,0000000000000000000000000000000000000000000000000000000000000000
312113,6,4/5,remined,0,1,,,,,,,64,1,1,0100001000010000000000000000000000000000000000000000000000000000
312113,6,4/5,pinned,0,,,,,,,,64,1,,0000000000000000000000000000000000000000000000000000000000000000
312113,6,1/1,remined,0,1,,,,,,,64,1,1,0100001000010000000000000000000000000000000000000000000000000000
312113,6,1/1,pinned,0,,,,,,,,64,1,,0000000000000000000000000000000000000000000000000000000000000000
312121,6,1/2,remined,1,1,1,1,1,1,0,0,64,1,1,0100000111111010101101101010110100000000001111011111101011010101
312121,6,1/2,pinned,1,5,5,5,1,1,0,0,64,1,5,0000000000000000000000000000000000000000000000000000000001010101
312121,6,2/3,remined,0,1,,,,,,,64,1,1,0100000000000000000000101010110100000000000000000000000000000000
312121,6,2/3,pinned,0,,,,,,,,64,1,,0000000000000000000000000000000000000000000000000000000000000000
312121,6,3/4,remined,0,1,,,,,,,64,1,1,0100000000000000000000000000000000000000000000000000000000000000
312121,6,3/4,pinned,0,,,,,,,,64,1,,0000000000000000000000000000000000000000000000000000000000000000
312121,6,4/5,remined,0,1,,,,,,,64,1,1,0100000000000000000000000000000000000000000000000000000000000000
312121,6,4/5,pinned,0,,,,,,,,64,1,,0000000000000000000000000000000000000000000000000000000000000000
312121,6,1/1,remined,0,1,,,,,,,64,1,1,0100000000000000000000000000000000000000000000000000000000000000
312121,6,1/1,pinned,0,,,,,,,,64,1,,0000000000000000000000000000000000000000000000000000000000000000
312122,6,1/2,remined,1,1,2,1,0,1,0,0,64,1,1,0100000111111011100110101110011000000000001111111101110101101001
312122,6,1/2,pinned,1,5,5,5,1,1,0,0,64,1,5,0000000000000000000000000000000000000000000000000000000001101001
312122,6,2/3,remined,0,1,,,,,,,64,1,1,0100000000000000000000101110011000000000000000000000000000000000
312122,6,2/3,pinned,0,,,,,,,,64,1,,0000000000000000000000000000000000000000000000000000000000000000
312122,6,3/4,remined,0,1,,,,,,,64,1,1,0100000000000000000000000000000000000000000000000000000000000000
312122,6,3/4,pinned,0,,,,,,,,64,1,,0000000000000000000000000000000000000000000000000000000000000000
312122,6,4/5,remined,0,1,,,,,,,64,1,1,0100000000000000000000000000000000000000000000000000000000000000
312122,6,4/5,pinned,0,,,,,,,,64,1,,0000000000000000000000000000000000000000000000000000000000000000
312122,6,1/1,remined,0,1,,,,,,,64,1,1,0100000000000000000000000000000000000000000000000000000000000000
312122,6,1/1,pinned,0,,,,,,,,64,1,,0000000000000000000000000000000000000000000000000000000000000000
312123,6,1/2,remined,1,1,1,1,1,1,0,0,64,1,1,0100001111111011101111101110111100100101011111111111111111111111
312123,6,1/2,pinned,1,4,5,5,1,1,0,0,64,1,4,0000000000000000000000000000000000000000000010010101000001111111
312123,6,2/3,remined,1,1,6,6,1,0,1,0,64,1,1,0100001000010000000000101110111100100101010010010101000000000001
312123,6,2/3,pinned,1,6,6,6,1,1,1,1,64,1,6,0000000000000000000000000000000000000000000000000000000000000001
312123,6,3/4,remined,0,1,,,,,,,64,1,1,0100001000010000000000000000000000000000000010010101000000000000
312123,6,3/4,pinned,0,,,,,,,,64,1,,0000000000000000000000000000000000000000000000000000000000000000
312123,6,4/5,remined,0,1,,,,,,,64,1,1,0100001000010000000000000000000000000000000000000000000000000000
312123,6,4/5,pinned,0,,,,,,,,64,1,,0000000000000000000000000000000000000000000000000000000000000000
312123,6,1/1,remined,0,1,,,,,,,64,1,1,0100001000010000000000000000000000000000000000000000000000000000
312123,6,1/1,pinned,0,,,,,,,,64,1,,0000000000000000000000000000000000000000000000000000000000000000
312131,6,1/2,remined,1,1,1,1,1,1,0,0,64,1,1,0100010111111010111101101011110101000010101111011111101011010101
312131,6,1/2,pinned,1,4,4,4,1,1,0,0,64,1,4,0000000000000000000000000000000000000000000100001010000001010101
312131,6,2/3,remined,0,1,,,,,,,64,1,1,0100010000100000000000101011110101000010100100001010000000000000
312131,6,2/3,pinned,0,,,,,,,,64,1,,0000000000000000000000000000000000000000000000000000000000000000
312131,6,3/4,remined,0,1,,,,,,,64,1,1,0100010000100000000000000000000000000000000100001010000000000000
312131,6,3/4,pinned,0,,,,,,,,64,1,,0000000000000000000000000000000000000000000000000000000000000000
312131,6,4/5,remined,0,1,,,,,,,64,1,1,0100010000100000000000000000000000000000000000000000000000000000
312131,6,4/5,pinned,0,,,,,,,,64,1,,0000000000000000000000000000000000000000000000000000000000000000
312131,6,1/1,remined,0,1,,,,,,,64,1,1,0100010000100000000000000000000000000000000000000000000000000000
312131,6,1/1,pinned,0,,,,,,,,64,1,,0000000000000000000000000000000000000000000000000000000000000000
312132,6,1/2,remined,1,1,1,1,1,1,0,0,64,1,1,0100010111111011110111101111011101000110011111111111111111111111
312132,6,1/2,pinned,1,4,5,5,1,1,0,0,64,1,4,0000000000000000000000000000000000000000000100011001000001111111
312132,6,2/3,remined,1,1,6,6,1,0,1,0,64,1,1,0100010000100000000000101111011101000110010100011001000000000001
312132,6,2/3,pinned,1,6,6,6,1,1,1,1,64,1,6,0000000000000000000000000000000000000000000000000000000000000001
312132,6,3/4,remined,0,1,,,,,,,64,1,1,0100010000100000000000000000000000000000000100011001000000000000
312132,6,3/4,pinned,0,,,,,,,,64,1,,0000000000000000000000000000000000000000000000000000000000000000
312132,6,4/5,remined,0,1,,,,,,,64,1,1,0100010000100000000000000000000000000000000000000000000000000000
312132,6,4/5,pinned,0,,,,,,,,64,1,,0000000000000000000000000000000000000000000000000000000000000000
312132,6,1/1,remined,0,1,,,,,,,64,1,1,0100010000100000000000000000000000000000000000000000000000000000
312132,6,1/1,pinned,0,,,,,,,,64,1,,0000000000000000000000000000000000000000000000000000000000000000
312133,6,1/2,remined,1,1,1,1,1,1,0,0,64,1,1,0100011111111011111111101111111101100111111111111111111111111111
312133,6,1/2,pinned,1,3,4,4,1,1,0,0,64,1,3,0000000000000000000000000000000100000000000110011111001011111111
312133,6,2/3,remined,1,1,1,1,1,1,0,0,64,1,1,0100011000110000000001101111111101100111110110011111001010010101
312133,6,2/3,pinned,1,5,5,5,1,1,0,0,64,1,5,0000000000000000000000000000000000000000000000000000000000010101
312133,6,3/4,remined,0,1,,,,,,,64,1,1,0100011000110000000001000000000100000000000110011111001010010100
312133,6,3/4,pinned,0,,,,,,,,64,1,,0000000000000000000000000000000000000000000000000000000000000000
312133,6,4/5,remined,0,1,,,,,,,64,1,1,0100011000110000000001000000000100000000000000000000000000010100
312133,6,4/5,pinned,0,,,,,,,,64,1,,0000000000000000000000000000000000000000000000000000000000000000
312133,6,1/1,remined,0,1,,,,,,,64,1,1,0100011000110000000001000000000100000000000000000000000000000000
312133,6,1/1,pinned,0,,,,,,,,64,1,,0000000000000000000000000000000000000000000000000000000000000000
312211,6,1/2,remined,1,1,2,1,0,1,0,0,64,1,1,0100000111111100011110110001111000000000001111101111110011100101
312211,6,1/2,pinned,1,5,5,5,1,1,0,0,64,1,5,0000000000000000000000000000000000000000000000000000000001100101
312211,6,2/3,remined,0,1,,,,,,,64,1,1,0100000000000000000000110001111000000000000000000000000000000000
312211,6,2/3,pinned,0,,,,,,,,64,1,,0000000000000000000000000000000000000000000000000000000000000000
312211,6,3/4,remined,0,1,,,,,,,64,1,1,0100000000000000000000000000000000000000000000000000000000000000
312211,6,3/4,pinned,0,,,,,,,,64,1,,0000000000000000000000000000000000000000000000000000000000000000
312211,6,4/5,remined,0,1,,,,,,,64,1,1,0100000000000000000000000000000000000000000000000000000000000000
312211,6,4/5,pinned,0,,,,,,,,64,1,,0000000000000000000000000000000000000000000000000000000000000000
312211,6,1/1,remined,0,1,,,,,,,64,1,1,0100000000000000000000000000000000000000000000000000000000000000
312211,6,1/1,pinned,0,,,,,,,,64,1,,0000000000000000000000000000000000000000000000000000000000000000
312212,6,1/2,remined,1,1,2,1,0,1,0,0,64,1,1,0100000111111101010101110101010100000000001111111011101101011001
312212,6,1/2,pinned,1,5,5,5,1,1,0,0,64,1,5,0000000000000000000000000000000000000000000000000000000001011001
312212,6,2/3,remined,0,1,,,,,,,64,1,1,0100000000000000000000110101010100000000000000000000000000000000
312212,6,2/3,pinned,0,,,,,,,,64,1,,0000000000000000000000000000000000000000000000000000000000000000
312212,6,3/4,remined,0,1,,,,,,,64,1,1,0100000000000000000000000000000000000000000000000000000000000000
312212,6,3/4,pinned,0,,,,,,,,64,1,,0000000000000000000000000000000000000000000000000000000000000000
312212,6,4/5,remined,0,1,,,,,,,64,1,1,0100000000000000000000000000000000000000000000000000000000000000
312212,6,4/5,pinned,0,,,,,,,,64,1,,0000000000000000000000000000000000000000000000000000000000000000
312212,6,1/1,remined,0,1,,,,,,,64,1,1,0100000000000000000000000000000000000000000000000000000000000000
312212,6,1/1,pinned,0,,,,,,,,64,1,,0000000000000000000000000000000000000000000000000000000000000000
312213,6,1/2,remined,1,1,1,1,1,1,0,0,64,1,1,0100001111111101011111110101111100101000111111111111111111111111
312213,6,1/2,pinned,1,4,5,5,1,1,0,0,64,1,4,0000000000000000000000000000000000000000000010100011000001111111
312213,6,2/3,remined,1,1,6,6,1,0,1,0,64,1,1,0100001000010000000000110101111100101000110010100011000000000001
312213,6,2/3,pinned,1,6,6,6,1,1,1,1,64,1,6,0000000000000000000000000000000000000000000000000000000000000001
312213,6,3/4,remined,0,1,,,,,,,64,1,1,0100001000010000000000000000000000000000000010100011000000000000
312213,6,3/4,pinned,0,,,,,,,,64,1,,0000000000000000000000000000000000000000000000000000000000000000
312213,6,4/5,remined,0,1,,,,,,,64,1,1,0100001000010000000000000000000000000000000000000000000000000000
312213,6,4/5,pinned,0,,,,,,,,64,1,,0000000000000000000000000000000000000000000000000000000000000000
312213,6,1/1,remined,0,1,,,,,,,64,1,1,0100001000010000000000000000000000000000000000000000000000000000
312213,6,1/1,pinned,0,,,,,,,,64,1,,0000000000000000000000000000000000000000000000000000000000000000
312221,6,1/2,remined,1,1,3,2,0,1,0,0,64,1,1,0100000111111110001011111000101100000000001111110111011100111001
312221,6,1/2,pinned,1,5,5,5,1,1,0,0,64,1,5,0000000000000000000000000000000000000000000000000000000000111001
312221,6,2/3,remined,0,1,,,,,,,64,1,1,0100000000000000000000111000101100000000000000000000000000000000
312221,6,2/3,pinned,0,,,,,,,,64,1,,0000000000000000000000000000000000000000000000000000000000000000
312221,6,3/4,remined,0,1,,,,,,,64,1,1,0100000000000000000000000000000000000000000000000000000000000000
312221,6,3/4,pinned,0,,,,,,,,64,1,,0000000000000000000000000000000000000000000000000000000000000000
312221,6,4/5,remined,0,1,,,,,,,64,1,1,0100000000000000000000000000000000000000000000000000000000000000
312221,6,4/5,pinned,0,,,,,,,,64,1,,0000000000000000000000000000000000000000000000000000000000000000
312221,6,1/1,remined,0,1,,,,,,,64,1,1,0100000000000000000000000000000000000000000000000000000000000000
312221,6,1/1,pinned,0,,,,,,,,64,1,,0000000000000000000000000000000000000000000000000000000000000000
312222,6,1/2,remined,0,1,,,,,,,64,1,1,0100000111111111000000111100000000000000001111110000000000000000
312222,6,1/2,pinned,0,,,,,,,,64,1,,0000000000000000000000000000000000000000000000000000000000000000
312222,6,2/3,remined,0,1,,,,,,,64,1,1,0100000000000000000000111100000000000000000000000000000000000000
312222,6,2/3,pinned,0,,,,,,,,64,1,,0000000000000000000000000000000000000000000000000000000000000000
312222,6,3/4,remined,0,1,,,,,,,64,1,1,0100000000000000000000000000000000000000000000000000000000000000
312222,6,3/4,pinned,0,,,,,,,,64,1,,0000000000000000000000000000000000000000000000000000000000000000
312222,6,4/5,remined,0,1,,,,,,,64,1,1,0100000000000000000000000000000000000000000000000000000000000000
312222,6,4/5,pinned,0,,,,,,,,64,1,,0000000000000000000000000000000000000000000000000000000000000000
312222,6,1/1,remined,0,1,,,,,,,64,1,1,0100000000000000000000000000000000000000000000000000000000000000
312222,6,1/1,pinned,0,,,,,,,,64,1,,0000000000000000000000000000000000000000000000000000000000000000
312223,6,1/2,remined,1,1,2,1,0,1,0,0,64,1,1,0100001111111111001011111100101100101100001111110111011100111001
312223,6,1/2,pinned,1,4,4,4,1,1,0,0,64,1,4,0000000000000000000000000000000000000000000010110000000000111001
312223,6,2/3,remined,0,1,,,,,,,64,1,1,0100001000010000000000111100101100101100000010110000000000000000
312223,6,2/3,pinned,0,,,,,,,,64,1,,0000000000000000000000000000000000000000000000000000000000000000
312223,6,3/4,remined,0,1,,,,,,,64,1,1,0100001000010000000000000000000000000000000010110000000000000000
312223,6,3/4,pinned,0,,,,,,,,64,1,,0000000000000000000000000000000000000000000000000000000000000000
312223,6,4/5,remined,0,1,,,,,,,64,1,1,0100001000010000000000000000000000000000000000000000000000000000
312223,6,4/5,pinned,0,,,,,,,,64,1,,0000000000000000000000000000000000000000000000000000000000000000
312223,6,1/1,remined,0,1,,,,,,,64,1,1,0100001000010000000000000000000000000000000000000000000000000000
312223,6,1/1,pinned,0,,,,,,,,64,1,,0000000000000000000000000000000000000000000000000000000000000000
312231,6,1/2,remined,1,1,1,1,1,1,0,0,64,1,1,0100010111111110011111111001111101010000111111111111111111111111
312231,6,1/2,pinned,1,4,5,5,1,1,0,0,64,1,4,0000000000000000000000000000000000000000000101000011000001111111
312231,6,2/3,remined,1,1,6,6,1,0,1,0,64,1,1,0100010000100000000000111001111101010000110101000011000000000001
312231,6,2/3,pinned,1,6,6,6,1,1,1,1,64,1,6,0000000000000000000000000000000000000000000000000000000000000001
312231,6,3/4,remined,0,1,,,,,,,64,1,1,0100010000100000000000000000000000000000000101000011000000000000
312231,6,3/4,pinned,0,,,,,,,,64,1,,0000000000000000000000000000000000000000000000000000000000000000
312231,6,4/5,remined,0,1,,,,,,,64,1,1,0100010000100000000000000000000000000000000000000000000000000000
312231,6,4/5,pinned,0,,,,,,,,64,1,,0000000000000000000000000000000000000000000000000000000000000000
312231,6,1/1,remined,0,1,,,,,,,64,1,1,0100010000100000000000000000000000000000000000000000000000000000
312231,6,1/1,pinned,0,,,,,,,,64,1,,0000000000000000000000000000000000000000000000000000000000000000
312232,6,1/2,remined,1,1,2,1,0,1,0,0,64,1,1,0100010111111111010101111101010101010100001111111011101101011001
312232,6,1/2,pinned,1,4,4,4,1,1,0,0,64,1,4,0000000000000000000000000000000000000000000101010000000001011001
312232,6,2/3,remined,0,1,,,,,,,64,1,1,0100010000100000000000111101010101010100000101010000000000000000
312232,6,2/3,pinned,0,,,,,,,,64,1,,0000000000000000000000000000000000000000000000000000000000000000
312232,6,3/4,remined,0,1,,,,,,,64,1,1,0100010000100000000000000000000000000000000101010000000000000000
312232,6,3/4,pinned,0,,,,,,,,64,1,,0000000000000000000000000000000000000000000000000000000000000000
312232,6,4/5,remined,0,1,,,,,,,64,1,1,0100010000100000000000000000000000000000000000000000000000000000
312232,6,4/5,pinned,0,,,,,,,,64,1,,0000000000000000000000000000000000000000000000000000000000000000
312232,6,1/1,remined,0,1,,,,,,,64,1,1,0100010000100000000000000000000000000000000000000000000000000000
312232,6,1/1,pinned,0,,,,,,,,64,1,,0000000000000000000000000000000000000000000000000000000000000000
312233,6,1/2,remined,1,1,1,1,1,1,0,0,64,1,1,0100011111111111011111111101111101111100111111111111111111111111
312233,6,1/2,pinned,1,3,4,4,1,1,0,0,64,1,3,0000000000000000000000000000000100000000000111110011001101111111
312233,6,2/3,remined,1,1,3,1,0,1,0,0,64,1,1,0100011000110000000001111101111101111100110111110011001100011001
312233,6,2/3,pinned,1,5,5,5,1,1,0,0,64,1,5,0000000000000000000000000000000000000000000000000000000000011001
312233,6,3/4,remined,0,1,,,,,,,64,1,1,0100011000110000000001000000000100000000000111110011001100011000
312233,6,3/4,pinned,0,,,,,,,,64,1,,0000000000000000000000000000000000000000000000000000000000000000
312233,6,4/5,remined,0,1,,,,,,,64,1,1,0100011000110000000001000000000100000000000000000000000000011000
312233,6,4/5,pinned,0,,,,,,,,64,1,,0000000000000000000000000000000000000000000000000000000000000000
312233,6,1/1,remined,0,1,,,,,,,64,1,1,0100011000110000000001000000000100000000000000000000000000000000
312233,6,1/1,pinned,0,,,,,,,,64,1,,0000000000000000000000000000000000000000000000000000000000000000
312311,6,1/2,remined,1,1,2,1,0,1,0,0,64,1,1,0100100111111100111110110011111010000011001111101111110011100101
312311,6,1/2,pinned,1,4,4,4,1,1,0,0,64,1,4,0000000000000000000000000000000000000000001000001100000001100101
312311,6,2/3,remined,0,1,,,,,,,64,1,1,0100100001000000000000110011111010000011001000001100000000000000
312311,6,2/3,pinned,0,,,,,,,,64,1,,0000000000000000000000000000000000000000000000000000000000000000
312311,6,3/4,remined,0,1,,,,,,,64,1,1,0100100001000000000000000000000000000000001000001100000000000000
312311,6,3/4,pinned,0,,,,,,,,64,1,,0000000000000000000000000000000000000000000000000000000000000000
312311,6,4/5,remined,0,1,,,,,,,64,1,1,0100100001000000000000000000000000000000000000000000000000000000
312311,6,4/5,pinned,0,,,,,,,,64,1,,0000000000000000000000000000000000000000000000000000000000000000
312311,6,1/1,remined,0,1,,,,,,,64,1,1,0100100001000000000000000000000000000000000000000000000000000000
312311,6,1/1,pinned,0,,,,,,,,64,1,,0000000000000000000000000000000000000000000000000000000000000000
312312,6,1/2,remined,1,1,2,2,1,1,0,0,64,1,1,0100100111111101110111110111011110001010011111111111111111111111
312312,6,1/2,pinned,1,4,5,5,1,1,0,0,64,1,4,0000000000000000000000000000000000000000001000101001000001111111
312312,6,2/3,remined,1,1,6,6,1,0,1,0,64,1,1,0100100001000000000000110111011110001010011000101001000000000001
312312,6,2/3,pinned,1,6,6,6,1,1,1,1,64,1,6,0000000000000000000000000000000000000000000000000000000000000001
312312,6,3/4,remined,0,1,,,,,,,64,1,1,0100100001000000000000000000000000000000001000101001000000000000
312312,6,3/4,pinned,0,,,,,,,,64,1,,0000000000000000000000000000000000000000000000000000000000000000
312312,6,4/5,remined,0,1,,,,,,,64,1,1,0100100001000000000000000000000000000000000000000000000000000000
312312,6,4/5,pinned,0,,,,,,,,64,1,,0000000000000000000000000000000000000000000000000000000000000000
312312,6,1/1,remined,0,1,,,,,,,64,1,1,0100100001000000000000000000000000000000000000000000000000000000
312312,6,1/1,pinned,0,,,,,,,,64,1,,0000000000000000000000000000000000000000000000000000000000000000
312313,6,1/2,remined,1,1,1,1,1,1,0,0,64,1,1,0100101111111101111111110111111110101011111111111111111111111111
312313,6,1/2,pinned,1,3,4,4,1,1,0,0,64,1,3,0000000000000000000000000000001000000000001010101111010011111111
312313,6,2/3,remined,1,1,1,1,1,1,0,0,64,1,1,0100101001010000000010110111111110101011111010101111010010100101
312313,6,2/3,pinned,1,5,5,5,1,1,0,0,64,1,5,0000000000000000000000000000000000000000000000000000000000100101
312313,6,3/4,remined,0,1,,,,,,,64,1,1,0100101001010000000010000000001000000000001010101111010010100100
312313,6,3/4,pinned,0,,,,,,,,64,1,,0000000000000000000000000000000000000000000000000000000000000000
312313,6,4/5,remined,0,1,,,,,,,64,1,1,0100101001010000000010000000001000000000000000000000000000100100
312313,6,4/5,pinned,0,,,,,,,,64,1,,0000000000000000000000000000000000000000000000000000000000000000
312313,6,1/1,remined,0,1,,,,,,,64,1,1,0100101001010000000010000000001000000000000000000000000000000000
312313,6,1/1,pinned,0,,,,,,,,64,1,,0000000000000000000000000000000000000000000000000000000000000000
312321,6,1/2,remined,1,1,2,2,1,1,0,0,64,1,1,0100100111111110101111111010111110010001011111111111111111111111
312321,6,1/2,pinned,1,4,5,5,1,1,0,0,64,1,4,0000000000000000000000000000000000000000001001000101000001111111
312321,6,2/3,remined,1,1,6,6,1,0,1,0,64,1,1,0100100001000000000000111010111110010001011001000101000000000001
312321,6,2/3,pinned,1,6,6,6,1,1,1,1,64,1,6,0000000000000000000000000000000000000000000000000000000000000001
312321,6,3/4,remined,0,1,,,,,,,64,1,1,0100100001000000000000000000000000000000001001000101000000000000
312321,6,3/4,pinned,0,,,,,,,,64,1,,0000000000000000000000000000000000000000000000000000000000000000
312321,6,4/5,remined,0,1,,,,,,,64,1,1,0100100001000000000000000000000000000000000000000000000000000000
312321,6,4/5,pinned,0,,,,,,,,64,1,,0000000000000000000000000000000000000000000000000000000000000000
312321,6,1/1,remined,0,1,,,,,,,64,1,1,0100100001000000000000000000000000000000000000000000000000000000
312321,6,1/1,pinned,0,,,,,,,,64,1,,0000000000000000000000000000000000000000000000000000000000000000
312322,6,1/2,remined,1,1,2,1,0,1,0,0,64,1,1,0100100111111111100110111110011010011000001111111101110101101001
312322,6,1/2,pinned,1,4,4,4,1,1,0,0,64,1,4,0000000000000000000000000000000000000000001001100000000001101001
312322,6,2/3,remined,0,1,,,,,,,64,1,1,0100100001000000000000111110011010011000001001100000000000000000
312322,6,2/3,pinned,0,,,,,,,,64,1,,0000000000000000000000000000000000000000000000000000000000000000
312322,6,3/4,remined,0,1,,,,,,,64,1,1,0100100001000000000000000000000000000000001001100000000000000000
312322,6,3/4,pinned,0,,,,,,,,64,1,,0000000000000000000000000000000000000000000000000000000000000000
312322,6,4/5,remined,0,1,,,,,,,64,1,1,0100100001000000000000000000000000000000000000000000000000000000
312322,6,4/5,pinned,0,,,,,,,,64,1,,0000000000000000000000000000000000000000000000000000000000000000
312322,6,1/1,remined,0,1,,,,,,,64,1,1,0100100001000000000000000000000000000000000000000000000000000000
312322,6,1/1,pinned,0,,,,,,,,64,1,,0000000000000000000000000000000000000000000000000000000000000000
312323,6,1/2,remined,1,1,1,1,1,1,0,0,64,1,1,0100101111111111101111111110111110111101011111111111111111111111
312323,6,1/2,pinned,1,3,4,4,1,1,0,0,64,1,3,0000000000000000000000000000001000000000001011110101010101111111
312323,6,2/3,remined,1,1,3,1,0,1,0,0,64,1,1,0100101001010000000010111110111110111101011011110101010100101001
312323,6,2/3,pinned,1,5,5,5,1,1,0,0,64,1,5,0000000000000000000000000000000000000000000000000000000000101001
312323,6,3/4,remined,0,1,,,,,,,64,1,1,0100101001010000000010000000001000000000001011110101010100101000
312323,6,3/4,pinned,0,,,,,,,,64,1,,0000000000000000000000000000000000000000000000000000000000000000
312323,6,4/5,remined,0,1,,,,,,,64,1,1,0100101001010000000010000000001000000000000000000000000000101000
312323,6,4/5,pinned,0,,,,,,,,64,1,,0000000000000000000000000000000000000000000000000000000000000000
312323,6,1/1,remined,0,1,,,,,,,64,1,1,0100101001010000000010000000001000000000000000000000000000000000
312323,6,1/1,pinned,0,,,,,,,,64,1,,0000000000000000000000000000000000000000000000000000000000000000
312331,6,1/2,remined,1,1,1,1,1,1,0,0,64,1,1,0100110111111110111111111011111111010011111111111111111111111111
312331,6,1/2,pinned,1,3,4,4,1,1,0,0,64,1,3,0000000000000000000000000000010000000000001101001111100011111111
312331,6,2/3,remined,1,1,2,1,0,1,0,0,64,1,1,0100110001100000000100111011111111010011111101001111100011000101
312331,6,2/3,pinned,1,5,5,5,1,1,0,0,64,1,5,0000000000000000000000000000000000000000000000000000000001000101
312331,6,3/4,remined,0,1,,,,,,,64,1,1,0100110001100000000100000000010000000000001101001111100011000100
312331,6,3/4,pinned,0,,,,,,,,64,1,,0000000000000000000000000000000000000000000000000000000000000000
312331,6,4/5,remined,0,1,,,,,,,64,1,1,0100110001100000000100000000010000000000000000000000000001000100
312331,6,4/5,pinned,0,,,,,,,,64,1,,0000000000000000000000000000000000000000000000000000000000000000
312331,6,1/1,remined,0,1,,,,,,,64,1,1,0100110001100000000100000000010000000000000000000000000000000000
312331,6,1/1,pinned,0,,,,,,,,64,1,,0000000000000000000000000000000000000000000000000000000000000000
312332,6,1/2,remined,1,1,1,1,1,1,0,0,64,1,1,0100110111111111110111111111011111011110011111111111111111111111
312332,6,1/2,pinned,1,3,4,4,1,1,0,0,64,1,3,0000000000000000000000000000010000000000001101111001100101111111
312332,6,2/3,remined,1,1,3,3,1,0,0,0,64,1,1,0100110001100000000100111111011111011110011101111001100101001001
312332,6,2/3,pinned,1,5,5,5,1,1,0,0,64,1,5,0000000000000000000000000000000000000000000000000000000001001001
312332,6,3/4,remined,0,1,,,,,,,64,1,1,0100110001100000000100000000010000000000001101111001100101001000
312332,6,3/4,pinned,0,,,,,,,,64,1,,0000000000000000000000000000000000000000000000000000000000000000
312332,6,4/5,remined,0,1,,,,,,,64,1,1,0100110001100000000100000000010000000000000000000000000001001000
312332,6,4/5,pinned,0,,,,,,,,64,1,,0000000000000000000000000000000000000000000000000000000000000000
312332,6,1/1,remined,0,1,,,,,,,64,1,1,0100110001100000000100000000010000000000000000000000000000000000
312332,6,1/1,pinned,0,,,,,,,,64,1,,0000000000000000000000000000000000000000000000000000000000000000
312333,6,1/2,remined,1,1,1,1,1,1,0,0,64,1,1,0100111111111111111111111111111111111111111111111111111111111111
312333,6,1/2,pinned,1,3,3,3,1,1,0,0,64,1,3,0000000000000000000000000000011100000000011111111111111111111111
312333,6,2/3,remined,1,1,1,1,1,1,0,0,64,1,1,0100111001110000000111111111111111111111111111111111111111111111
312333,6,2/3,pinned,1,4,5,5,1,1,0,0,64,1,4,0000000000000000000000000000000000000000000000000001000001111111
312333,6,3/4,remined,1,1,1,1,1,1,0,0,64,1,1,0100111001110000000111000000011100000000011111111111111111111111
312333,6,3/4,pinned,1,6,6,6,1,1,1,1,64,1,6,0000000000000000000000000000000000000000000000000000000000000001
312333,6,4/5,remined,1,1,5,5,1,0,0,0,64,1,1,0100111001110000000111000000011100000000010000000001000001111111
312333,6,4/5,pinned,1,6,6,6,1,1,1,1,64,1,6,0000000000000000000000000000000000000000000000000000000000000001
312333,6,1/1,remined,0,1,,,,,,,64,1,1,0100111001110000000111000000011100000000010000000001000000000000
312333,6,1/1,pinned,0,,,,,,,,64,1,,0000000000000000000000000000000000000000000000000000000000000000
313111,6,1/2,remined,0,1,,,,,,,64,1,1,0101000111111000111000100011100000000000001110001110000000000000
313111,6,1/2,pinned,0,,,,,,,,64,1,,0000000000000000000000000000000000000000000000000000000000000000
313111,6,2/3,remined,0,1,,,,,,,64,1,1,0101000010000000000000100011100000000000000000000000000000000000
313111,6,2/3,pinned,0,,,,,,,,64,1,,0000000000000000000000000000000000000000000000000000000000000000
313111,6,3/4,remined,0,1,,,,,,,64,1,1,0101000010000000000000000000000000000000000000000000000000000000
313111,6,3/4,pinned,0,,,,,,,,64,1,,0000000000000000000000000000000000000000000000000000000000000000
313111,6,4/5,remined,0,1,,,,,,,64,1,1,0101000010000000000000000000000000000000000000000000000000000000
313111,6,4/5,pinned,0,,,,,,,,64,1,,0000000000000000000000000000000000000000000000000000000000000000
313111,6,1/1,remined,0,1,,,,,,,64,1,1,0101000010000000000000000000000000000000000000000000000000000000
313111,6,1/1,pinned,0,,,,,,,,64,1,,0000000000000000000000000000000000000000000000000000000000000000
313112,6,1/2,remined,1,1,1,1,1,1,0,0,64,1,1,0101000111111001111011100111101100100001101110111111011010110101
313112,6,1/2,pinned,1,4,4,4,1,1,0,0,64,1,4,0000000000000000000000000000000000000000000010000110000000110101
313112,6,2/3,remined,0,1,,,,,,,64,1,1,0101000010000000000000100111101100100001100010000110000000000000
313112,6,2/3,pinned,0,,,,,,,,64,1,,0000000000000000000000000000000000000000000000000000000000000000
313112,6,3/4,remined,0,1,,,,,,,64,1,1,0101000010000000000000000000000000000000000010000110000000000000
313112,6,3/4,pinned,0,,,,,,,,64,1,,0000000000000000000000000000000000000000000000000000000000000000
313112,6,4/5,remined,0,1,,,,,,,64,1,1,0101000010000000000000000000000000000000000000000000000000000000
313112,6,4/5,pinned,0,,,,,,,,64,1,,0000000000000000000000000000000000000000000000000000000000000000
313112,6,1/1,remined,0,1,,,,,,,64,1,1,0101000010000000000000000000000000000000000000000000000000000000
313112,6,1/1,pinned,0,,,,,,,,64,1,,0000000000000000000000000000000000000000000000000000000000000000
313113,6,1/2,remined,1,1,1,1,1,1,0,0,64,1,1,0101001111111001111011100111101100100001101110111111011010110101
313113,6,1/2,pinned,1,3,3,3,1,1,0,0,64,1,3,0000000000000000000000000000100000000000000010000110000000110101
313113,6,2/3,remined,0,1,,,,,,,64,1,1,0101001010010000001000100111101100100001100010000110000000000000
313113,6,2/3,pinned,0,,,,,,,,64,1,,0000000000000000000000000000000000000000000000000000000000000000
313113,6,3/4,remined,0,1,,,,,,,64,1,1,0101001010010000001000000000100000000000000010000110000000000000
313113,6,3/4,pinned,0,,,,,,,,64,1,,0000000000000000000000000000000000000000000000000000000000000000
313113,6,4/5,remined,0,1,,,,,,,64,1,1,0101001010010000001000000000100000000000000000000000000000000000
313113,6,4/5,pinned,0,,,,,,,,64,1,,0000000000000000000000000000000000000000000000000000000000000000
313113,6,1/1,remined,0,1,,,,,,,64,1,1,0101001010010000001000000000100000000000000000000000000000000000
313113,6,1/1,pinned,0,,,,,,,,64,1,,0000000000000000000000000000000000000000000000000000000000000000
313121,6,1/2,remined,1,1,1,1,1,1,0,0,64,1,1,0101000111111010111101101011110101000010101111011111101011010101
313121,6,1/2,pinned,1,4,4,4,1,1,0,0,64,1,4,0000000000000000000000000000000000000000000100001010000001010101
313121,6,2/3,remined,0,1,,,,,,,64,1,1,0101000010000000000000101011110101000010100100001010000000000000
313121,6,2/3,pinned,0,,,,,,,,64,1,,0000000000000000000000000000000000000000000000000000000000000000
313121,6,3/4,remined,0,1,,,,,,,64,1,1,0101000010000000000000000000000000000000000100001010000000000000
313121,6,3/4,pinned,0,,,,,,,,64,1,,0000000000000000000000000000000000000000000000000000000000000000
313121,6,4/5,remined,0,1,,,,,,,64,1,1,0101000010000000000000000000000000000000000000000000000000000000
313121,6,4/5,pinned,0,,,,,,,,64,1,,0000000000000000000000000000000000000000000000000000000000000000
313121,6,1/1,remined,0,1,,,,,,,64,1,1,0101000010000000000000000000000000000000000000000000000000000000
313121,6,1/1,pinned,0,,,,,,,,64,1,,0000000000000000000000000000000000000000000000000000000000000000
313122,6,1/2,remined,1,1,2,1,0,1,0,0,64,1,1,0101000111111011111110101111111001100011001111111111111111111111
313122,6,1/2,pinned,1,4,5,5,1,1,0,0,64,1,4,0000000000000000000000000000000000000000000110001100000001111111
313122,6,2/3,remined,1,1,6,6,1,0,1,0,64,1,1,0101000010000000000000101111111001100011000110001100000000000001
313122,6,2/3,pinned,1,6,6,6,1,1,1,1,64,1,6,0000000000000000000000000000000000000000000000000000000000000001
313122,6,3/4,remined,0,1,,,,,,,64,1,1,0101000010000000000000000000000000000000000110001100000000000000
313122,6,3/4,pinned,0,,,,,,,,64,1,,0000000000000000000000000000000000000000000000000000000000000000
313122,6,4/5,remined,0,1,,,,,,,64,1,1,0101000010000000000000000000000000000000000000000000000000000000
313122,6,4/5,pinned,0,,,,,,,,64,1,,0000000000000000000000000000000000000000000000000000000000000000
313122,6,1/1,remined,0,1,,,,,,,64,1,1,0101000010000000000000000000000000000000000000000000000000000000
313122,6,1/1,pinned,0,,,,,,,,64,1,,0000000000000000000000000000000000000000000000000000000000000000
313123,6,1/2,remined,1,1,1,1,1,1,0,0,64,1,1,0101001111111011111111101111111101100111111111111111111111111111
313123,6,1/2,pinned,1,3,4,4,1,1,0,0,64,1,3,0000000000000000000000000000100000000000000110011111001011111111
313123,6,2/3,remined,1,1,1,1,1,1,0,0,64,1,1,0101001010010000001000101111111101100111110110011111001010010101
313123,6,2/3,pinned,1,5,5,5,1,1,0,0,64,1,5,0000000000000000000000000000000000000000000000000000000000010101
313123,6,3/4,remined,0,1,,,,,,,64,1,1,0101001010010000001000000000100000000000000110011111001010010100
313123,6,3/4,pinned,0,,,,,,,,64,1,,0000000000000000000000000000000000000000000000000000000000000000
313123,6,4/5,remined,0,1,,,,,,,64,1,1,0101001010010000001000000000100000000000000000000000000000010100
313123,6,4/5,pinned,0,,,,,,,,64,1,,0000000000000000000000000000000000000000000000000000000000000000
313123,6,1/1,remined,0,1,,,,,,,64,1,1,0101001010010000001000000000100000000000000000000000000000000000
313123,6,1/1,pinned,0,,,,,,,,64,1,,0000000000000000000000000000000000000000000000000000000000000000
313131,6,1/2,remined,1,1,1,1,1,1,0,0,64,1,1,0101010111111010111101101011110101000010101111011111101011010101
313131,6,1/2,pinned,1,3,3,3,1,1,0,0,64,1,3,0000000000000000000000000001000000000000000100001010000001010101
313131,6,2/3,remined,0,1,,,,,,,64,1,1,0101010010100000010000101011110101000010100100001010000000000000
313131,6,2/3,pinned,0,,,,,,,,64,1,,0000000000000000000000000000000000000000000000000000000000000000
313131,6,3/4,remined,0,1,,,,,,,64,1,1,0101010010100000010000000001000000000000000100001010000000000000
313131,6,3/4,pinned,0,,,,,,,,64,1,,0000000000000000000000000000000000000000000000000000000000000000
313131,6,4/5,remined,0,1,,,,,,,64,1,1,0101010010100000010000000001000000000000000000000000000000000000
313131,6,4/5,pinned,0,,,,,,,,64,1,,0000000000000000000000000000000000000000000000000000000000000000
313131,6,1/1,remined,0,1,,,,,,,64,1,1,0101010010100000010000000001000000000000000000000000000000000000
313131,6,1/1,pinned,0,,,,,,,,64,1,,0000000000000000000000000000000000000000000000000000000000000000
313132,6,1/2,remined,1,1,1,1,1,1,0,0,64,1,1,0101010111111011111111101111111101100111111111111111111111111111
313132,6,1/2,pinned,1,3,4,4,1,1,0,0,64,1,3,0000000000000000000000000001000000000000000110011111001011111111
313132,6,2/3,remined,1,1,2,1,0,1,0,0,64,1,1,0101010010100000010000101111111101100111110110011111001010010101
313132,6,2/3,pinned,1,5,5,5,1,1,0,0,64,1,5,0000000000000000000000000000000000000000000000000000000000010101
313132,6,3/4,remined,0,1,,,,,,,64,1,1,0101010010100000010000000001000000000000000110011111001010010100
313132,6,3/4,pinned,0,,,,,,,,64,1,,0000000000000000000000000000000000000000000000000000000000000000
313132,6,4/5,remined,0,1,,,,,,,64,1,1,0101010010100000010000000001000000000000000000000000000000010100
313132,6,4/5,pinned,0,,,,,,,,64,1,,0000000000000000000000000000000000000000000000000000000000000000
313132,6,1/1,remined,0,1,,,,,,,64,1,1,0101010010100000010000000001000000000000000000000000000000000000
313132,6,1/1,pinned,0,,,,,,,,64,1,,0000000000000000000000000000000000000000000000000000000000000000
313133,6,1/2,remined,1,1,1,1,1,1,0,0,64,1,1,0101011111111011111111101111111101100111111111111111111111111111
313133,6,1/2,pinned,1,3,3,3,1,1,0,0,64,1,3,0000000000000000000000000001100100000000100110011111001011111111
313133,6,2/3,remined,1,1,1,1,1,1,0,0,64,1,1,0101011010110000011001101111111101100111110110011111001010010101
313133,6,2/3,pinned,1,4,4,4,1,1,0,0,64,1,4,0000000000000000000000000000000000000000000000000010000000010101
313133,6,3/4,remined,0,1,,,,,,,64,1,1,0101011010110000011001000001100100000000100110011111001010010100
313133,6,3/4,pinned,0,,,,,,,,64,1,,0000000000000000000000000000000000000000000000000000000000000000
313133,6,4/5,remined,0,1,,,,,,,64,1,1,0101011010110000011001000001100100000000100000000010000000010100
313133,6,4/5,pinned,0,,,,,,,,64,1,,0000000000000000000000000000000000000000000000000000000000000000
313133,6,1/1,remined,0,1,,,,,,,64,1,1,0101011010110000011001000001100100000000100000000010000000000000
313133,6,1/1,pinned,0,,,,,,,,64,1,,0000000000000000000000000000000000000000000000000000000000000000
313211,6,1/2,remined,1,1,2,1,0,1,0,0,64,1,1,0101000111111100111110110011111010000011001111101111110011100101
313211,6,1/2,pinned,1,4,4,4,1,1,0,0,64,1,4,0000000000000000000000000000000000000000001000001100000001100101
313211,6,2/3,remined,0,1,,,,,,,64,1,1,0101000010000000000000110011111010000011001000001100000000000000
313211,6,2/3,pinned,0,,,,,,,,64,1,,0000000000000000000000000000000000000000000000000000000000000000
313211,6,3/4,remined,0,1,,,,,,,64,1,1,0101000010000000000000000000000000000000001000001100000000000000
313211,6,3/4,pinned,0,,,,,,,,64,1,,0000000000000000000000000000000000000000000000000000000000000000
313211,6,4/5,remined,0,1,,,,,,,64,1,1,0101000010000000000000000000000000000000000000000000000000000000
313211,6,4/5,pinned,0,,,,,,,,64,1,,0000000000000000000000000000000000000000000000000000000000000000
313211,6,1/1,remined,0,1,,,,,,,64,1,1,0101000010000000000000000000000000000000000000000000000000000000
313211,6,1/1,pinned,0,,,,,,,,64,1,,0000000000000000000000000000000000000000000000000000000000000000
313212,6,1/2,remined,1,1,1,1,1,1,0,0,64,1,1,0101000111111101111101110111110110100010101111111111111111111111
313212,6,1/2,pinned,1,4,5,5,1,1,0,0,64,1,4,0000000000000000000000000000000000000000001010001010000001111111
313212,6,2/3,remined,1,1,6,6,1,0,1,0,64,1,1,0101000010000000000000110111110110100010101010001010000000000001
313212,6,2/3,pinned,1,6,6,6,1,1,1,1,64,1,6,0000000000000000000000000000000000000000000000000000000000000001
313212,6,3/4,remined,0,1,,,,,,,64,1,1,0101000010000000000000000000000000000000001010001010000000000000
313212,6,3/4,pinned,0,,,,,,,,64,1,,0000000000000000000000000000000000000000000000000000000000000000
313212,6,4/5,remined,0,1,,,,,,,64,1,1,0101000010000000000000000000000000000000000000000000000000000000
313212,6,4/5,pinned,0,,,,,,,,64,1,,0000000000000000000000000000000000000000000000000000000000000000
313212,6,1/1,remined,0,1,,,,,,,64,1,1,0101000010000000000000000000000000000000000000000000000000000000
313212,6,1/1,pinned,0,,,,,,,,64,1,,0000000000000000000000000000000000000000000000000000000000000000
313213,6,1/2,remined,1,1,1,1,1,1,0,0,64,1,1,0101001111111101111111110111111110101011111111111111111111111111
313213,6,1/2,pinned,1,3,4,4,1,1,0,0,64,1,3,0000000000000000000000000000100000000000001010101111010011111111
313213,6,2/3,remined,1,1,1,1,1,1,0,0,64,1,1,0101001010010000001000110111111110101011111010101111010010100101
313213,6,2/3,pinned,1,5,5,5,1,1,0,0,64,1,5,0000000000000000000000000000000000000000000000000000000000100101
313213,6,3/4,remined,0,1,,,,,,,64,1,1,0101001010010000001000000000100000000000001010101111010010100100
313213,6,3/4,pinned,0,,,,,,,,64,1,,0000000000000000000000000000000000000000000000000000000000000000
313213,6,4/5,remined,0,1,,,,,,,64,1,1,0101001010010000001000000000100000000000000000000000000000100100
313213,6,4/5,pinned,0,,,,,,,,64,1,,0000000000000000000000000000000000000000000000000000000000000000
313213,6,1/1,remined,0,1,,,,,,,64,1,1,0101001010010000001000000000100000000000000000000000000000000000
313213,6,1/1,pinned,0,,,,,,,,64,1,,0000000000000000000000000000000000000000000000000000000000000000
313221,6,1/2,remined,1,1,1,1,1,1,0,0,64,1,1,0101000111111110111011111011101111000001101111111111111111111111
313221,6,1/2,pinned,1,4,5,5,1,1,0,0,64,1,4,0000000000000000000000000000000000000000001100000110000001111111
313221,6,2/3,remined,1,1,6,6,1,0,1,0,64,1,1,0101000010000000000000111011101111000001101100000110000000000001
313221,6,2/3,pinned,1,6,6,6,1,1,1,1,64,1,6,0000000000000000000000000000000000000000000000000000000000000001
313221,6,3/4,remined,0,1,,,,,,,64,1,1,0101000010000000000000000000000000000000001100000110000000000000
313221,6,3/4,pinned,0,,,,,,,,64,1,,0000000000000000000000000000000000000000000000000000000000000000
313221,6,4/5,remined,0,1,,,,,,,64,1,1,0101000010000000000000000000000000000000000000000000000000000000
313221,6,4/5,pinned,0,,,,,,,,64,1,,0000000000000000000000000000000000000000000000000000000000000000
313221,6,1/1,remined,0,1,,,,,,,64,1,1,0101000010000000000000000000000000000000000000000000000000000000
313221,6,1/1,pinned,0,,,,,,,,64,1,,0000000000000000000000000000000000000000000000000000000000000000
313222,6,1/2,remined,1,1,3,1,0,1,0,0,64,1,1,0101000111111111111000111111100011100000001111111110111001110001
313222,6,1/2,pinned,1,4,4,4,1,1,0,0,64,1,4,0000000000000000000000000000000000000000001110000000000001110001
313222,6,2/3,remined,0,1,,,,,,,64,1,1,0101000010000000000000111111100011100000001110000000000000000000
313222,6,2/3,pinned,0,,,,,,,,64,1,,0000000000000000000000000000000000000000000000000000000000000000
313222,6,3/4,remined,0,1,,,,,,,64,1,1,0101000010000000000000000000000000000000001110000000000000000000
313222,6,3/4,pinned,0,,,,,,,,64,1,,0000000000000000000000000000000000000000000000000000000000000000
313222,6,4/5,remined,0,1,,,,,,,64,1,1,0101000010000000000000000000000000000000000000000000000000000000
313222,6,4/5,pinned,0,,,,,,,,64,1,,0000000000000000000000000000000000000000000000000000000000000000
313222,6,1/1,remined,0,1,,,,,,,64,1,1,0101000010000000000000000000000000000000000000000000000000000000
313222,6,1/1,pinned,0,,,,,,,,64,1,,0000000000000000000000000000000000000000000000000000000000000000
313223,6,1/2,remined,1,1,1,1,1,1,0,0,64,1,1,0101001111111111111011111111101111101101101111111111111111111111
313223,6,1/2,pinned,1,3,4,4,1,1,0,0,64,1,3,0000000000000000000000000000100000000000001110110110011001111111
313223,6,2/3,remined,1,1,3,1,0,1,0,0,64,1,1,0101001010010000001000111111101111101101101110110110011000110001
313223,6,2/3,pinned,1,5,5,5,1,1,0,0,64,1,5,0000000000000000000000000000000000000000000000000000000000110001
313223,6,3/4,remined,0,1,,,,,,,64,1,1,0101001010010000001000000000100000000000001110110110011000110000
313223,6,3/4,pinned,0,,,,,,,,64,1,,0000000000000000000000000000000000000000000000000000000000000000
313223,6,4/5,remined,0,1,,,,,,,64,1,1,0101001010010000001000000000100000000000000000000000000000110000
313223,6,4/5,pinned,0,,,,,,,,64,1,,0000000000000000000000000000000000000000000000000000000000000000
313223,6,1/1,remined,0,1,,,,,,,64,1,1,0101001010010000001000000000100000000000000000000000000000000000
313223,6,1/1,pinned,0,,,,,,,,64,1,,0000000000000000000000000000000000000000000000000000000000000000
313231,6,1/2,remined,1,1,1,1,1,1,0,0,64,1,1,0101010111111110111111111011111111010011111111111111111111111111
313231,6,1/2,pinned,1,3,4,4,1,1,0,0,64,1,3,0000000000000000000000000001000000000000001101001111100011111111
313231,6,2/3,remined,1,1,2,1,0,1,0,0,64,1,1,0101010010100000010000111011111111010011111101001111100011000101
313231,6,2/3,pinned,1,5,5,5,1,1,0,0,64,1,5,0000000000000000000000000000000000000000000000000000000001000101
313231,6,3/4,remined,0,1,,,,,,,64,1,1,0101010010100000010000000001000000000000001101001111100011000100
313231,6,3/4,pinned,0,,,,,,,,64,1,,0000000000000000000000000000000000000000000000000000000000000000
313231,6,4/5,remined,0,1,,,,,,,64,1,1,0101010010100000010000000001000000000000000000000000000001000100
313231,6,4/5,pinned,0,,,,,,,,64,1,,0000000000000000000000000000000000000000000000000000000000000000
313231,6,1/1,remined,0,1,,,,,,,64,1,1,0101010010100000010000000001000000000000000000000000000000000000
313231,6,1/1,pinned,0,,,,,,,,64,1,,0000000000000000000000000000000000000000000000000000000000000000
313232,6,1/2,remined,1,1,1,1,1,1,0,0,64,1,1,0101010111111111111101111111110111110110101111111111111111111111
313232,6,1/2,pinned,1,3,4,4,1,1,0,0,64,1,3,0000000000000000000000000001000000000000001111011010101001111111
313232,6,2/3,remined,1,1,3,1,0,1,0,0,64,1,1,0101010010100000010000111111110111110110101111011010101001010001
313232,6,2/3,pinned,1,5,5,5,1,1,0,0,64,1,5,0000000000000000000000000000000000000000000000000000000001010001
313232,6,3/4,remined,0,1,,,,,,,64,1,1,0101010010100000010000000001000000000000001111011010101001010000
313232,6,3/4,pinned,0,,,,,,,,64,1,,0000000000000000000000000000000000000000000000000000000000000000
313232,6,4/5,remined,0,1,,,,,,,64,1,1,0101010010100000010000000001000000000000000000000000000001010000
313232,6,4/5,pinned,0,,,,,,,,64,1,,0000000000000000000000000000000000000000000000000000000000000000
313232,6,1/1,remined,0,1,,,,,,,64,1,1,0101010010100000010000000001000000000000000000000000000000000000
313232,6,1/1,pinned,0,,,,,,,,64,1,,0000000000000000000000000000000000000000000000000000000000000000
313233,6,1/2,remined,1,1,1,1,1,1,0,0,64,1,1,0101011111111111111111111111111111111111111111111111111111111111
313233,6,1/2,pinned,1,3,3,3,1,1,0,0,64,1,3,0000000000000000000000000001100100000000101111111111111111111111
313233,6,2/3,remined,1,1,1,1,1,1,0,0,64,1,1,0101011010110000011001111111111111111111111111111111111111111111
313233,6,2/3,pinned,1,4,5,5,1,1,0,0,64,1,4,0000000000000000000000000000000000000000000000000010000001111111
313233,6,3/4,remined,1,1,1,1,1,1,0,0,64,1,1,0101011010110000011001000001100100000000101111111111111111111111
313233,6,3/4,pinned,1,6,6,6,1,1,1,1,64,1,6,0000000000000000000000000000000000000000000000000000000000000001
313233,6,4/5,remined,1,1,5,5,1,0,0,0,64,1,1,0101011010110000011001000001100100000000100000000010000001111111
313233,6,4/5,pinned,1,6,6,6,1,1,1,1,64,1,6,0000000000000000000000000000000000000000000000000000000000000001
313233,6,1/1,remined,0,1,,,,,,,64,1,1,0101011010110000011001000001100100000000100000000010000000000000
313233,6,1/1,pinned,0,,,,,,,,64,1,,0000000000000000000000000000000000000000000000000000000000000000
313311,6,1/2,remined,1,1,2,1,0,1,0,0,64,1,1,0101100111111100111110110011111010000011001111101111110011100101
313311,6,1/2,pinned,1,3,3,3,1,1,0,0,64,1,3,0000000000000000000000000010000000000000001000001100000001100101
313311,6,2/3,remined,0,1,,,,,,,64,1,1,0101100011000000100000110011111010000011001000001100000000000000
313311,6,2/3,pinned,0,,,,,,,,64,1,,0000000000000000000000000000000000000000000000000000000000000000
313311,6,3/4,remined,0,1,,,,,,,64,1,1,0101100011000000100000000010000000000000001000001100000000000000
313311,6,3/4,pinned,0,,,,,,,,64,1,,0000000000000000000000000000000000000000000000000000000000000000
313311,6,4/5,remined,0,1,,,,,,,64,1,1,0101100011000000100000000010000000000000000000000000000000000000
313311,6,4/5,pinned,0,,,,,,,,64,1,,0000000000000000000000000000000000000000000000000000000000000000
313311,6,1/1,remined,0,1,,,,,,,64,1,1,0101100011000000100000000010000000000000000000000000000000000000
313311,6,1/1,pinned,0,,,,,,,,64,1,,0000000000000000000000000000000000000000000000000000000000000000
313312,6,1/2,remined,1,1,2,2,1,1,0,0,64,1,1,0101100111111101111111110111111110101011111111111111111111111111
313312,6,1/2,pinned,1,3,4,4,1,1,0,0,64,1,3,0000000000000000000000000010000000000000001010101111010011111111
313312,6,2/3,remined,1,1,3,3,1,0,0,0,64,1,1,0101100011000000100000110111111110101011111010101111010010100101
313312,6,2/3,pinned,1,5,5,5,1,1,0,0,64,1,5,0000000000000000000000000000000000000000000000000000000000100101
313312,6,3/4,remined,0,1,,,,,,,64,1,1,0101100011000000100000000010000000000000001010101111010010100100
313312,6,3/4,pinned,0,,,,,,,,64,1,,0000000000000000000000000000000000000000000000000000000000000000
313312,6,4/5,remined,0,1,,,,,,,64,1,1,0101100011000000100000000010000000000000000000000000000000100100
313312,6,4/5,pinned,0,,,,,,,,64,1,,0000000000000000000000000000000000000000000000000000000000000000
313312,6,1/1,remined,0,1,,,,,,,64,1,1,0101100011000000100000000010000000000000000000000000000000000000
313312,6,1/1,pinned,0,,,,,,,,64,1,,0000000000000000000000000000000000000000000000000000000000000000
313313,6,1/2,remined,1,1,1,1,1,1,0,0,64,1,1,0101101111111101111111110111111110101011111111111111111111111111
313313,6,1/2,pinned,1,3,3,3,1,1,0,0,64,1,3,0000000000000000000000000010101000000001001010101111010011111111
313313,6,2/3,remined,1,1,1,1,1,1,0,0,64,1,1,0101101011010000101010110111111110101011111010101111010010100101
313313,6,2/3,pinned,1,4,4,4,1,1,0,0,64,1,4,0000000000000000000000000000000000000000000000000100000000100101
313313,6,3/4,remined,0,1,,,,,,,64,1,1,0101101011010000101010000010101000000001001010101111010010100100
313313,6,3/4,pinned,0,,,,,,,,64,1,,0000000000000000000000000000000000000000000000000000000000000000
313313,6,4/5,remined,0,1,,,,,,,64,1,1,0101101011010000101010000010101000000001000000000100000000100100
313313,6,4/5,pinned,0,,,,,,,,64,1,,0000000000000000000000000000000000000000000000000000000000000000
313313,6,1/1,remined,0,1,,,,,,,64,1,1,0101101011010000101010000010101000000001000000000100000000000000
313313,6,1/1,pinned,0,,,,,,,,64,1,,0000000000000000000000000000000000000000000000000000000000000000
313321,6,1/2,remined,1,1,2,2,1,1,0,0,64,1,1,0101100111111110111111111011111111010011111111111111111111111111
313321,6,1/2,pinned,1,3,4,4,1,1,0,0,64,1,3,0000000000000000000000000010000000000000001101001111100011111111
313321,6,2/3,remined,1,1,3,3,1,0,0,0,64,1,1,0101100011000000100000111011111111010011111101001111100011000101
313321,6,2/3,pinned,1,5,5,5,1,1,0,0,64,1,5,0000000000000000000000000000000000000000000000000000000001000101
313321,6,3/4,remined,0,1,,,,,,,64,1,1,0101100011000000100000000010000000000000001101001111100011000100
313321,6,3/4,pinned,0,,,,,,,,64,1,,0000000000000000000000000000000000000000000000000000000000000000
313321,6,4/5,remined,0,1,,,,,,,64,1,1,0101100011000000100000000010000000000000000000000000000001000100
313321,6,4/5,pinned,0,,,,,,,,64,1,,0000000000000000000000000000000000000000000000000000000000000000
313321,6,1/1,remined,0,1,,,,,,,64,1,1,0101100011000000100000000010000000000000000000000000000000000000
313321,6,1/1,pinned,0,,,,,,,,64,1,,0000000000000000000000000000000000000000000000000000000000000000
313322,6,1/2,remined,1,1,2,1,0,1,0,0,64,1,1,0101100111111111111110111111111011111011001111111111111111111111
313322,6,1/2,pinned,1,3,4,4,1,1,0,0,64,1,3,0000000000000000000000000010000000000000001111101100110001111111
313322,6,2/3,remined,1,1,4,1,0,1,0,0,64,1,1,0101100011000000100000111111111011111011001111101100110001100001
313322,6,2/3,pinned,1,5,5,5,1,1,0,0,64,1,5,0000000000000000000000000000000000000000000000000000000001100001
313322,6,3/4,remined,0,1,,,,,,,64,1,1,0101100011000000100000000010000000000000001111101100110001100000
313322,6,3/4,pinned,0,,,,,,,,64,1,,0000000000000000000000000000000000000000000000000000000000000000
313322,6,4/5,remined,0,1,,,,,,,64,1,1,0101100011000000100000000010000000000000000000000000000001100000
313322,6,4/5,pinned,0,,,,,,,,64,1,,0000000000000000000000000000000000000000000000000000000000000000
313322,6,1/1,remined,0,1,,,,,,,64,1,1,0101100011000000100000000010000000000000000000000000000000000000
313322,6,1/1,pinned,0,,,,,,,,64,1,,0000000000000000000000000000000000000000000000000000000000000000
313323,6,1/2,remined,1,1,1,1,1,1,0,0,64,1,1,0101101111111111111111111111111111111111111111111111111111111111
313323,6,1/2,pinned,1,3,3,3,1,1,0,0,64,1,3,0000000000000000000000000010101000000001001111111111111111111111
313323,6,2/3,remined,1,1,1,1,1,1,0,0,64,1,1,0101101011010000101010111111111111111111111111111111111111111111
313323,6,2/3,pinned,1,4,5,5,1,1,0,0,64,1,4,0000000000000000000000000000000000000000000000000100000001111111
313323,6,3/4,remined,1,1,2,1,0,1,0,0,64,1,1,0101101011010000101010000010101000000001001111111111111111111111
313323,6,3/4,pinned,1,6,6,6,1,1,1,1,64,1,6,0000000000000000000000000000000000000000000000000000000000000001
313323,6,4/5,remined,1,1,5,5,1,0,0,0,64,1,1,0101101011010000101010000010101000000001000000000100000001111111
313323,6,4/5,pinned,1,6,6,6,1,1,1,1,64,1,6,0000000000000000000000000000000000000000000000000000000000000001
313323,6,1/1,remined,0,1,,,,,,,64,1,1,0101101011010000101010000010101000000001000000000100000000000000
313323,6,1/1,pinned,0,,,,,,,,64,1,,0000000000000000000000000000000000000000000000000000000000000000
313331,6,1/2,remined,1,1,1,1,1,1,0,0,64,1,1,0101110111111110111111111011111111010011111111111111111111111111
313331,6,1/2,pinned,1,3,3,3,1,1,0,0,64,1,3,0000000000000000000000000011010000000010001101001111100011111111
313331,6,2/3,remined,1,1,2,1,0,1,0,0,64,1,1,0101110011100000110100111011111111010011111101001111100011000101
313331,6,2/3,pinned,1,4,4,4,1,1,0,0,64,1,4,0000000000000000000000000000000000000000000000001000000001000101
313331,6,3/4,remined,0,1,,,,,,,64,1,1,0101110011100000110100000011010000000010001101001111100011000100
313331,6,3/4,pinned,0,,,,,,,,64,1,,0000000000000000000000000000000000000000000000000000000000000000
313331,6,4/5,remined,0,1,,,,,,,64,1,1,0101110011100000110100000011010000000010000000001000000001000100
313331,6,4/5,pinned,0,,,,,,,,64,1,,0000000000000000000000000000000000000000000000000000000000000000
313331,6,1/1,remined,0,1,,,,,,,64,1,1,0101110011100000110100000011010000000010000000001000000000000000
313331,6,1/1,pinned,0,,,,,,,,64,1,,0000000000000000000000000000000000000000000000000000000000000000
313332,6,1/2,remined,1,1,1,1,1,1,0,0,64,1,1,0101110111111111111111111111111111111111111111111111111111111111
313332,6,1/2,pinned,1,3,3,3,1,1,0,0,64,1,3,0000000000000000000000000011010000000010001111111111111111111111
313332,6,2/3,remined,1,1,2,1,0,1,0,0,64,1,1,0101110011100000110100111111111111111111111111111111111111111111
313332,6,2/3,pinned,1,4,5,5,1,1,0,0,64,1,4,0000000000000000000000000000000000000000000000001000000001111111
313332,6,3/4,remined,1,1,3,1,0,1,0,0,64,1,1,0101110011100000110100000011010000000010001111111111111111111111
313332,6,3/4,pinned,1,6,6,6,1,1,1,1,64,1,6,0000000000000000000000000000000000000000000000000000000000000001
313332,6,4/5,remined,1,1,5,5,1,0,0,0,64,1,1,0101110011100000110100000011010000000010000000001000000001111111
313332,6,4/5,pinned,1,6,6,6,1,1,1,1,64,1,6,0000000000000000000000000000000000000000000000000000000000000001
313332,6,1/1,remined,0,1,,,,,,,64,1,1,0101110011100000110100000011010000000010000000001000000000000000
313332,6,1/1,pinned,0,,,,,,,,64,1,,0000000000000000000000000000000000000000000000000000000000000000
313333,6,1/2,remined,1,1,1,1,1,1,0,0,64,1,1,0101111111111111111111111111111111111111111111111111111111111111
313333,6,1/2,pinned,1,3,3,3,1,1,0,0,64,1,3,0000000000000000000000000011111100000011111111111111111111111111
313333,6,2/3,remined,1,1,1,1,1,1,0,0,64,1,1,0101111011110000111111111111111111111111111111111111111111111111
313333,6,2/3,pinned,1,4,4,4,1,1,0,0,64,1,4,0000000000000000000000000000000000000000000000001111000011111111
313333,6,3/4,remined,1,1,1,1,1,1,0,0,64,1,1,0101111011110000111111000011111100000011111111111111111111111111
313333,6,3/4,pinned,1,5,5,5,1,1,0,0,64,1,5,0000000000000000000000000000000000000000000000000000000000000101
313333,6,4/5,remined,1,1,1,1,1,1,0,0,64,1,1,0101111011110000111111000011111100000011110000001111000011111111
313333,6,4/5,pinned,1,5,5,5,1,1,0,0,64,1,5,0000000000000000000000000000000000000000000000000000000000000101
313333,6,1/1,remined,0,1,,,,,,,64,1,1,0101111011110000111111000011111100000011110000001111000010000100
313333,6,1/1,pinned,0,,,,,,,,64,1,,0000000000000000000000000000000000000000000000000000000000000000
321111,6,1/2,remined,0,1,,,,,,,64,1,1,0100000111111111000000111100000000000000001111110000000000000000
321111,6,1/2,pinned,0,,,,,,,,64,1,,0000000000000000000000000000000000000000000000000000000000000000
321111,6,2/3,remined,0,1,,,,,,,64,1,1,0100000000000000000000111100000000000000000000000000000000000000
321111,6,2/3,pinned,0,,,,,,,,64,1,,0000000000000000000000000000000000000000000000000000000000000000
321111,6,3/4,remined,0,1,,,,,,,64,1,1,0100000000000000000000000000000000000000000000000000000000000000
321111,6,3/4,pinned,0,,,,,,,,64,1,,0000000000000000000000000000000000000000000000000000000000000000
321111,6,4/5,remined,0,1,,,,,,,64,1,1,0100000000000000000000000000000000000000000000000000000000000000
321111,6,4/5,pinned,0,,,,,,,,64,1,,0000000000000000000000000000000000000000000000000000000000000000
321111,6,1/1,remined,0,1,,,,,,,64,1,1,0100000000000000000000000000000000000000000000000000000000000000
321111,6,1/1,pinned,0,,,,,,,,64,1,,0000000000000000000000000000000000000000000000000000000000000000
321112,6,1/2,remined,1,1,3,2,0,1,0,0,64,1,1,0100000111111110001011111000101100000000001111110111011100111001
321112,6,1/2,pinned,1,5,5,5,1,1,0,0,64,1,5,0000000000000000000000000000000000000000000000000000000000111001
321112,6,2/3,remined,0,1,,,,,,,64,1,1,0100000000000000000000111000101100000000000000000000000000000000
321112,6,2/3,pinned,0,,,,,,,,64,1,,0000000000000000000000000000000000000000000000000000000000000000
321112,6,3/4,remined,0,1,,,,,,,64,1,1,0100000000000000000000000000000000000000000000000000000000000000
321112,6,3/4,pinned,0,,,,,,,,64,1,,0000000000000000000000000000000000000000000000000000000000000000
321112,6,4/5,remined,0,1,,,,,,,64,1,1,0100000000000000000000000000000000000000000000000000000000000000
321112,6,4/5,pinned,0,,,,,,,,64,1,,0000000000000000000000000000000000000000000000000000000000000000
321112,6,1/1,remined,0,1,,,,,,,64,1,1,0100000000000000000000000000000000000000000000000000000000000000
321112,6,1/1,pinned,0,,,,,,,,64,1,,0000000000000000000000000000000000000000000000000000000000000000
321113,6,1/2,remined,1,1,2,1,0,1,0,0,64,1,1,0100001111111111001011111100101100101100001111110111011100111001
321113,6,1/2,pinned,1,4,4,4,1,1,0,0,64,1,4,0000000000000000000000000000000000000000000010110000000000111001
321113,6,2/3,remined,0,1,,,,,,,64,1,1,0100001000010000000000111100101100101100000010110000000000000000
321113,6,2/3,pinned,0,,,,,,,,64,1,,0000000000000000000000000000000000000000000000000000000000000000
321113,6,3/4,remined,0,1,,,,,,,64,1,1,0100001000010000000000000000000000000000000010110000000000000000
321113,6,3/4,pinned,0,,,,,,,,64,1,,0000000000000000000000000000000000000000000000000000000000000000
321113,6,4/5,remined,0,1,,,,,,,64,1,1,0100001000010000000000000000000000000000000000000000000000000000
321113,6,4/5,pinned,0,,,,,,,,64,1,,0000000000000000000000000000000000000000000000000000000000000000
321113,6,1/1,remined,0,1,,,,,,,64,1,1,0100001000010000000000000000000000000000000000000000000000000000
321113,6,1/1,pinned,0,,,,,,,,64,1,,0000000000000000000000000000000000000000000000000000000000000000
321121,6,1/2,remined,1,1,2,1,0,1,0,0,64,1,1,0100000111111101010101110101010100000000001111111011101101011001
321121,6,1/2,pinned,1,5,5,5,1,1,0,0,64,1,5,0000000000000000000000000000000000000000000000000000000001011001
321121,6,2/3,remined,0,1,,,,,,,64,1,1,0100000000000000000000110101010100000000000000000000000000000000
321121,6,2/3,pinned,0,,,,,,,,64,1,,0000000000000000000000000000000000000000000000000000000000000000
321121,6,3/4,remined,0,1,,,,,,,64,1,1,0100000000000000000000000000000000000000000000000000000000000000
321121,6,3/4,pinned,0,,,,,,,,64,1,,0000000000000000000000000000000000000000000000000000000000000000
321121,6,4/5,remined,0,1,,,,,,,64,1,1,0100000000000000000000000000000000000000000000000000000000000000
321121,6,4/5,pinned,0,,,,,,,,64,1,,0000000000000000000000000000000000000000000000000000000000000000
321121,6,1/1,remined,0,1,,,,,,,64,1,1,0100000000000000000000000000000000000000000000000000000000000000
321121,6,1/1,pinned,0,,,,,,,,64,1,,0000000000000000000000000000000000000000000000000000000000000000
321122,6,1/2,remined,1,1,2,1,0,1,0,0,64,1,1,0100000111111100011110110001111000000000001111101111110011100101
321122,6,1/2,pinned,1,5,5,5,1,1,0,0,64,1,5,0000000000000000000000000000000000000000000000000000000001100101
321122,6,2/3,remined,0,1,,,,,,,64,1,1,0100000000000000000000110001111000000000000000000000000000000000
321122,6,2/3,pinned,0,,,,,,,,64,1,,0000000000000000000000000000000000000000000000000000000000000000
321122,6,3/4,remined,0,1,,,,,,,64,1,1,0100000000000000000000000000000000000000000000000000000000000000
321122,6,3/4,pinned,0,,,,,,,,64,1,,0000000000000000000000000000000000000000000000000000000000000000
321122,6,4/5,remined,0,1,,,,,,,64,1,1,0100000000000000000000000000000000000000000000000000000000000000
321122,6,4/5,pinned,0,,,,,,,,64,1,,0000000000000000000000000000000000000000000000000000000000000000
321122,6,1/1,remined,0,1,,,,,,,64,1,1,0100000000000000000000000000000000000000000000000000000000000000
321122,6,1/1,pinned,0,,,,,,,,64,1,,0000000000000000000000000000000000000000000000000000000000000000
321123,6,1/2,remined,1,1,1,1,1,1,0,0,64,1,1,0100001111111101011111110101111100101000111111111111111111111111
321123,6,1/2,pinned,1,4,5,5,1,1,0,0,64,1,4,0000000000000000000000000000000000000000000010100011000001111111
321123,6,2/3,remined,1,1,6,6,1,0,1,0,64,1,1,0100001000010000000000110101111100101000110010100011000000000001
321123,6,2/3,pinned,1,6,6,6,1,1,1,1,64,1,6,0000000000000000000000000000000000000000000000000000000000000001
321123,6,3/4,remined,0,1,,,,,,,64,1,1,0100001000010000000000000000000000000000000010100011000000000000
321123,6,3/4,pinned,0,,,,,,,,64,1,,0000000000000000000000000000000000000000000000000000000000000000
321123,6,4/5,remined,0,1,,,,,,,64,1,1,0100001000010000000000000000000000000000000000000000000000000000
321123,6,4/5,pinned,0,,,,,,,,64,1,,0000000000000000000000000000000000000000000000000000000000000000
321123,6,1/1,remined,0,1,,,,,,,64,1,1,0100001000010000000000000000000000000000000000000000000000000000
321123,6,1/1,pinned,0,,,,,,,,64,1,,0000000000000000000000000000000000000000000000000000000000000000
321131,6,1/2,remined,1,1,2,1,0,1,0,0,64,1,1,0100010111111111010101111101010101010100001111111011101101011001
321131,6,1/2,pinned,1,4,4,4,1,1,0,0,64,1,4,0000000000000000000000000000000000000000000101010000000001011001
321131,6,2/3,remined,0,1,,,,,,,64,1,1,0100010000100000000000111101010101010100000101010000000000000000
321131,6,2/3,pinned,0,,,,,,,,64,1,,0000000000000000000000000000000000000000000000000000000000000000
321131,6,3/4,remined,0,1,,,,,,,64,1,1,0100010000100000000000000000000000000000000101010000000000000000
321131,6,3/4,pinned,0,,,,,,,,64,1,,0000000000000000000000000000000000000000000000000000000000000000
321131,6,4/5,remined,0,1,,,,,,,64,1,1,0100010000100000000000000000000000000000000000000000000000000000
321131,6,4/5,pinned,0,,,,,,,,64,1,,0000000000000000000000000000000000000000000000000000000000000000
321131,6,1/1,remined,0,1,,,,,,,64,1,1,0100010000100000000000000000000000000000000000000000000000000000
321131,6,1/1,pinned,0,,,,,,,,64,1,,0000000000000000000000000000000000000000000000000000000000000000
321132,6,1/2,remined,1,1,1,1,1,1,0,0,64,1,1,0100010111111110011111111001111101010000111111111111111111111111
321132,6,1/2,pinned,1,4,5,5,1,1,0,0,64,1,4,0000000000000000000000000000000000000000000101000011000001111111
321132,6,2/3,remined,1,1,6,6,1,0,1,0,64,1,1,0100010000100000000000111001111101010000110101000011000000000001
321132,6,2/3,pinned,1,6,6,6,1,1,1,1,64,1,6,0000000000000000000000000000000000000000000000000000000000000001
321132,6,3/4,remined,0,1,,,,,,,64,1,1,0100010000100000000000000000000000000000000101000011000000000000
321132,6,3/4,pinned,0,,,,,,,,64,1,,0000000000000000000000000000000000000000000000000000000000000000
321132,6,4/5,remined,0,1,,,,,,,64,1,1,0100010000100000000000000000000000000000000000000000000000000000
321132,6,4/5,pinned,0,,,,,,,,64,1,,0000000000000000000000000000000000000000000000000000000000000000
321132,6,1/1,remined,0,1,,,,,,,64,1,1,0100010000100000000000000000000000000000000000000000000000000000
321132,6,1/1,pinned,0,,,,,,,,64,1,,0000000000000000000000000000000000000000000000000000000000000000
321133,6,1/2,remined,1,1,1,1,1,1,0,0,64,1,1,0100011111111111011111111101111101111100111111111111111111111111
321133,6,1/2,pinned,1,3,4,4,1,1,0,0,64,1,3,0000000000000000000000000000000100000000000111110011001101111111
321133,6,2/3,remined,1,1,3,1,0,1,0,0,64,1,1,0100011000110000000001111101111101111100110111110011001100011001
321133,6,2/3,pinned,1,5,5,5,1,1,0,0,64,1,5,0000000000000000000000000000000000000000000000000000000000011001
321133,6,3/4,remined,0,1,,,,,,,64,1,1,0100011000110000000001000000000100000000000111110011001100011000
321133,6,3/4,pinned,0,,,,,,,,64,1,,0000000000000000000000000000000000000000000000000000000000000000
321133,6,4/5,remined,0,1,,,,,,,64,1,1,0100011000110000000001000000000100000000000000000000000000011000
321133,6,4/5,pinned,0,,,,,,,,64,1,,0000000000000000000000000000000000000000000000000000000000000000
321133,6,1/1,remined,0,1,,,,,,,64,1,1,0100011000110000000001000000000100000000000000000000000000000000
321133,6,1/1,pinned,0,,,,,,,,64,1,,0000000000000000000000000000000000000000000000000000000000000000
321211,6,1/2,remined,1,1,2,1,0,1,0,0,64,1,1,0100000111111011100110101110011000000000001111111101110101101001
321211,6,1/2,pinned,1,5,5,5,1,1,0,0,64,1,5,0000000000000000000000000000000000000000000000000000000001101001
321211,6,2/3,remined,0,1,,,,,,,64,1,1,0100000000000000000000101110011000000000000000000000000000000000
321211,6,2/3,pinned,0,,,,,,,,64,1,,0000000000000000000000000000000000000000000000000000000000000000
321211,6,3/4,remined,0,1,,,,,,,64,1,1,0100000000000000000000000000000000000000000000000000000000000000
321211,6,3/4,pinned,0,,,,,,,,64,1,,0000000000000000000000000000000000000000000000000000000000000000
321211,6,4/5,remined,0,1,,,,,,,64,1,1,0100000000000000000000000000000000000000000000000000000000000000
321211,6,4/5,pinned,0,,,,,,,,64,1,,0000000000000000000000000000000000000000000000000000000000000000
321211,6,1/1,remined,0,1,,,,,,,64,1,1,0100000000000000000000000000000000000000000000000000000000000000
321211,6,1/1,pinned,0,,,,,,,,64,1,,0000000000000000000000000000000000000000000000000000000000000000
321212,6,1/2,remined,1,1,1,1,1,1,0,0,64,1,1,0100000111111010101101101010110100000000001111011111101011010101
321212,6,1/2,pinned,1,5,5,5,1,1,0,0,64,1,5,0000000000000000000000000000000000000000000000000000000001010101
321212,6,2/3,remined,0,1,,,,,,,64,1,1,0100000000000000000000101010110100000000000000000000000000000000
321212,6,2/3,pinned,0,,,,,,,,64,1,,0000000000000000000000000000000000000000000000000000000000000000
321212,6,3/4,remined,0,1,,,,,,,64,1,1,0100000000000000000000000000000000000000000000000000000000000000
321212,6,3/4,pinned,0,,,,,,,,64,1,,0000000000000000000000000000000000000000000000000000000000000000
321212,6,4/5,remined,0,1,,,,,,,64,1,1,0100000000000000000000000000000000000000000000000000000000000000
321212,6,4/5,pinned,0,,,,,,,,64,1,,0000000000000000000000000000000000000000000000000000000000000000
321212,6,1/1,remined,0,1,,,,,,,64,1,1,0100000000000000000000000000000000000000000000000000000000000000
321212,6,1/1,pinned,0,,,,,,,,64,1,,0000000000000000000000000000000000000000000000000000000000000000
321213,6,1/2,remined,1,1,1,1,1,1,0,0,64,1,1,0100001111111011101111101110111100100101011111111111111111111111
321213,6,1/2,pinned,1,4,5,5,1,1,0,0,64,1,4,0000000000000000000000000000000000000000000010010101000001111111
321213,6,2/3,remined,1,1,6,6,1,0,1,0,64,1,1,0100001000010000000000101110111100100101010010010101000000000001
321213,6,2/3,pinned,1,6,6,6,1,1,1,1,64,1,6,0000000000000000000000000000000000000000000000000000000000000001
321213,6,3/4,remined,0,1,,,,,,,64,1,1,0100001000010000000000000000000000000000000010010101000000000000
321213,6,3/4,pinned,0,,,,,,,,64,1,,0000000000000000000000000000000000000000000000000000000000000000
321213,6,4/5,remined,0,1,,,,,,,64,1,1,0100001000010000000000000000000000000000000000000000000000000000
321213,6,4/5,pinned,0,,,,,,,,64,1,,0000000000000000000000000000000000000000000000000000000000000000
321213,6,1/1,remined,0,1,,,,,,,64,1,1,0100001000010000000000000000000000000000000000000000000000000000
321213,6,1/1,pinned,0,,,,,,,,64,1,,0000000000000000000000000000000000000000000000000000000000000000
321221,6,1/2,remined,1,1,1,1,1,1,0,0,64,1,1,0100000111111001110011100111001100000000001110111111011010110101
321221,6,1/2,pinned,1,5,5,5,1,1,0,0,64,1,5,0000000000000000000000000000000000000000000000000000000000110101
321221,6,2/3,remined,0,1,,,,,,,64,1,1,0100000000000000000000100111001100000000000000000000000000000000
321221,6,2/3,pinned,0,,,,,,,,64,1,,0000000000000000000000000000000000000000000000000000000000000000
321221,6,3/4,remined,0,1,,,,,,,64,1,1,0100000000000000000000000000000000000000000000000000000000000000
321221,6,3/4,pinned,0,,,,,,,,64,1,,0000000000000000000000000000000000000000000000000000000000000000
321221,6,4/5,remined,0,1,,,,,,,64,1,1,0100000000000000000000000000000000000000000000000000000000000000
321221,6,4/5,pinned,0,,,,,,,,64,1,,0000000000000000000000000000000000000000000000000000000000000000
321221,6,1/1,remined,0,1,,,,,,,64,1,1,0100000000000000000000000000000000000000000000000000000000000000
321221,6,1/1,pinned,0,,,,,,,,64,1,,0000000000000000000000000000000000000000000000000000000000000000
321222,6,1/2,remined,0,1,,,,,,,64,1,1,0100000111111000111000100011100000000000001110001110000000000000
321222,6,1/2,pinned,0,,,,,,,,64,1,,0000000000000000000000000000000000000000000000000000000000000000
321222,6,2/3,remined,0,1,,,,,,,64,1,1,0100000000000000000000100011100000000000000000000000000000000000
321222,6,2/3,pinned,0,,,,,,,,64,1,,0000000000000000000000000000000000000000000000000000000000000000
321222,6,3/4,remined,0,1,,,,,,,64,1,1,0100000000000000000000000000000000000000000000000000000000000000
321222,6,3/4,pinned,0,,,,,,,,64,1,,0000000000000000000000000000000000000000000000000000000000000000
321222,6,4/5,remined,0,1,,,,,,,64,1,1,0100000000000000000000000000000000000000000000000000000000000000
321222,6,4/5,pinned,0,,,,,,,,64,1,,0000000000000000000000000000000000000000000000000000000000000000
321222,6,1/1,remined,0,1,,,,,,,64,1,1,0100000000000000000000000000000000000000000000000000000000000000
321222,6,1/1,pinned,0,,,,,,,,64,1,,0000000000000000000000000000000000000000000000000000000000000000
321223,6,1/2,remined,1,1,1,1,1,1,0,0,64,1,1,0100001111111001111011100111101100100001101110111111011010110101
321223,6,1/2,pinned,1,4,4,4,1,1,0,0,64,1,4,0000000000000000000000000000000000000000000010000110000000110101
321223,6,2/3,remined,0,1,,,,,,,64,1,1,0100001000010000000000100111101100100001100010000110000000000000
321223,6,2/3,pinned,0,,,,,,,,64,1,,0000000000000000000000000000000000000000000000000000000000000000
321223,6,3/4,remined,0,1,,,,,,,64,1,1,0100001000010000000000000000000000000000000010000110000000000000
321223,6,3/4,pinned,0,,,,,,,,64,1,,0000000000000000000000000000000000000000000000000000000000000000
321223,6,4/5,remined,0,1,,,,,,,64,1,1,0100001000010000000000000000000000000000000000000000000000000000
321223,6,4/5,pinned,0,,,,,,,,64,1,,0000000000000000000000000000000000000000000000000000000000000000
321223,6,1/1,remined,0,1,,,,,,,64,1,1,0100001000010000000000000000000000000000000000000000000000000000
321223,6,1/1,pinned,0,,,,,,,,64,1,,0000000000000000000000000000000000000000000000000000000000000000
321231,6,1/2,remined,1,1,1,1,1,1,0,0,64,1,1,0100010111111011110111101111011101000110011111111111111111111111
321231,6,1/2,pinned,1,4,5,5,1,1,0,0,64,1,4,0000000000000000000000000000000000000000000100011001000001111111
321231,6,2/3,remined,1,1,6,6,1,0,1,0,64,1,1,0100010000100000000000101111011101000110010100011001000000000001
321231,6,2/3,pinned,1,6,6,6,1,1,1,1,64,1,6,0000000000000000000000000000000000000000000000000000000000000001
321231,6,3/4,remined,0,1,,,,,,,64,1,1,0100010000100000000000000000000000000000000100011001000000000000
321231,6,3/4,pinned,0,,,,,,,,64,1,,0000000000000000000000000000000000000000000000000000000000000000
321231,6,4/5,remined,0,1,,,,,,,64,1,1,0100010000100000000000000000000000000000000000000000000000000000
321231,6,4/5,pinned,0,,,,,,,,64,1,,0000000000000000000000000000000000000000000000000000000000000000
321231,6,1/1,remined,0,1,,,,,,,64,1,1,0100010000100000000000000000000000000000000000000000000000000000
321231,6,1/1,pinned,0,,,,,,,,64,1,,0000000000000000000000000000000000000000000000000000000000000000
321232,6,1/2,remined,1,1,1,1,1,1,0,0,64,1,1,0100010111111010111101101011110101000010101111011111101011010101
321232,6,1/2,pinned,1,4,4,4,1,1,0,0,64,1,4,0000000000000000000000000000000000000000000100001010000001010101
321232,6,2/3,remined,0,1,,,,,,,64,1,1,0100010000100000000000101011110101000010100100001010000000000000
321232,6,2/3,pinned,0,,,,,,,,64,1,,0000000000000000000000000000000000000000000000000000000000000000
321232,6,3/4,remined,0,1,,,,,,,64,1,1,0100010000100000000000000000000000000000000100001010000000000000
321232,6,3/4,pinned,0,,,,,,,,64,1,,0000000000000000000000000000000000000000000000000000000000000000
321232,6,4/5,remined,0,1,,,,,,,64,1,1,0100010000100000000000000000000000000000000000000000000000000000
321232,6,4/5,pinned,0,,,,,,,,64,1,,0000000000000000000000000000000000000000000000000000000000000000
321232,6,1/1,remined,0,1,,,,,,,64,1,1,0100010000100000000000000000000000000000000000000000000000000000
321232,6,1/1,pinned,0,,,,,,,,64,1,,0000000000000000000000000000000000000000000000000000000000000000
321233,6,1/2,remined,1,1,1,1,1,1,0,0,64,1,1,0100011111111011111111101111111101100111111111111111111111111111
321233,6,1/2,pinned,1,3,4,4,1,1,0,0,64,1,3,0000000000000000000000000000000100000000000110011111001011111111
321233,6,2/3,remined,1,1,1,1,1,1,0,0,64,1,1,0100011000110000000001101111111101100111110110011111001010010101
321233,6,2/3,pinned,1,5,5,5,1,1,0,0,64,1,5,0000000000000000000000000000000000000000000000000000000000010101
321233,6,3/4,remined,0,1,,,,,,,64,1,1,0100011000110000000001000000000100000000000110011111001010010100
321233,6,3/4,pinned,0,,,,,,,,64,1,,0000000000000000000000000000000000000000000000000000000000000000
321233,6,4/5,remined,0,1,,,,,,,64,1,1,0100011000110000000001000000000100000000000000000000000000010100
321233,6,4/5,pinned,0,,,,,,,,64,1,,0000000000000000000000000000000000000000000000000000000000000000
321233,6,1/1,remined,0,1,,,,,,,64,1,1,0100011000110000000001000000000100000000000000000000000000000000
321233,6,1/1,pinned,0,,,,,,,,64,1,,0000000000000000000000000000000000000000000000000000000000000000
321311,6,1/2,remined,1,1,2,1,0,1,0,0,64,1,1,0100100111111111100110111110011010011000001111111101110101101001
321311,6,1/2,pinned,1,4,4,4,1,1,0,0,64,1,4,0000000000000000000000000000000000000000001001100000000001101001
321311,6,2/3,remined,0,1,,,,,,,64,1,1,0100100001000000000000111110011010011000001001100000000000000000
321311,6,2/3,pinned,0,,,,,,,,64,1,,0000000000000000000000000000000000000000000000000000000000000000
321311,6,3/4,remined,0,1,,,,,,,64,1,1,0100100001000000000000000000000000000000001001100000000000000000
321311,6,3/4,pinned,0,,,,,,,,64,1,,0000000000000000000000000000000000000000000000000000000000000000
321311,6,4/5,remined,0,1,,,,,,,64,1,1,0100100001000000000000000000000000000000000000000000000000000000
321311,6,4/5,pinned,0,,,,,,,,64,1,,0000000000000000000000000000000000000000000000000000000000000000
321311,6,1/1,remined,0,1,,,,,,,64,1,1,0100100001000000000000000000000000000000000000000000000000000000
321311,6,1/1,pinned,0,,,,,,,,64,1,,0000000000000000000000000000000000000000000000000000000000000000
321312,6,1/2,remined,1,1,2,2,1,1,0,0,64,1,1,0100100111111110101111111010111110010001011111111111111111111111
321312,6,1/2,pinned,1,4,5,5,1,1,0,0,64,1,4,0000000000000000000000000000000000000000001001000101000001111111
321312,6,2/3,remined,1,1,6,6,1,0,1,0,64,1,1,0100100001000000000000111010111110010001011001000101000000000001
321312,6,2/3,pinned,1,6,6,6,1,1,1,1,64,1,6,0000000000000000000000000000000000000000000000000000000000000001
321312,6,3/4,remined,0,1,,,,,,,64,1,1,0100100001000000000000000000000000000000001001000101000000000000
321312,6,3/4,pinned,0,,,,,,,,64,1,,0000000000000000000000000000000000000000000000000000000000000000
321312,6,4/5,remined,0,1,,,,,,,64,1,1,0100100001000000000000000000000000000000000000000000000000000000
321312,6,4/5,pinned,0,,,,,,,,64,1,,0000000000000000000000000000000000000000000000000000000000000000
321312,6,1/1,remined,0,1,,,,,,,64,1,1,0100100001000000000000000000000000000000000000000000000000000000
321312,6,1/1,pinned,0,,,,,,,,64,1,,0000000000000000000000000000000000000000000000000000000000000000
321313,6,1/2,remined,1,1,1,1,1,1,0,0,64,1,1,0100101111111111101111111110111110111101011111111111111111111111
321313,6,1/2,pinned,1,3,4,4,1,1,0,0,64,1,3,0000000000000000000000000000001000000000001011110101010101111111
321313,6,2/3,remined,1,1,3,1,0,1,0,0,64,1,1,0100101001010000000010111110111110111101011011110101010100101001
321313,6,2/3,pinned,1,5,5,5,1,1,0,0,64,1,5,0000000000000000000000000000000000000000000000000000000000101001
321313,6,3/4,remined,0,1,,,,,,,64,1,1,0100101001010000000010000000001000000000001011110101010100101000
321313,6,3/4,pinned,0,,,,,,,,64,1,,0000000000000000000000000000000000000000000000000000000000000000
321313,6,4/5,remined,0,1,,,,,,,64,1,1,0100101001010000000010000000001000000000000000000000000000101000
321313,6,4/5,pinned,0,,,,,,,,64,1,,0000000000000000000000000000000000000000000000000000000000000000
321313,6,1/1,remined,0,1,,,,,,,64,1,1,0100101001010000000010000000001000000000000000000000000000000000
321313,6,1/1,pinned,0,,,,,,,,64,1,,0000000000000000000000000000000000000000000000000000000000000000
321321,6,1/2,remined,1,1,2,2,1,1,0,0,64,1,1,0100100111111101110111110111011110001010011111111111111111111111
321321,6,1/2,pinned,1,4,5,5,1,1,0,0,64,1,4,0000000000000000000000000000000000000000001000101001000001111111
321321,6,2/3,remined,1,1,6,6,1,0,1,0,64,1,1,0100100001000000000000110111011110001010011000101001000000000001
321321,6,2/3,pinned,1,6,6,6,1,1,1,1,64,1,6,0000000000000000000000000000000000000000000000000000000000000001
321321,6,3/4,remined,0,1,,,,,,,64,1,1,0100100001000000000000000000000000000000001000101001000000000000
321321,6,3/4,pinned,0,,,,,,,,64,1,,0000000000000000000000000000000000000000000000000000000000000000
321321,6,4/5,remined,0,1,,,,,,,64,1,1,0100100001000000000000000000000000000000000000000000000000000000
321321,6,4/5,pinned,0,,,,,,,,64,1,,0000000000000000000000000000000000000000000000000000000000000000
321321,6,1/1,remined,0,1,,,,,,,64,1,1,0100100001000000000000000000000000000000000000000000000000000000
321321,6,1/1,pinned,0,,,,,,,,64,1,,0000000000000000000000000000000000000000000000000000000000000000
321322,6,1/2,remined,1,1,2,1,0,1,0,0,64,1,1,0100100111111100111110110011111010000011001111101111110011100101
321322,6,1/2,pinned,1,4,4,4,1,1,0,0,64,1,4,0000000000000000000000000000000000000000001000001100000001100101
321322,6,2/3,remined,0,1,,,,,,,64,1,1,0100100001000000000000110011111010000011001000001100000000000000
321322,6,2/3,pinned,0,,,,,,,,64,1,,0000000000000000000000000000000000000000000000000000000000000000
321322,6,3/4,remined,0,1,,,,,,,64,1,1,0100100001000000000000000000000000000000001000001100000000000000
321322,6,3/4,pinned,0,,,,,,,,64,1,,0000000000000000000000000000000000000000000000000000000000000000
321322,6,4/5,remined,0,1,,,,,,,64,1,1,0100100001000000000000000000000000000000000000000000000000000000
321322,6,4/5,pinned,0,,,,,,,,64,1,,0000000000000000000000000000000000000000000000000000000000000000
321322,6,1/1,remined,0,1,,,,,,,64,1,1,0100100001000000000000000000000000000000000000000000000000000000
321322,6,1/1,pinned,0,,,,,,,,64,1,,0000000000000000000000000000000000000000000000000000000000000000
321323,6,1/2,remined,1,1,1,1,1,1,0,0,64,1,1,0100101111111101111111110111111110101011111111111111111111111111
321323,6,1/2,pinned,1,3,4,4,1,1,0,0,64,1,3,0000000000000000000000000000001000000000001010101111010011111111
321323,6,2/3,remined,1,1,1,1,1,1,0,0,64,1,1,0100101001010000000010110111111110101011111010101111010010100101
321323,6,2/3,pinned,1,5,5,5,1,1,0,0,64,1,5,0000000000000000000000000000000000000000000000000000000000100101
321323,6,3/4,remined,0,1,,,,,,,64,1,1,0100101001010000000010000000001000000000001010101111010010100100
321323,6,3/4,pinned,0,,,,,,,,64,1,,0000000000000000000000000000000000000000000000000000000000000000
321323,6,4/5,remined,0,1,,,,,,,64,1,1,0100101001010000000010000000001000000000000000000000000000100100
321323,6,4/5,pinned,0,,,,,,,,64,1,,0000000000000000000000000000000000000000000000000000000000000000
321323,6,1/1,remined,0,1,,,,,,,64,1,1,0100101001010000000010000000001000000000000000000000000000000000
321323,6,1/1,pinned,0,,,,,,,,64,1,,0000000000000000000000000000000000000000000000000000000000000000
321331,6,1/2,remined,1,1,1,1,1,1,0,0,64,1,1,0100110111111111110111111111011111011110011111111111111111111111
321331,6,1/2,pinned,1,3,4,4,1,1,0,0,64,1,3,0000000000000000000000000000010000000000001101111001100101111111
321331,6,2/3,remined,1,1,3,3,1,0,0,0,64,1,1,0100110001100000000100111111011111011110011101111001100101001001
321331,6,2/3,pinned,1,5,5,5,1,1,0,0,64,1,5,0000000000000000000000000000000000000000000000000000000001001001
321331,6,3/4,remined,0,1,,,,,,,64,1,1,0100110001100000000100000000010000000000001101111001100101001000
321331,6,3/4,pinned,0,,,,,,,,64,1,,0000000000000000000000000000000000000000000000000000000000000000
321331,6,4/5,remined,0,1,,,,,,,64,1,1,0100110001100000000100000000010000000000000000000000000001001000
321331,6,4/5,pinned,0,,,,,,,,64,1,,0000000000000000000000000000000000000000000000000000000000000000
321331,6,1/1,remined,0,1,,,,,,,64,1,1,0100110001100000000100000000010000000000000000000000000000000000
321331,6,1/1,pinned,0,,,,,,,,64,1,,0000000000000000000000000000000000000000000000000000000000000000
321332,6,1/2,remined,1,1,1,1,1,1,0,0,64,1,1,0100110111111110111111111011111111010011111111111111111111111111
321332,6,1/2,pinned,1,3,4,4,1,1,0,0,64,1,3,0000000000000000000000000000010000000000001101001111100011111111
321332,6,2/3,remined,1,1,2,1,0,1,0,0,64,1,1,0100110001100000000100111011111111010011111101001111100011000101
321332,6,2/3,pinned,1,5,5,5,1,1,0,0,64,1,5,0000000000000000000000000000000000000000000000000000000001000101
321332,6,3/4,remined,0,1,,,,,,,64,1,1,0100110001100000000100000000010000000000001101001111100011000100
321332,6,3/4,pinned,0,,,,,,,,64,1,,0000000000000000000000000000000000000000000000000000000000000000
321332,6,4/5,remined,0,1,,,,,,,64,1,1,0100110001100000000100000000010000000000000000000000000001000100
321332,6,4/5,pinned,0,,,,,,,,64,1,,0000000000000000000000000000000000000000000000000000000000000000
321332,6,1/1,remined,0,1,,,,,,,64,1,1,0100110001100000000100000000010000000000000000000000000000000000
321332,6,1/1,pinned,0,,,,,,,,64,1,,0000000000000000000000000000000000000000000000000000000000000000
321333,6,1/2,remined,1,1,1,1,1,1,0,0,64,1,1,0100111111111111111111111111111111111111111111111111111111111111
321333,6,1/2,pinned,1,3,3,3,1,1,0,0,64,1,3,0000000000000000000000000000011100000000011111111111111111111111
321333,6,2/3,remined,1,1,1,1,1,1,0,0,64,1,1,0100111001110000000111111111111111111111111111111111111111111111
321333,6,2/3,pinned,1,4,5,5,1,1,0,0,64,1,4,0000000000000000000000000000000000000000000000000001000001111111
321333,6,3/4,remined,1,1,1,1,1,1,0,0,64,1,1,0100111001110000000111000000011100000000011111111111111111111111
321333,6,3/4,pinned,1,6,6,6,1,1,1,1,64,1,6,0000000000000000000000000000000000000000000000000000000000000001
321333,6,4/5,remined,1,1,5,5,1,0,0,0,64,1,1,0100111001110000000111000000011100000000010000000001000001111111
321333,6,4/5,pinned,1,6,6,6,1,1,1,1,64,1,6,0000000000000000000000000000000000000000000000000000000000000001
321333,6,1/1,remined,0,1,,,,,,,64,1,1,0100111001110000000111000000011100000000010000000001000000000000
321333,6,1/1,pinned,0,,,,,,,,64,1,,0000000000000000000000000000000000000000000000000000000000000000
322111,6,1/2,remined,1,1,4,1,0,1,0,0,64,1,1,0100000111110111111000011111100000000000001111111110111001110001
322111,6,1/2,pinned,1,5,5,5,1,1,0,0,64,1,5,0000000000000000000000000000000000000000000000000000000001110001
322111,6,2/3,remined,0,1,,,,,,,64,1,1,0100000000000000000000011111100000000000000000000000000000000000
322111,6,2/3,pinned,0,,,,,,,,64,1,,0000000000000000000000000000000000000000000000000000000000000000
322111,6,3/4,remined,0,1,,,,,,,64,1,1,0100000000000000000000000000000000000000000000000000000000000000
322111,6,3/4,pinned,0,,,,,,,,64,1,,0000000000000000000000000000000000000000000000000000000000000000
322111,6,4/5,remined,0,1,,,,,,,64,1,1,0100000000000000000000000000000000000000000000000000000000000000
322111,6,4/5,pinned,0,,,,,,,,64,1,,0000000000000000000000000000000000000000000000000000000000000000
322111,6,1/1,remined,0,1,,,,,,,64,1,1,0100000000000000000000000000000000000000000000000000000000000000
322111,6,1/1,pinned,0,,,,,,,,64,1,,0000000000000000000000000000000000000000000000000000000000000000
322112,6,1/2,remined,1,1,1,1,1,1,0,0,64,1,1,0100000111110110110011011011001100000000001101111111100111001101
322112,6,1/2,pinned,1,5,5,5,1,1,0,0,64,1,5,0000000000000000000000000000000000000000000000000000000001001101
322112,6,2/3,remined,0,1,,,,,,,64,1,1,0100000000000000000000011011001100000000000000000000000000000000
322112,6,2/3,pinned,0,,,,,,,,64,1,,0000000000000000000000000000000000000000000000000000000000000000
322112,6,3/4,remined,0,1,,,,,,,64,1,1,0100000000000000000000000000000000000000000000000000000000000000
322112,6,3/4,pinned,0,,,,,,,,64,1,,0000000000000000000000000000000000000000000000000000000000000000
322112,6,4/5,remined,0,1,,,,,,,64,1,1,0100000000000000000000000000000000000000000000000000000000000000
322112,6,4/5,pinned,0,,,,,,,,64,1,,0000000000000000000000000000000000000000000000000000000000000000
322112,6,1/1,remined,0,1,,,,,,,64,1,1,0100000000000000000000000000000000000000000000000000000000000000
322112,6,1/1,pinned,0,,,,,,,,64,1,,0000000000000000000000000000000000000000000000000000000000000000
322113,6,1/2,remined,1,1,2,1,0,1,0,0,64,1,1,0100001111110111111011011111101100001101101111111111111111111111
322113,6,1/2,pinned,1,4,5,5,1,1,0,0,64,1,4,0000000000000000000000000000000000000000000000110110000001111111
322113,6,2/3,remined,1,1,6,6,1,0,1,0,64,1,1,0100001000010000000000011111101100001101100000110110000000000001
322113,6,2/3,pinned,1,6,6,6,1,1,1,1,64,1,6,0000000000000000000000000000000000000000000000000000000000000001
322113,6,3/4,remined,0,1,,,,,,,64,1,1,0100001000010000000000000000000000000000000000110110000000000000
322113,6,3/4,pinned,0,,,,,,,,64,1,,0000000000000000000000000000000000000000000000000000000000000000
322113,6,4/5,remined,0,1,,,,,,,64,1,1,0100001000010000000000000000000000000000000000000000000000000000
322113,6,4/5,pinned,0,,,,,,,,64,1,,0000000000000000000000000000000000000000000000000000000000000000
322113,6,1/1,remined,0,1,,,,,,,64,1,1,0100001000010000000000000000000000000000000000000000000000000000
322113,6,1/1,pinned,0,,,,,,,,64,1,,0000000000000000000000000000000000000000000000000000000000000000
322121,6,1/2,remined,1,1,1,1,1,1,0,0,64,1,1,0100000111110101101101010110110100000000001011111111010110101101
322121,6,1/2,pinned,1,5,5,5,1,1,0,0,64,1,5,0000000000000000000000000000000000000000000000000000000000101101
322121,6,2/3,remined,0,1,,,,,,,64,1,1,0100000000000000000000010110110100000000000000000000000000000000
322121,6,2/3,pinned,0,,,,,,,,64,1,,0000000000000000000000000000000000000000000000000000000000000000
322121,6,3/4,remined,0,1,,,,,,,64,1,1,0100000000000000000000000000000000000000000000000000000000000000
322121,6,3/4,pinned,0,,,,,,,,64,1,,0000000000000000000000000000000000000000000000000000000000000000
322121,6,4/5,remined,0,1,,,,,,,64,1,1,0100000000000000000000000000000000000000000000000000000000000000
322121,6,4/5,pinned,0,,,,,,,,64,1,,0000000000000000000000000000000000000000000000000000000000000000
322121,6,1/1,remined,0,1,,,,,,,64,1,1,0100000000000000000000000000000000000000000000000000000000000000
322121,6,1/1,pinned,0,,,,,,,,64,1,,0000000000000000000000000000000000000000000000000000000000000000
322122,6,1/2,remined,0,1,,,,,,,64,1,1,0100000111110100100110010010011000000000001001101101000000000000
322122,6,1/2,pinned,0,,,,,,,,64,1,,0000000000000000000000000000000000000000000000000000000000000000
322122,6,2/3,remined,0,1,,,,,,,64,1,1,0100000000000000000000010010011000000000000000000000000000000000
322122,6,2/3,pinned,0,,,,,,,,64,1,,0000000000000000000000000000000000000000000000000000000000000000
322122,6,3/4,remined,0,1,,,,,,,64,1,1,0100000000000000000000000000000000000000000000000000000000000000
322122,6,3/4,pinned,0,,,,,,,,64,1,,0000000000000000000000000000000000000000000000000000000000000000
322122,6,4/5,remined,0,1,,,,,,,64,1,1,0100000000000000000000000000000000000000000000000000000000000000
322122,6,4/5,pinned,0,,,,,,,,64,1,,0000000000000000000000000000000000000000000000000000000000000000
322122,6,1/1,remined,0,1,,,,,,,64,1,1,0100000000000000000000000000000000000000000000000000000000000000
322122,6,1/1,pinned,0,,,,,,,,64,1,,0000000000000000000000000000000000000000000000000000000000000000
322123,6,1/2,remined,1,1,1,1,1,1,0,0,64,1,1,0100001111110101101111010110111100001001011011111111010110101101
322123,6,1/2,pinned,1,4,4,4,1,1,0,0,64,1,4,0000000000000000000000000000000000000000000000100101000000101101
322123,6,2/3,remined,0,1,,,,,,,64,1,1,0100001000010000000000010110111100001001010000100101000000000000
322123,6,2/3,pinned,0,,,,,,,,64,1,,0000000000000000000000000000000000000000000000000000000000000000
322123,6,3/4,remined,0,1,,,,,,,64,1,1,0100001000010000000000000000000000000000000000100101000000000000
322123,6,3/4,pinned,0,,,,,,,,64,1,,0000000000000000000000000000000000000000000000000000000000000000
322123,6,4/5,remined,0,1,,,,,,,64,1,1,0100001000010000000000000000000000000000000000000000000000000000
322123,6,4/5,pinned,0,,,,,,,,64,1,,0000000000000000000000000000000000000000000000000000000000000000
322123,6,1/1,remined,0,1,,,,,,,64,1,1,0100001000010000000000000000000000000000000000000000000000000000
322123,6,1/1,pinned,0,,,,,,,,64,1,,0000000000000000000000000000000000000000000000000000000000000000
322131,6,1/2,remined,1,1,2,2,1,1,0,0,64,1,1,0100010111110111111101011111110100010110101111111111111111111111
322131,6,1/2,pinned,1,4,5,5,1,1,0,0,64,1,4,0000000000000000000000000000000000000000000001011010000001111111
322131,6,2/3,remined,1,1,6,6,1,0,1,0,64,1,1,0100010000100000000000011111110100010110100001011010000000000001
322131,6,2/3,pinned,1,6,6,6,1,1,1,1,64,1,6,0000000000000000000000000000000000000000000000000000000000000001
322131,6,3/4,remined,0,1,,,,,,,64,1,1,0100010000100000000000000000000000000000000001011010000000000000
322131,6,3/4,pinned,0,,,,,,,,64,1,,0000000000000000000000000000000000000000000000000000000000000000
322131,6,4/5,remined,0,1,,,,,,,64,1,1,0100010000100000000000000000000000000000000000000000000000000000
322131,6,4/5,pinned,0,,,,,,,,64,1,,0000000000000000000000000000000000000000000000000000000000000000
322131,6,1/1,remined,0,1,,,,,,,64,1,1,0100010000100000000000000000000000000000000000000000000000000000
322131,6,1/1,pinned,0,,,,,,,,64,1,,0000000000000000000000000000000000000000000000000000000000000000
322132,6,1/2,remined,1,1,1,1,1,1,0,0,64,1,1,0100010111110110110111011011011100010010011101111111100111001101
322132,6,1/2,pinned,1,4,4,4,1,1,0,0,64,1,4,0000000000000000000000000000000000000000000001001001000001001101
322132,6,2/3,remined,0,1,,,,,,,64,1,1,0100010000100000000000011011011100010010010001001001000000000000
322132,6,2/3,pinned,0,,,,,,,,64,1,,0000000000000000000000000000000000000000000000000000000000000000
322132,6,3/4,remined,0,1,,,,,,,64,1,1,0100010000100000000000000000000000000000000001001001000000000000
322132,6,3/4,pinned,0,,,,,,,,64,1,,0000000000000000000000000000000000000000000000000000000000000000
322132,6,4/5,remined,0,1,,,,,,,64,1,1,0100010000100000000000000000000000000000000000000000000000000000
322132,6,4/5,pinned,0,,,,,,,,64,1,,0000000000000000000000000000000000000000000000000000000000000000
322132,6,1/1,remined,0,1,,,,,,,64,1,1,0100010000100000000000000000000000000000000000000000000000000000
322132,6,1/1,pinned,0,,,,,,,,64,1,,0000000000000000000000000000000000000000000000000000000000000000
322133,6,1/2,remined,1,1,1,1,1,1,0,0,64,1,1,0100011111110111111111011111111100011111111111111111111111111111
322133,6,1/2,pinned,1,3,4,4,1,1,0,0,64,1,3,0000000000000000000000000000000100000000000001111111000111111111
322133,6,2/3,remined,1,1,1,1,1,1,0,0,64,1,1,0100011000110000000001011111111100011111110001111111000110001101
322133,6,2/3,pinned,1,5,5,5,1,1,0,0,64,1,5,0000000000000000000000000000000000000000000000000000000000001101
322133,6,3/4,remined,0,1,,,,,,,64,1,1,0100011000110000000001000000000100000000000001111111000110001100
322133,6,3/4,pinned,0,,,,,,,,64,1,,0000000000000000000000000000000000000000000000000000000000000000
322133,6,4/5,remined,0,1,,,,,,,64,1,1,0100011000110000000001000000000100000000000000000000000000001100
322133,6,4/5,pinned,0,,,,,,,,64,1,,0000000000000000000000000000000000000000000000000000000000000000
322133,6,1/1,remined,0,1,,,,,,,64,1,1,0100011000110000000001000000000100000000000000000000000000000000
322133,6,1/1,pinned,0,,,,,,,,64,1,,0000000000000000000000000000000000000000000000000000000000000000
322211,6,1/2,remined,1,1,2,1,0,1,0,0,64,1,1,0100000111110011011110001101111000000000000111111111001110011101
322211,6,1/2,pinned,1,5,5,5,1,1,0,0,64,1,5,0000000000000000000000000000000000000000000000000000000000011101
322211,6,2/3,remined,0,1,,,,,,,64,1,1,0100000000000000000000001101111000000000000000000000000000000000
322211,6,2/3,pinned,0,,,,,,,,64,1,,0000000000000000000000000000000000000000000000000000000000000000
322211,6,3/4,remined,0,1,,,,,,,64,1,1,0100000000000000000000000000000000000000000000000000000000000000
322211,6,3/4,pinned,0,,,,,,,,64,1,,0000000000000000000000000000000000000000000000000000000000000000
322211,6,4/5,remined,0,1,,,,,,,64,1,1,0100000000000000000000000000000000000000000000000000000000000000
322211,6,4/5,pinned,0,,,,,,,,64,1,,0000000000000000000000000000000000000000000000000000000000000000
322211,6,1/1,remined,0,1,,,,,,,64,1,1,0100000000000000000000000000000000000000000000000000000000000000
322211,6,1/1,pinned,0,,,,,,,,64,1,,0000000000000000000000000000000000000000000000000000000000000000
322212,6,1/2,remined,0,1,,,,,,,64,1,1,0100000111110010010101001001010100000000000101011011000000000000
322212,6,1/2,pinned,0,,,,,,,,64,1,,0000000000000000000000000000000000000000000000000000000000000000
322212,6,2/3,remined,0,1,,,,,,,64,1,1,0100000000000000000000001001010100000000000000000000000000000000
322212,6,2/3,pinned,0,,,,,,,,64,1,,0000000000000000000000000000000000000000000000000000000000000000
322212,6,3/4,remined,0,1,,,,,,,64,1,1,0100000000000000000000000000000000000000000000000000000000000000
322212,6,3/4,pinned,0,,,,,,,,64,1,,0000000000000000000000000000000000000000000000000000000000000000
322212,6,4/5,remined,0,1,,,,,,,64,1,1,0100000000000000000000000000000000000000000000000000000000000000
322212,6,4/5,pinned,0,,,,,,,,64,1,,0000000000000000000000000000000000000000000000000000000000000000
322212,6,1/1,remined,0,1,,,,,,,64,1,1,0100000000000000000000000000000000000000000000000000000000000000
322212,6,1/1,pinned,0,,,,,,,,64,1,,0000000000000000000000000000000000000000000000000000000000000000
322213,6,1/2,remined,1,1,1,1,1,1,0,0,64,1,1,0100001111110011011111001101111100000100110111111111001110011101
322213,6,1/2,pinned,1,4,4,4,1,1,0,0,64,1,4,0000000000000000000000000000000000000000000000010011000000011101
322213,6,2/3,remined,0,1,,,,,,,64,1,1,0100001000010000000000001101111100000100110000010011000000000000
322213,6,2/3,pinned,0,,,,,,,,64,1,,0000000000000000000000000000000000000000000000000000000000000000
322213,6,3/4,remined,0,1,,,,,,,64,1,1,0100001000010000000000000000000000000000000000010011000000000000
322213,6,3/4,pinned,0,,,,,,,,64,1,,0000000000000000000000000000000000000000000000000000000000000000
322213,6,4/5,remined,0,1,,,,,,,64,1,1,0100001000010000000000000000000000000000000000000000000000000000
322213,6,4/5,pinned,0,,,,,,,,64,1,,0000000000000000000000000000000000000000000000000000000000000000
322213,6,1/1,remined,0,1,,,,,,,64,1,1,0100001000010000000000000000000000000000000000000000000000000000
322213,6,1/1,pinned,0,,,,,,,,64,1,,0000000000000000000000000000000000000000000000000000000000000000
322221,6,1/2,remined,0,1,,,,,,,64,1,1,0100000111110001001011000100101100000000000010110111000000000000
322221,6,1/2,pinned,0,,,,,,,,64,1,,0000000000000000000000000000000000000000000000000000000000000000
322221,6,2/3,remined,0,1,,,,,,,64,1,1,0100000000000000000000000100101100000000000000000000000000000000
322221,6,2/3,pinned,0,,,,,,,,64,1,,0000000000000000000000000000000000000000000000000000000000000000
322221,6,3/4,remined,0,1,,,,,,,64,1,1,0100000000000000000000000000000000000000000000000000000000000000
322221,6,3/4,pinned,0,,,,,,,,64,1,,0000000000000000000000000000000000000000000000000000000000000000
322221,6,4/5,remined,0,1,,,,,,,64,1,1,0100000000000000000000000000000000000000000000000000000000000000
322221,6,4/5,pinned,0,,,,,,,,64,1,,0000000000000000000000000000000000000000000000000000000000000000
322221,6,1/1,remined,0,1,,,,,,,64,1,1,0100000000000000000000000000000000000000000000000000000000000000
322221,6,1/1,pinned,0,,,,,,,,64,1,,0000000000000000000000000000000000000000000000000000000000000000
322222,6,1/2,remined,0,1,,,,,,,64,1,1,0100000111110000000000000000000000000000000000000000000000000000
322222,6,1/2,pinned,0,,,,,,,,64,1,,0000000000000000000000000000000000000000000000000000000000000000
322222,6,2/3,remined,0,1,,,,,,,64,1,1,0100000000000000000000000000000000000000000000000000000000000000
322222,6,2/3,pinned,0,,,,,,,,64,1,,0000000000000000000000000000000000000000000000000000000000000000
322222,6,3/4,remined,0,1,,,,,,,64,1,1,0100000000000000000000000000000000000000000000000000000000000000
322222,6,3/4,pinned,0,,,,,,,,64,1,,0000000000000000000000000000000000000000000000000000000000000000
322222,6,4/5,remined,0,1,,,,,,,64,1,1,0100000000000000000000000000000000000000000000000000000000000000
322222,6,4/5,pinned,0,,,,,,,,64,1,,0000000000000000000000000000000000000000000000000000000000000000
322222,6,1/1,remined,0,1,,,,,,,64,1,1,0100000000000000000000000000000000000000000000000000000000000000
322222,6,1/1,pinned,0,,,,,,,,64,1,,0000000000000000000000000000000000000000000000000000000000000000
322223,6,1/2,remined,0,1,,,,,,,64,1,1,0100001111110001001011000100101100000000000010110111000000000000
322223,6,1/2,pinned,0,,,,,,,,64,1,,0000000000000000000000000000000000000000000000000000000000000000
322223,6,2/3,remined,0,1,,,,,,,64,1,1,0100001000010000000000000100101100000000000000000000000000000000
322223,6,2/3,pinned,0,,,,,,,,64,1,,0000000000000000000000000000000000000000000000000000000000000000
322223,6,3/4,remined,0,1,,,,,,,64,1,1,0100001000010000000000000000000000000000000000000000000000000000
322223,6,3/4,pinned,0,,,,,,,,64,1,,0000000000000000000000000000000000000000000000000000000000000000
322223,6,4/5,remined,0,1,,,,,,,64,1,1,0100001000010000000000000000000000000000000000000000000000000000
322223,6,4/5,pinned,0,,,,,,,,64,1,,0000000000000000000000000000000000000000000000000000000000000000
322223,6,1/1,remined,0,1,,,,,,,64,1,1,0100001000010000000000000000000000000000000000000000000000000000
322223,6,1/1,pinned,0,,,,,,,,64,1,,0000000000000000000000000000000000000000000000000000000000000000
322231,6,1/2,remined,1,1,1,1,1,1,0,0,64,1,1,0100010111110011011111001101111100000100110111111111001110011101
322231,6,1/2,pinned,1,4,4,4,1,1,0,0,64,1,4,0000000000000000000000000000000000000000000000010011000000011101
322231,6,2/3,remined,0,1,,,,,,,64,1,1,0100010000100000000000001101111100000100110000010011000000000000
322231,6,2/3,pinned,0,,,,,,,,64,1,,0000000000000000000000000000000000000000000000000000000000000000
322231,6,3/4,remined,0,1,,,,,,,64,1,1,0100010000100000000000000000000000000000000000010011000000000000
322231,6,3/4,pinned,0,,,,,,,,64,1,,0000000000000000000000000000000000000000000000000000000000000000
322231,6,4/5,remined,0,1,,,,,,,64,1,1,0100010000100000000000000000000000000000000000000000000000000000
322231,6,4/5,pinned,0,,,,,,,,64,1,,0000000000000000000000000000000000000000000000000000000000000000
322231,6,1/1,remined,0,1,,,,,,,64,1,1,0100010000100000000000000000000000000000000000000000000000000000
322231,6,1/1,pinned,0,,,,,,,,64,1,,0000000000000000000000000000000000000000000000000000000000000000
322232,6,1/2,remined,0,1,,,,,,,64,1,1,0100010111110010010101001001010100000000000101011011000000000000
322232,6,1/2,pinned,0,,,,,,,,64,1,,0000000000000000000000000000000000000000000000000000000000000000
322232,6,2/3,remined,0,1,,,,,,,64,1,1,0100010000100000000000001001010100000000000000000000000000000000
322232,6,2/3,pinned,0,,,,,,,,64,1,,0000000000000000000000000000000000000000000000000000000000000000
322232,6,3/4,remined,0,1,,,,,,,64,1,1,0100010000100000000000000000000000000000000000000000000000000000
322232,6,3/4,pinned,0,,,,,,,,64,1,,0000000000000000000000000000000000000000000000000000000000000000
322232,6,4/5,remined,0,1,,,,,,,64,1,1,0100010000100000000000000000000000000000000000000000000000000000
322232,6,4/5,pinned,0,,,,,,,,64,1,,0000000000000000000000000000000000000000000000000000000000000000
322232,6,1/1,remined,0,1,,,,,,,64,1,1,0100010000100000000000000000000000000000000000000000000000000000
322232,6,1/1,pinned,0,,,,,,,,64,1,,0000000000000000000000000000000000000000000000000000000000000000
322233,6,1/2,remined,1,1,1,1,1,1,0,0,64,1,1,0100011111110011011111001101111100000100110111111111001110011101
322233,6,1/2,pinned,1,3,3,3,1,1,0,0,64,1,3,0000000000000000000000000000000100000000000000010011000000011101
322233,6,2/3,remined,0,1,,,,,,,64,1,1,0100011000110000000001001101111100000100110000010011000000000000
322233,6,2/3,pinned,0,,,,,,,,64,1,,0000000000000000000000000000000000000000000000000000000000000000
322233,6,3/4,remined,0,1,,,,,,,64,1,1,0100011000110000000001000000000100000000000000010011000000000000
322233,6,3/4,pinned,0,,,,,,,,64,1,,0000000000000000000000000000000000000000000000000000000000000000
322233,6,4/5,remined,0,1,,,,,,,64,1,1,0100011000110000000001000000000100000000000000000000000000000000
322233,6,4/5,pinned,0,,,,,,,,64,1,,0000000000000000000000000000000000000000000000000000000000000000
322233,6,1/1,remined,0,1,,,,,,,64,1,1,0100011000110000000001000000000100000000000000000000000000000000
322233,6,1/1,pinned,0,,,,,,,,64,1,,0000000000000000000000000000000000000000000000000000000000000000
322311,6,1/2,remined,1,1,2,1,0,1,0,0,64,1,1,0100100111110111111110011111111000011011001111111111111111111111
322311,6,1/2,pinned,1,4,5,5,1,1,0,0,64,1,4,0000000000000000000000000000000000000000000001101100000001111111
322311,6,2/3,remined,1,1,6,6,1,0,1,0,64,1,1,0100100001000000000000011111111000011011000001101100000000000001
322311,6,2/3,pinned,1,6,6,6,1,1,1,1,64,1,6,0000000000000000000000000000000000000000000000000000000000000001
322311,6,3/4,remined,0,1,,,,,,,64,1,1,0100100001000000000000000000000000000000000001101100000000000000
322311,6,3/4,pinned,0,,,,,,,,64,1,,0000000000000000000000000000000000000000000000000000000000000000
322311,6,4/5,remined,0,1,,,,,,,64,1,1,0100100001000000000000000000000000000000000000000000000000000000
322311,6,4/5,pinned,0,,,,,,,,64,1,,0000000000000000000000000000000000000000000000000000000000000000
322311,6,1/1,remined,0,1,,,,,,,64,1,1,0100100001000000000000000000000000000000000000000000000000000000
322311,6,1/1,pinned,0,,,,,,,,64,1,,0000000000000000000000000000000000000000000000000000000000000000
322312,6,1/2,remined,1,1,1,1,1,1,0,0,64,1,1,0100100111110110110111011011011100010010011101111111100111001101
322312,6,1/2,pinned,1,4,4,4,1,1,0,0,64,1,4,0000000000000000000000000000000000000000000001001001000001001101
322312,6,2/3,remined,0,1,,,,,,,64,1,1,0100100001000000000000011011011100010010010001001001000000000000
322312,6,2/3,pinned,0,,,,,,,,64,1,,0000000000000000000000000000000000000000000000000000000000000000
322312,6,3/4,remined,0,1,,,,,,,64,1,1,0100100001000000000000000000000000000000000001001001000000000000
322312,6,3/4,pinned,0,,,,,,,,64,1,,0000000000000000000000000000000000000000000000000000000000000000
322312,6,4/5,remined,0,1,,,,,,,64,1,1,0100100001000000000000000000000000000000000000000000000000000000
322312,6,4/5,pinned,0,,,,,,,,64,1,,0000000000000000000000000000000000000000000000000000000000000000
322312,6,1/1,remined,0,1,,,,,,,64,1,1,0100100001000000000000000000000000000000000000000000000000000000
322312,6,1/1,pinned,0,,,,,,,,64,1,,0000000000000000000000000000000000000000000000000000000000000000
322313,6,1/2,remined,1,1,1,1,1,1,0,0,64,1,1,0100101111110111111111011111111100011111111111111111111111111111
322313,6,1/2,pinned,1,3,4,4,1,1,0,0,64,1,3,0000000000000000000000000000001000000000000001111111000111111111
322313,6,2/3,remined,1,1,1,1,1,1,0,0,64,1,1,0100101001010000000010011111111100011111110001111111000110001101
322313,6,2/3,pinned,1,5,5,5,1,1,0,0,64,1,5,0000000000000000000000000000000000000000000000000000000000001101
322313,6,3/4,remined,0,1,,,,,,,64,1,1,0100101001010000000010000000001000000000000001111111000110001100
322313,6,3/4,pinned,0,,,,,,,,64,1,,0000000000000000000000000000000000000000000000000000000000000000
322313,6,4/5,remined,0,1,,,,,,,64,1,1,0100101001010000000010000000001000000000000000000000000000001100
322313,6,4/5,pinned,0,,,,,,,,64,1,,0000000000000000000000000000000000000000000000000000000000000000
322313,6,1/1,remined,0,1,,,,,,,64,1,1,0100101001010000000010000000001000000000000000000000000000000000
322313,6,1/1,pinned,0,,,,,,,,64,1,,0000000000000000000000000000000000000000000000000000000000000000
322321,6,1/2,remined,1,1,1,1,1,1,0,0,64,1,1,0100100111110101101111010110111100001001011011111111010110101101
322321,6,1/2,pinned,1,4,4,4,1,1,0,0,64,1,4,0000000000000000000000000000000000000000000000100101000000101101
322321,6,2/3,remined,0,1,,,,,,,64,1,1,0100100001000000000000010110111100001001010000100101000000000000
322321,6,2/3,pinned,0,,,,,,,,64,1,,0000000000000000000000000000000000000000000000000000000000000000
322321,6,3/4,remined,0,1,,,,,,,64,1,1,0100100001000000000000000000000000000000000000100101000000000000
322321,6,3/4,pinned,0,,,,,,,,64,1,,0000000000000000000000000000000000000000000000000000000000000000
322321,6,4/5,remined,0,1,,,,,,,64,1,1,0100100001000000000000000000000000000000000000000000000000000000
322321,6,4/5,pinned,0,,,,,,,,64,1,,0000000000000000000000000000000000000000000000000000000000000000
322321,6,1/1,remined,0,1,,,,,,,64,1,1,0100100001000000000000000000000000000000000000000000000000000000
322321,6,1/1,pinned,0,,,,,,,,64,1,,0000000000000000000000000000000000000000000000000000000000000000
322322,6,1/2,remined,0,1,,,,,,,64,1,1,0100100111110100100110010010011000000000001001101101000000000000
322322,6,1/2,pinned,0,,,,,,,,64,1,,0000000000000000000000000000000000000000000000000000000000000000
322322,6,2/3,remined,0,1,,,,,,,64,1,1,0100100001000000000000010010011000000000000000000000000000000000
322322,6,2/3,pinned,0,,,,,,,,64,1,,0000000000000000000000000000000000000000000000000000000000000000
322322,6,3/4,remined,0,1,,,,,,,64,1,1,0100100001000000000000000000000000000000000000000000000000000000
322322,6,3/4,pinned,0,,,,,,,,64,1,,0000000000000000000000000000000000000000000000000000000000000000
322322,6,4/5,remined,0,1,,,,,,,64,1,1,0100100001000000000000000000000000000000000000000000000000000000
322322,6,4/5,pinned,0,,,,,,,,64,1,,0000000000000000000000000000000000000000000000000000000000000000
322322,6,1/1,remined,0,1,,,,,,,64,1,1,0100100001000000000000000000000000000000000000000000000000000000
322322,6,1/1,pinned,0,,,,,,,,64,1,,0000000000000000000000000000000000000000000000000000000000000000
322323,6,1/2,remined,1,1,1,1,1,1,0,0,64,1,1,0100101111110101101111010110111100001001011011111111010110101101
322323,6,1/2,pinned,1,3,3,3,1,1,0,0,64,1,3,0000000000000000000000000000001000000000000000100101000000101101
322323,6,2/3,remined,0,1,,,,,,,64,1,1,0100101001010000000010010110111100001001010000100101000000000000
322323,6,2/3,pinned,0,,,,,,,,64,1,,0000000000000000000000000000000000000000000000000000000000000000
322323,6,3/4,remined,0,1,,,,,,,64,1,1,0100101001010000000010000000001000000000000000100101000000000000
322323,6,3/4,pinned,0,,,,,,,,64,1,,0000000000000000000000000000000000000000000000000000000000000000
322323,6,4/5,remined,0,1,,,,,,,64,1,1,0100101001010000000010000000001000000000000000000000000000000000
322323,6,4/5,pinned,0,,,,,,,,64,1,,0000000000000000000000000000000000000000000000000000000000000000
322323,6,1/1,remined,0,1,,,,,,,64,1,1,0100101001010000000010000000001000000000000000000000000000000000
322323,6,1/1,pinned,0,,,,,,,,64,1,,0000000000000000000000000000000000000000000000000000000000000000
322331,6,1/2,remined,1,1,1,1,1,1,0,0,64,1,1,0100110111110111111111011111111100011111111111111111111111111111
322331,6,1/2,pinned,1,3,4,4,1,1,0,0,64,1,3,0000000000000000000000000000010000000000000001111111000111111111
322331,6,2/3,remined,1,1,2,1,0,1,0,0,64,1,1,0100110001100000000100011111111100011111110001111111000110001101
322331,6,2/3,pinned,1,5,5,5,1,1,0,0,64,1,5,0000000000000000000000000000000000000000000000000000000000001101
322331,6,3/4,remined,0,1,,,,,,,64,1,1,0100110001100000000100000000010000000000000001111111000110001100
322331,6,3/4,pinned,0,,,,,,,,64,1,,0000000000000000000000000000000000000000000000000000000000000000
322331,6,4/5,remined,0,1,,,,,,,64,1,1,0100110001100000000100000000010000000000000000000000000000001100
322331,6,4/5,pinned,0,,,,,,,,64,1,,0000000000000000000000000000000000000000000000000000000000000000
322331,6,1/1,remined,0,1,,,,,,,64,1,1,0100110001100000000100000000010000000000000000000000000000000000
322331,6,1/1,pinned,0,,,,,,,,64,1,,0000000000000000000000000000000000000000000000000000000000000000
322332,6,1/2,remined,1,1,1,1,1,1,0,0,64,1,1,0100110111110110110111011011011100010010011101111111100111001101
322332,6,1/2,pinned,1,3,3,3,1,1,0,0,64,1,3,0000000000000000000000000000010000000000000001001001000001001101
322332,6,2/3,remined,0,1,,,,,,,64,1,1,0100110001100000000100011011011100010010010001001001000000000000
322332,6,2/3,pinned,0,,,,,,,,64,1,,0000000000000000000000000000000000000000000000000000000000000000
322332,6,3/4,remined,0,1,,,,,,,64,1,1,0100110001100000000100000000010000000000000001001001000000000000
322332,6,3/4,pinned,0,,,,,,,,64,1,,0000000000000000000000000000000000000000000000000000000000000000
322332,6,4/5,remined,0,1,,,,,,,64,1,1,0100110001100000000100000000010000000000000000000000000000000000
322332,6,4/5,pinned,0,,,,,,,,64,1,,0000000000000000000000000000000000000000000000000000000000000000
322332,6,1/1,remined,0,1,,,,,,,64,1,1,0100110001100000000100000000010000000000000000000000000000000000
322332,6,1/1,pinned,0,,,,,,,,64,1,,0000000000000000000000000000000000000000000000000000000000000000
322333,6,1/2,remined,1,1,1,1,1,1,0,0,64,1,1,0100111111110111111111011111111100011111111111111111111111111111
322333,6,1/2,pinned,1,3,3,3,1,1,0,0,64,1,3,0000000000000000000000000000011100000000010001111111000111111111
322333,6,2/3,remined,1,1,1,1,1,1,0,0,64,1,1,0100111001110000000111011111111100011111110001111111000110001101
322333,6,2/3,pinned,1,4,4,4,1,1,0,0,64,1,4,0000000000000000000000000000000000000000000000000001000000001101
322333,6,3/4,remined,0,1,,,,,,,64,1,1,0100111001110000000111000000011100000000010001111111000110001100
322333,6,3/4,pinned,0,,,,,,,,64,1,,0000000000000000000000000000000000000000000000000000000000000000
322333,6,4/5,remined,0,1,,,,,,,64,1,1,0100111001110000000111000000011100000000010000000001000000001100
322333,6,4/5,pinned,0,,,,,,,,64,1,,0000000000000000000000000000000000000000000000000000000000000000
322333,6,1/1,remined,0,1,,,,,,,64,1,1,0100111001110000000111000000011100000000010000000001000000000000
322333,6,1/1,pinned,0,,,,,,,,64,1,,0000000000000000000000000000000000000000000000000000000000000000
323111,6,1/2,remined,1,1,3,1,0,1,0,0,64,1,1,0101000111111111111000111111100011100000001111111110111001110001
323111,6,1/2,pinned,1,4,4,4,1,1,0,0,64,1,4,0000000000000000000000000000000000000000001110000000000001110001
323111,6,2/3,remined,0,1,,,,,,,64,1,1,0101000010000000000000111111100011100000001110000000000000000000
323111,6,2/3,pinned,0,,,,,,,,64,1,,0000000000000000000000000000000000000000000000000000000000000000
323111,6,3/4,remined,0,1,,,,,,,64,1,1,0101000010000000000000000000000000000000001110000000000000000000
323111,6,3/4,pinned,0,,,,,,,,64,1,,0000000000000000000000000000000000000000000000000000000000000000
323111,6,4/5,remined,0,1,,,,,,,64,1,1,0101000010000000000000000000000000000000000000000000000000000000
323111,6,4/5,pinned,0,,,,,,,,64,1,,0000000000000000000000000000000000000000000000000000000000000000
323111,6,1/1,remined,0,1,,,,,,,64,1,1,0101000010000000000000000000000000000000000000000000000000000000
323111,6,1/1,pinned,0,,,,,,,,64,1,,0000000000000000000000000000000000000000000000000000000000000000
323112,6,1/2,remined,1,1,1,1,1,1,0,0,64,1,1,0101000111111110111011111011101111000001101111111111111111111111
323112,6,1/2,pinned,1,4,5,5,1,1,0,0,64,1,4,0000000000000000000000000000000000000000001100000110000001111111
323112,6,2/3,remined,1,1,6,6,1,0,1,0,64,1,1,0101000010000000000000111011101111000001101100000110000000000001
323112,6,2/3,pinned,1,6,6,6,1,1,1,1,64,1,6,0000000000000000000000000000000000000000000000000000000000000001
323112,6,3/4,remined,0,1,,,,,,,64,1,1,0101000010000000000000000000000000000000001100000110000000000000
323112,6,3/4,pinned,0,,,,,,,,64,1,,0000000000000000000000000000000000000000000000000000000000000000
323112,6,4/5,remined,0,1,,,,,,,64,1,1,0101000010000000000000000000000000000000000000000000000000000000
323112,6,4/5,pinned,0,,,,,,,,64,1,,0000000000000000000000000000000000000000000000000000000000000000
323112,6,1/1,remined,0,1,,,,,,,64,1,1,0101000010000000000000000000000000000000000000000000000000000000
323112,6,1/1,pinned,0,,,,,,,,64,1,,0000000000000000000000000000000000000000000000000000000000000000
323113,6,1/2,remined,1,1,1,1,1,1,0,0,64,1,1,0101001111111111111011111111101111101101101111111111111111111111
323113,6,1/2,pinned,1,3,4,4,1,1,0,0,64,1,3,0000000000000000000000000000100000000000001110110110011001111111
323113,6,2/3,remined,1,1,3,1,0,1,0,0,64,1,1,0101001010010000001000111111101111101101101110110110011000110001
323113,6,2/3,pinned,1,5,5,5,1,1,0,0,64,1,5,0000000000000000000000000000000000000000000000000000000000110001
323113,6,3/4,remined,0,1,,,,,,,64,1,1,0101001010010000001000000000100000000000001110110110011000110000
323113,6,3/4,pinned,0,,,,,,,,64,1,,0000000000000000000000000000000000000000000000000000000000000000
323113,6,4/5,remined,0,1,,,,,,,64,1,1,0101001010010000001000000000100000000000000000000000000000110000
323113,6,4/5,pinned,0,,,,,,,,64,1,,0000000000000000000000000000000000000000000000000000000000000000
323113,6,1/1,remined,0,1,,,,,,,64,1,1,0101001010010000001000000000100000000000000000000000000000000000
323113,6,1/1,pinned,0,,,,,,,,64,1,,0000000000000000000000000000000000000000000000000000000000000000
323121,6,1/2,remined,1,1,1,1,1,1,0,0,64,1,1,0101000111111101111101110111110110100010101111111111111111111111
323121,6,1/2,pinned,1,4,5,5,1,1,0,0,64,1,4,0000000000000000000000000000000000000000001010001010000001111111
323121,6,2/3,remined,1,1,6,6,1,0,1,0,64,1,1,0101000010000000000000110111110110100010101010001010000000000001
323121,6,2/3,pinned,1,6,6,6,1,1,1,1,64,1,6,0000000000000000000000000000000000000000000000000000000000000001
323121,6,3/4,remined,0,1,,,,,,,64,1,1,0101000010000000000000000000000000000000001010001010000000000000
323121,6,3/4,pinned,0,,,,,,,,64,1,,0000000000000000000000000000000000000000000000000000000000000000
323121,6,4/5,remined,0,1,,,,,,,64,1,1,0101000010000000000000000000000000000000000000000000000000000000
323121,6,4/5,pinned,0,,,,,,,,64,1,,0000000000000000000000000000000000000000000000000000000000000000
323121,6,1/1,remined,0,1,,,,,,,64,1,1,0101000010000000000000000000000000000000000000000000000000000000
323121,6,1/1,pinned,0,,,,,,,,64,1,,0000000000000000000000000000000000000000000000000000000000000000
323122,6,1/2,remined,1,1,2,1,0,1,0,0,64,1,1,0101000111111100111110110011111010000011001111101111110011100101
323122,6,1/2,pinned,1,4,4,4,1,1,0,0,64,1,4,0000000000000000000000000000000000000000001000001100000001100101
323122,6,2/3,remined,0,1,,,,,,,64,1,1,0101000010000000000000110011111010000011001000001100000000000000
323122,6,2/3,pinned,0,,,,,,,,64,1,,0000000000000000000000000000000000000000000000000000000000000000
323122,6,3/4,remined,0,1,,,,,,,64,1,1,0101000010000000000000000000000000000000001000001100000000000000
323122,6,3/4,pinned,0,,,,,,,,64,1,,0000000000000000000000000000000000000000000000000000000000000000
323122,6,4/5,remined,0,1,,,,,,,64,1,1,0101000010000000000000000000000000000000000000000000000000000000
323122,6,4/5,pinned,0,,,,,,,,64,1,,0000000000000000000000000000000000000000000000000000000000000000
323122,6,1/1,remined,0,1,,,,,,,64,1,1,0101000010000000000000000000000000000000000000000000000000000000
323122,6,1/1,pinned,0,,,,,,,,64,1,,0000000000000000000000000000000000000000000000000000000000000000
323123,6,1/2,remined,1,1,1,1,1,1,0,0,64,1,1,0101001111111101111111110111111110101011111111111111111111111111
323123,6,1/2,pinned,1,3,4,4,1,1,0,0,64,1,3,0000000000000000000000000000100000000000001010101111010011111111
323123,6,2/3,remined,1,1,1,1,1,1,0,0,64,1,1,0101001010010000001000110111111110101011111010101111010010100101
323123,6,2/3,pinned,1,5,5,5,1,1,0,0,64,1,5,0000000000000000000000000000000000000000000000000000000000100101
323123,6,3/4,remined,0,1,,,,,,,64,1,1,0101001010010000001000000000100000000000001010101111010010100100
323123,6,3/4,pinned,0,,,,,,,,64,1,,0000000000000000000000000000000000000000000000000000000000000000
323123,6,4/5,remined,0,1,,,,,,,64,1,1,0101001010010000001000000000100000000000000000000000000000100100
323123,6,4/5,pinned,0,,,,,,,,64,1,,0000000000000000000000000000000000000000000000000000000000000000
323123,6,1/1,remined,0,1,,,,,,,64,1,1,0101001010010000001000000000100000000000000000000000000000000000
323123,6,1/1,pinned,0,,,,,,,,64,1,,0000000000000000000000000000000000000000000000000000000000000000
323131,6,1/2,remined,1,1,1,1,1,1,0,0,64,1,1,0101010111111111111101111111110111110110101111111111111111111111
323131,6,1/2,pinned,1,3,4,4,1,1,0,0,64,1,3,0000000000000000000000000001000000000000001111011010101001111111
323131,6,2/3,remined,1,1,3,1,0,1,0,0,64,1,1,0101010010100000010000111111110111110110101111011010101001010001
323131,6,2/3,pinned,1,5,5,5,1,1,0,0,64,1,5,0000000000000000000000000000000000000000000000000000000001010001
323131,6,3/4,remined,0,1,,,,,,,64,1,1,0101010010100000010000000001000000000000001111011010101001010000
323131,6,3/4,pinned,0,,,,,,,,64,1,,0000000000000000000000000000000000000000000000000000000000000000
323131,6,4/5,remined,0,1,,,,,,,64,1,1,0101010010100000010000000001000000000000000000000000000001010000
323131,6,4/5,pinned,0,,,,,,,,64,1,,0000000000000000000000000000000000000000000000000000000000000000
323131,6,1/1,remined,0,1,,,,,,,64,1,1,0101010010100000010000000001000000000000000000000000000000000000
323131,6,1/1,pinned,0,,,,,,,,64,1,,0000000000000000000000000000000000000000000000000000000000000000
323132,6,1/2,remined,1,1,1,1,1,1,0,0,64,1,1,0101010111111110111111111011111111010011111111111111111111111111
323132,6,1/2,pinned,1,3,4,4,1,1,0,0,64,1,3,0000000000000000000000000001000000000000001101001111100011111111
323132,6,2/3,remined,1,1,2,1,0,1,0,0,64,1,1,0101010010100000010000111011111111010011111101001111100011000101
323132,6,2/3,pinned,1,5,5,5,1,1,0,0,64,1,5,0000000000000000000000000000000000000000000000000000000001000101
323132,6,3/4,remined,0,1,,,,,,,64,1,1,0101010010100000010000000001000000000000001101001111100011000100
323132,6,3/4,pinned,0,,,,,,,,64,1,,0000000000000000000000000000000000000000000000000000000000000000
323132,6,4/5,remined,0,1,,,,,,,64,1,1,0101010010100000010000000001000000000000000000000000000001000100
323132,6,4/5,pinned,0,,,,,,,,64,1,,0000000000000000000000000000000000000000000000000000000000000000
323132,6,1/1,remined,0,1,,,,,,,64,1,1,0101010010100000010000000001000000000000000000000000000000000000
323132,6,1/1,pinned,0,,,,,,,,64,1,,0000000000000000000000000000000000000000000000000000000000000000
323133,6,1/2,remined,1,1,1,1,1,1,0,0,64,1,1,0101011111111111111111111111111111111111111111111111111111111111
323133,6,1/2,pinned,1,3,3,3,1,1,0,0,64,1,3,0000000000000000000000000001100100000000101111111111111111111111
323133,6,2/3,remined,1,1,1,1,1,1,0,0,64,1,1,0101011010110000011001111111111111111111111111111111111111111111
323133,6,2/3,pinned,1,4,5,5,1,1,0,0,64,1,4,0000000000000000000000000000000000000000000000000010000001111111
323133,6,3/4,remined,1,1,1,1,1,1,0,0,64,1,1,0101011010110000011001000001100100000000101111111111111111111111
323133,6,3/4,pinned,1,6,6,6,1,1,1,1,64,1,6,0000000000000000000000000000000000000000000000000000000000000001
323133,6,4/5,remined,1,1,5,5,1,0,0,0,64,1,1,0101011010110000011001000001100100000000100000000010000001111111
323133,6,4/5,pinned,1,6,6,6,1,1,1,1,64,1,6,0000000000000000000000000000000000000000000000000000000000000001
323133,6,1/1,remined,0,1,,,,,,,64,1,1,0101011010110000011001000001100100000000100000000010000000000000
323133,6,1/1,pinned,0,,,,,,,,64,1,,0000000000000000000000000000000000000000000000000000000000000000
323211,6,1/2,remined,1,1,2,1,0,1,0,0,64,1,1,0101000111111011111110101111111001100011001111111111111111111111
323211,6,1/2,pinned,1,4,5,5,1,1,0,0,64,1,4,0000000000000000000000000000000000000000000110001100000001111111
323211,6,2/3,remined,1,1,6,6,1,0,1,0,64,1,1,0101000010000000000000101111111001100011000110001100000000000001
323211,6,2/3,pinned,1,6,6,6,1,1,1,1,64,1,6,0000000000000000000000000000000000000000000000000000000000000001
323211,6,3/4,remined,0,1,,,,,,,64,1,1,0101000010000000000000000000000000000000000110001100000000000000
323211,6,3/4,pinned,0,,,,,,,,64,1,,0000000000000000000000000000000000000000000000000000000000000000
323211,6,4/5,remined,0,1,,,,,,,64,1,1,0101000010000000000000000000000000000000000000000000000000000000
323211,6,4/5,pinned,0,,,,,,,,64,1,,0000000000000000000000000000000000000000000000000000000000000000
323211,6,1/1,remined,0,1,,,,,,,64,1,1,0101000010000000000000000000000000000000000000000000000000000000
323211,6,1/1,pinned,0,,,,,,,,64,1,,0000000000000000000000000000000000000000000000000000000000000000
323212,6,1/2,remined,1,1,1,1,1,1,0,0,64,1,1,0101000111111010111101101011110101000010101111011111101011010101
323212,6,1/2,pinned,1,4,4,4,1,1,0,0,64,1,4,0000000000000000000000000000000000000000000100001010000001010101
323212,6,2/3,remined,0,1,,,,,,,64,1,1,0101000010000000000000101011110101000010100100001010000000000000
323212,6,2/3,pinned,0,,,,,,,,64,1,,0000000000000000000000000000000000000000000000000000000000000000
323212,6,3/4,remined,0,1,,,,,,,64,1,1,0101000010000000000000000000000000000000000100001010000000000000
323212,6,3/4,pinned,0,,,,,,,,64,1,,0000000000000000000000000000000000000000000000000000000000000000
323212,6,4/5,remined,0,1,,,,,,,64,1,1,0101000010000000000000000000000000000000000000000000000000000000
323212,6,4/5,pinned,0,,,,,,,,64,1,,0000000000000000000000000000000000000000000000000000000000000000
323212,6,1/1,remined,0,1,,,,,,,64,1,1,0101000010000000000000000000000000000000000000000000000000000000
323212,6,1/1,pinned,0,,,,,,,,64,1,,0000000000000000000000000000000000000000000000000000000000000000
323213,6,1/2,remined,1,1,1,1,1,1,0,0,64,1,1,0101001111111011111111101111111101100111111111111111111111111111
323213,6,1/2,pinned,1,3,4,4,1,1,0,0,64,1,3,0000000000000000000000000000100000000000000110011111001011111111
323213,6,2/3,remined,1,1,1,1,1,1,0,0,64,1,1,0101001010010000001000101111111101100111110110011111001010010101
323213,6,2/3,pinned,1,5,5,5,1,1,0,0,64,1,5,0000000000000000000000000000000000000000000000000000000000010101
323213,6,3/4,remined,0,1,,,,,,,64,1,1,0101001010010000001000000000100000000000000110011111001010010100
323213,6,3/4,pinned,0,,,,,,,,64,1,,0000000000000000000000000000000000000000000000000000000000000000
323213,6,4/5,remined,0,1,,,,,,,64,1,1,0101001010010000001000000000100000000000000000000000000000010100
323213,6,4/5,pinned,0,,,,,,,,64,1,,0000000000000000000000000000000000000000000000000000000000000000
323213,6,1/1,remined,0,1,,,,,,,64,1,1,0101001010010000001000000000100000000000000000000000000000000000
323213,6,1/1,pinned,0,,,,,,,,64,1,,0000000000000000000000000000000000000000000000000000000000000000
323221,6,1/2,remined,1,1,1,1,1,1,0,0,64,1,1,0101000111111001111011100111101100100001101110111111011010110101
323221,6,1/2,pinned,1,4,4,4,1,1,0,0,64,1,4,0000000000000000000000000000000000000000000010000110000000110101
323221,6,2/3,remined,0,1,,,,,,,64,1,1,0101000010000000000000100111101100100001100010000110000000000000
323221,6,2/3,pinned,0,,,,,,,,64,1,,0000000000000000000000000000000000000000000000000000000000000000
323221,6,3/4,remined,0,1,,,,,,,64,1,1,0101000010000000000000000000000000000000000010000110000000000000
323221,6,3/4,pinned,0,,,,,,,,64,1,,0000000000000000000000000000000000000000000000000000000000000000
323221,6,4/5,remined,0,1,,,,,,,64,1,1,0101000010000000000000000000000000000000000000000000000000000000
323221,6,4/5,pinned,0,,,,,,,,64,1,,0000000000000000000000000000000000000000000000000000000000000000
323221,6,1/1,remined,0,1,,,,,,,64,1,1,0101000010000000000000000000000000000000000000000000000000000000
323221,6,1/1,pinned,0,,,,,,,,64,1,,0000000000000000000000000000000000000000000000000000000000000000
323222,6,1/2,remined,0,1,,,,,,,64,1,1,0101000111111000111000100011100000000000001110001110000000000000
323222,6,1/2,pinned,0,,,,,,,,64,1,,0000000000000000000000000000000000000000000000000000000000000000
323222,6,2/3,remined,0,1,,,,,,,64,1,1,0101000010000000000000100011100000000000000000000000000000000000
323222,6,2/3,pinned,0,,,,,,,,64,1,,0000000000000000000000000000000000000000000000000000000000000000
323222,6,3/4,remined,0,1,,,,,,,64,1,1,0101000010000000000000000000000000000000000000000000000000000000
323222,6,3/4,pinned,0,,,,,,,,64,1,,0000000000000000000000000000000000000000000000000000000000000000
323222,6,4/5,remined,0,1,,,,,,,64,1,1,0101000010000000000000000000000000000000000000000000000000000000
323222,6,4/5,pinned,0,,,,,,,,64,1,,0000000000000000000000000000000000000000000000000000000000000000
323222,6,1/1,remined,0,1,,,,,,,64,1,1,0101000010000000000000000000000000000000000000000000000000000000
323222,6,1/1,pinned,0,,,,,,,,64,1,,0000000000000000000000000000000000000000000000000000000000000000
323223,6,1/2,remined,1,1,1,1,1,1,0,0,64,1,1,0101001111111001111011100111101100100001101110111111011010110101
323223,6,1/2,pinned,1,3,3,3,1,1,0,0,64,1,3,0000000000000000000000000000100000000000000010000110000000110101
323223,6,2/3,remined,0,1,,,,,,,64,1,1,0101001010010000001000100111101100100001100010000110000000000000
323223,6,2/3,pinned,0,,,,,,,,64,1,,0000000000000000000000000000000000000000000000000000000000000000
323223,6,3/4,remined,0,1,,,,,,,64,1,1,0101001010010000001000000000100000000000000010000110000000000000
323223,6,3/4,pinned,0,,,,,,,,64,1,,0000000000000000000000000000000000000000000000000000000000000000
323223,6,4/5,remined,0,1,,,,,,,64,1,1,0101001010010000001000000000100000000000000000000000000000000000
323223,6,4/5,pinned,0,,,,,,,,64,1,,0000000000000000000000000000000000000000000000000000000000000000
323223,6,1/1,remined,0,1,,,,,,,64,1,1,0101001010010000001000000000100000000000000000000000000000000000
323223,6,1/1,pinned,0,,,,,,,,64,1,,0000000000000000000000000000000000000000000000000000000000000000
323231,6,1/2,remined,1,1,1,1,1,1,0,0,64,1,1,0101010111111011111111101111111101100111111111111111111111111111
323231,6,1/2,pinned,1,3,4,4,1,1,0,0,64,1,3,0000000000000000000000000001000000000000000110011111001011111111
323231,6,2/3,remined,1,1,2,1,0,1,0,0,64,1,1,0101010010100000010000101111111101100111110110011111001010010101
323231,6,2/3,pinned,1,5,5,5,1,1,0,0,64,1,5,0000000000000000000000000000000000000000000000000000000000010101
323231,6,3/4,remined,0,1,,,,,,,64,1,1,0101010010100000010000000001000000000000000110011111001010010100
323231,6,3/4,pinned,0,,,,,,,,64,1,,0000000000000000000000000000000000000000000000000000000000000000
323231,6,4/5,remined,0,1,,,,,,,64,1,1,0101010010100000010000000001000000000000000000000000000000010100
323231,6,4/5,pinned,0,,,,,,,,64,1,,0000000000000000000000000000000000000000000000000000000000000000
323231,6,1/1,remined,0,1,,,,,,,64,1,1,0101010010100000010000000001000000000000000000000000000000000000
323231,6,1/1,pinned,0,,,,,,,,64,1,,0000000000000000000000000000000000000000000000000000000000000000
323232,6,1/2,remined,1,1,1,1,1,1,0,0,64,1,1,0101010111111010111101101011110101000010101111011111101011010101
323232,6,1/2,pinned,1,3,3,3,1,1,0,0,64,1,3,0000000000000000000000000001000000000000000100001010000001010101
323232,6,2/3,remined,0,1,,,,,,,64,1,1,0101010010100000010000101011110101000010100100001010000000000000
323232,6,2/3,pinned,0,,,,,,,,64,1,,0000000000000000000000000000000000000000000000000000000000000000
323232,6,3/4,remined,0,1,,,,,,,64,1,1,0101010010100000010000000001000000000000000100001010000000000000
323232,6,3/4,pinned,0,,,,,,,,64,1,,0000000000000000000000000000000000000000000000000000000000000000
323232,6,4/5,remined,0,1,,,,,,,64,1,1,0101010010100000010000000001000000000000000000000000000000000000
323232,6,4/5,pinned,0,,,,,,,,64,1,,0000000000000000000000000000000000000000000000000000000000000000
323232,6,1/1,remined,0,1,,,,,,,64,1,1,0101010010100000010000000001000000000000000000000000000000000000
323232,6,1/1,pinned,0,,,,,,,,64,1,,0000000000000000000000000000000000000000000000000000000000000000
323233,6,1/2,remined,1,1,1,1,1,1,0,0,64,1,1,0101011111111011111111101111111101100111111111111111111111111111
323233,6,1/2,pinned,1,3,3,3,1,1,0,0,64,1,3,0000000000000000000000000001100100000000100110011111001011111111
323233,6,2/3,remined,1,1,1,1,1,1,0,0,64,1,1,0101011010110000011001101111111101100111110110011111001010010101
323233,6,2/3,pinned,1,4,4,4,1,1,0,0,64,1,4,0000000000000000000000000000000000000000000000000010000000010101
323233,6,3/4,remined,0,1,,,,,,,64,1,1,0101011010110000011001000001100100000000100110011111001010010100
323233,6,3/4,pinned,0,,,,,,,,64,1,,0000000000000000000000000000000000000000000000000000000000000000
323233,6,4/5,remined,0,1,,,,,,,64,1,1,0101011010110000011001000001100100000000100000000010000000010100
323233,6,4/5,pinned,0,,,,,,,,64,1,,0000000000000000000000000000000000000000000000000000000000000000
323233,6,1/1,remined,0,1,,,,,,,64,1,1,0101011010110000011001000001100100000000100000000010000000000000
323233,6,1/1,pinned,0,,,,,,,,64,1,,0000000000000000000000000000000000000000000000000000000000000000
323311,6,1/2,remined,1,1,2,1,0,1,0,0,64,1,1,0101100111111111111110111111111011111011001111111111111111111111
323311,6,1/2,pinned,1,3,4,4,1,1,0,0,64,1,3,0000000000000000000000000010000000000000001111101100110001111111
323311,6,2/3,remined,1,1,4,1,0,1,0,0,64,1,1,0101100011000000100000111111111011111011001111101100110001100001
323311,6,2/3,pinned,1,5,5,5,1,1,0,0,64,1,5,0000000000000000000000000000000000000000000000000000000001100001
323311,6,3/4,remined,0,1,,,,,,,64,1,1,0101100011000000100000000010000000000000001111101100110001100000
323311,6,3/4,pinned,0,,,,,,,,64,1,,0000000000000000000000000000000000000000000000000000000000000000
323311,6,4/5,remined,0,1,,,,,,,64,1,1,0101100011000000100000000010000000000000000000000000000001100000
323311,6,4/5,pinned,0,,,,,,,,64,1,,0000000000000000000000000000000000000000000000000000000000000000
323311,6,1/1,remined,0,1,,,,,,,64,1,1,0101100011000000100000000010000000000000000000000000000000000000
323311,6,1/1,pinned,0,,,,,,,,64,1,,0000000000000000000000000000000000000000000000000000000000000000
323312,6,1/2,remined,1,1,2,2,1,1,0,0,64,1,1,0101100111111110111111111011111111010011111111111111111111111111
323312,6,1/2,pinned,1,3,4,4,1,1,0,0,64,1,3,0000000000000000000000000010000000000000001101001111100011111111
323312,6,2/3,remined,1,1,3,3,1,0,0,0,64,1,1,0101100011000000100000111011111111010011111101001111100011000101
323312,6,2/3,pinned,1,5,5,5,1,1,0,0,64,1,5,0000000000000000000000000000000000000000000000000000000001000101
323312,6,3/4,remined,0,1,,,,,,,64,1,1,0101100011000000100000000010000000000000001101001111100011000100
323312,6,3/4,pinned,0,,,,,,,,64,1,,0000000000000000000000000000000000000000000000000000000000000000
323312,6,4/5,remined,0,1,,,,,,,64,1,1,0101100011000000100000000010000000000000000000000000000001000100
323312,6,4/5,pinned,0,,,,,,,,64,1,,0000000000000000000000000000000000000000000000000000000000000000
323312,6,1/1,remined,0,1,,,,,,,64,1,1,0101100011000000100000000010000000000000000000000000000000000000
323312,6,1/1,pinned,0,,,,,,,,64,1,,0000000000000000000000000000000000000000000000000000000000000000
323313,6,1/2,remined,1,1,1,1,1,1,0,0,64,1,1,0101101111111111111111111111111111111111111111111111111111111111
323313,6,1/2,pinned,1,3,3,3,1,1,0,0,64,1,3,0000000000000000000000000010101000000001001111111111111111111111
323313,6,2/3,remined,1,1,1,1,1,1,0,0,64,1,1,0101101011010000101010111111111111111111111111111111111111111111
323313,6,2/3,pinned,1,4,5,5,1,1,0,0,64,1,4,0000000000000000000000000000000000000000000000000100000001111111
323313,6,3/4,remined,1,1,2,1,0,1,0,0,64,1,1,0101101011010000101010000010101000000001001111111111111111111111
323313,6,3/4,pinned,1,6,6,6,1,1,1,1,64,1,6,0000000000000000000000000000000000000000000000000000000000000001
323313,6,4/5,remined,1,1,5,5,1,0,0,0,64,1,1,0101101011010000101010000010101000000001000000000100000001111111
323313,6,4/5,pinned,1,6,6,6,1,1,1,1,64,1,6,0000000000000000000000000000000000000000000000000000000000000001
323313,6,1/1,remined,0,1,,,,,,,64,1,1,0101101011010000101010000010101000000001000000000100000000000000
323313,6,1/1,pinned,0,,,,,,,,64,1,,0000000000000000000000000000000000000000000000000000000000000000
323321,6,1/2,remined,1,1,2,2,1,1,0,0,64,1,1,0101100111111101111111110111111110101011111111111111111111111111
323321,6,1/2,pinned,1,3,4,4,1,1,0,0,64,1,3,0000000000000000000000000010000000000000001010101111010011111111
323321,6,2/3,remined,1,1,3,3,1,0,0,0,64,1,1,0101100011000000100000110111111110101011111010101111010010100101
323321,6,2/3,pinned,1,5,5,5,1,1,0,0,64,1,5,0000000000000000000000000000000000000000000000000000000000100101
323321,6,3/4,remined,0,1,,,,,,,64,1,1,0101100011000000100000000010000000000000001010101111010010100100
323321,6,3/4,pinned,0,,,,,,,,64,1,,0000000000000000000000000000000000000000000000000000000000000000
323321,6,4/5,remined,0,1,,,,,,,64,1,1,0101100011000000100000000010000000000000000000000000000000100100
323321,6,4/5,pinned,0,,,,,,,,64,1,,0000000000000000000000000000000000000000000000000000000000000000
323321,6,1/1,remined,0,1,,,,,,,64,1,1,0101100011000000100000000010000000000000000000000000000000000000
323321,6,1/1,pinned,0,,,,,,,,64,1,,0000000000000000000000000000000000000000000000000000000000000000
323322,6,1/2,remined,1,1,2,1,0,1,0,0,64,1,1,0101100111111100111110110011111010000011001111101111110011100101
323322,6,1/2,pinned,1,3,3,3,1,1,0,0,64,1,3,0000000000000000000000000010000000000000001000001100000001100101
323322,6,2/3,remined,0,1,,,,,,,64,1,1,0101100011000000100000110011111010000011001000001100000000000000
323322,6,2/3,pinned,0,,,,,,,,64,1,,0000000000000000000000000000000000000000000000000000000000000000
323322,6,3/4,remined,0,1,,,,,,,64,1,1,0101100011000000100000000010000000000000001000001100000000000000
323322,6,3/4,pinned,0,,,,,,,,64,1,,0000000000000000000000000000000000000000000000000000000000000000
323322,6,4/5,remined,0,1,,,,,,,64,1,1,0101100011000000100000000010000000000000000000000000000000000000
323322,6,4/5,pinned,0,,,,,,,,64,1,,0000000000000000000000000000000000000000000000000000000000000000
323322,6,1/1,remined,0,1,,,,,,,64,1,1,0101100011000000100000000010000000000000000000000000000000000000
323322,6,1/1,pinned,0,,,,,,,,64,1,,0000000000000000000000000000000000000000000000000000000000000000
323323,6,1/2,remined,1,1,1,1,1,1,0,0,64,1,1,0101101111111101111111110111111110101011111111111111111111111111
323323,6,1/2,pinned,1,3,3,3,1,1,0,0,64,1,3,0000000000000000000000000010101000000001001010101111010011111111
323323,6,2/3,remined,1,1,1,1,1,1,0,0,64,1,1,0101101011010000101010110111111110101011111010101111010010100101
323323,6,2/3,pinned,1,4,4,4,1,1,0,0,64,1,4,0000000000000000000000000000000000000000000000000100000000100101
323323,6,3/4,remined,0,1,,,,,,,64,1,1,0101101011010000101010000010101000000001001010101111010010100100
323323,6,3/4,pinned,0,,,,,,,,64,1,,0000000000000000000000000000000000000000000000000000000000000000
323323,6,4/5,remined,0,1,,,,,,,64,1,1,0101101011010000101010000010101000000001000000000100000000100100
323323,6,4/5,pinned,0,,,,,,,,64,1,,0000000000000000000000000000000000000000000000000000000000000000
323323,6,1/1,remined,0,1,,,,,,,64,1,1,0101101011010000101010000010101000000001000000000100000000000000
323323,6,1/1,pinned,0,,,,,,,,64,1,,0000000000000000000000000000000000000000000000000000000000000000
323331,6,1/2,remined,1,1,1,1,1,1,0,0,64,1,1,0101110111111111111111111111111111111111111111111111111111111111
323331,6,1/2,pinned,1,3,3,3,1,1,0,0,64,1,3,0000000000000000000000000011010000000010001111111111111111111111
323331,6,2/3,remined,1,1,2,1,0,1,0,0,64,1,1,0101110011100000110100111111111111111111111111111111111111111111
323331,6,2/3,pinned,1,4,5,5,1,1,0,0,64,1,4,0000000000000000000000000000000000000000000000001000000001111111
323331,6,3/4,remined,1,1,3,1,0,1,0,0,64,1,1,0101110011100000110100000011010000000010001111111111111111111111
323331,6,3/4,pinned,1,6,6,6,1,1,1,1,64,1,6,0000000000000000000000000000000000000000000000000000000000000001
323331,6,4/5,remined,1,1,5,5,1,0,0,0,64,1,1,0101110011100000110100000011010000000010000000001000000001111111
323331,6,4/5,pinned,1,6,6,6,1,1,1,1,64,1,6,0000000000000000000000000000000000000000000000000000000000000001
323331,6,1/1,remined,0,1,,,,,,,64,1,1,0101110011100000110100000011010000000010000000001000000000000000
323331,6,1/1,pinned,0,,,,,,,,64,1,,0000000000000000000000000000000000000000000000000000000000000000
323332,6,1/2,remined,1,1,1,1,1,1,0,0,64,1,1,0101110111111110111111111011111111010011111111111111111111111111
323332,6,1/2,pinned,1,3,3,3,1,1,0,0,64,1,3,0000000000000000000000000011010000000010001101001111100011111111
323332,6,2/3,remined,1,1,2,1,0,1,0,0,64,1,1,0101110011100000110100111011111111010011111101001111100011000101
323332,6,2/3,pinned,1,4,4,4,1,1,0,0,64,1,4,0000000000000000000000000000000000000000000000001000000001000101
323332,6,3/4,remined,0,1,,,,,,,64,1,1,0101110011100000110100000011010000000010001101001111100011000100
323332,6,3/4,pinned,0,,,,,,,,64,1,,0000000000000000000000000000000000000000000000000000000000000000
323332,6,4/5,remined,0,1,,,,,,,64,1,1,0101110011100000110100000011010000000010000000001000000001000100
323332,6,4/5,pinned,0,,,,,,,,64,1,,0000000000000000000000000000000000000000000000000000000000000000
323332,6,1/1,remined,0,1,,,,,,,64,1,1,0101110011100000110100000011010000000010000000001000000000000000
323332,6,1/1,pinned,0,,,,,,,,64,1,,0000000000000000000000000000000000000000000000000000000000000000
323333,6,1/2,remined,1,1,1,1,1,1,0,0,64,1,1,0101111111111111111111111111111111111111111111111111111111111111
323333,6,1/2,pinned,1,3,3,3,1,1,0,0,64,1,3,0000000000000000000000000011111100000011111111111111111111111111
323333,6,2/3,remined,1,1,1,1,1,1,0,0,64,1,1,0101111011110000111111111111111111111111111111111111111111111111
323333,6,2/3,pinned,1,4,4,4,1,1,0,0,64,1,4,0000000000000000000000000000000000000000000000001111000011111111
323333,6,3/4,remined,1,1,1,1,1,1,0,0,64,1,1,0101111011110000111111000011111100000011111111111111111111111111
323333,6,3/4,pinned,1,5,5,5,1,1,0,0,64,1,5,0000000000000000000000000000000000000000000000000000000000000101
323333,6,4/5,remined,1,1,1,1,1,1,0,0,64,1,1,0101111011110000111111000011111100000011110000001111000011111111
323333,6,4/5,pinned,1,5,5,5,1,1,0,0,64,1,5,0000000000000000000000000000000000000000000000000000000000000101
323333,6,1/1,remined,0,1,,,,,,,64,1,1,0101111011110000111111000011111100000011110000001111000010000100
323333,6,1/1,pinned,0,,,,,,,,64,1,,0000000000000000000000000000000000000000000000000000000000000000
331111,6,1/2,remined,0,1,,,,,,,64,1,1,0110000111111111000000111100000000000000001111110000000000000000
331111,6,1/2,pinned,0,,,,,,,,64,1,,0000000000000000000000000000000000000000000000000000000000000000
331111,6,2/3,remined,0,1,,,,,,,64,1,1,0110000100000000000000111100000000000000000000000000000000000000
331111,6,2/3,pinned,0,,,,,,,,64,1,,0000000000000000000000000000000000000000000000000000000000000000
331111,6,3/4,remined,0,1,,,,,,,64,1,1,0110000100000000000000000000000000000000000000000000000000000000
331111,6,3/4,pinned,0,,,,,,,,64,1,,0000000000000000000000000000000000000000000000000000000000000000
331111,6,4/5,remined,0,1,,,,,,,64,1,1,0110000100000000000000000000000000000000000000000000000000000000
331111,6,4/5,pinned,0,,,,,,,,64,1,,0000000000000000000000000000000000000000000000000000000000000000
331111,6,1/1,remined,0,1,,,,,,,64,1,1,0110000100000000000000000000000000000000000000000000000000000000
331111,6,1/1,pinned,0,,,,,,,,64,1,,0000000000000000000000000000000000000000000000000000000000000000
331112,6,1/2,remined,1,1,2,1,0,1,0,0,64,1,1,0110000111111111001011111100101100101100001111110111011100111001
331112,6,1/2,pinned,1,4,4,4,1,1,0,0,64,1,4,0000000000000000000000000000000000000000000010110000000000111001
331112,6,2/3,remined,0,1,,,,,,,64,1,1,0110000100000000000000111100101100101100000010110000000000000000
331112,6,2/3,pinned,0,,,,,,,,64,1,,0000000000000000000000000000000000000000000000000000000000000000
331112,6,3/4,remined,0,1,,,,,,,64,1,1,0110000100000000000000000000000000000000000010110000000000000000
331112,6,3/4,pinned,0,,,,,,,,64,1,,0000000000000000000000000000000000000000000000000000000000000000
331112,6,4/5,remined,0,1,,,,,,,64,1,1,0110000100000000000000000000000000000000000000000000000000000000
331112,6,4/5,pinned,0,,,,,,,,64,1,,0000000000000000000000000000000000000000000000000000000000000000
331112,6,1/1,remined,0,1,,,,,,,64,1,1,0110000100000000000000000000000000000000000000000000000000000000
331112,6,1/1,pinned,0,,,,,,,,64,1,,0000000000000000000000000000000000000000000000000000000000000000
331113,6,1/2,remined,1,1,2,1,0,1,0,0,64,1,1,0110001111111111001011111100101100101100001111110111011100111001
331113,6,1/2,pinned,1,3,3,3,1,1,0,0,64,1,3,0000000000000000000000000100000000000000000010110000000000111001
331113,6,2/3,remined,0,1,,,,,,,64,1,1,0110001100010001000000111100101100101100000010110000000000000000
331113,6,2/3,pinned,0,,,,,,,,64,1,,0000000000000000000000000000000000000000000000000000000000000000
331113,6,3/4,remined,0,1,,,,,,,64,1,1,0110001100010001000000000100000000000000000010110000000000000000
331113,6,3/4,pinned,0,,,,,,,,64,1,,0000000000000000000000000000000000000000000000000000000000000000
331113,6,4/5,remined,0,1,,,,,,,64,1,1,0110001100010001000000000100000000000000000000000000000000000000
331113,6,4/5,pinned,0,,,,,,,,64,1,,0000000000000000000000000000000000000000000000000000000000000000
331113,6,1/1,remined,0,1,,,,,,,64,1,1,0110001100010001000000000100000000000000000000000000000000000000
331113,6,1/1,pinned,0,,,,,,,,64,1,,0000000000000000000000000000000000000000000000000000000000000000
331121,6,1/2,remined,1,1,2,1,0,1,0,0,64,1,1,0110000111111111010101111101010101010100001111111011101101011001
331121,6,1/2,pinned,1,4,4,4,1,1,0,0,64,1,4,0000000000000000000000000000000000000000000101010000000001011001
331121,6,2/3,remined,0,1,,,,,,,64,1,1,0110000100000000000000111101010101010100000101010000000000000000
331121,6,2/3,pinned,0,,,,,,,,64,1,,0000000000000000000000000000000000000000000000000000000000000000
331121,6,3/4,remined,0,1,,,,,,,64,1,1,0110000100000000000000000000000000000000000101010000000000000000
331121,6,3/4,pinned,0,,,,,,,,64,1,,0000000000000000000000000000000000000000000000000000000000000000
331121,6,4/5,remined,0,1,,,,,,,64,1,1,0110000100000000000000000000000000000000000000000000000000000000
331121,6,4/5,pinned,0,,,,,,,,64,1,,0000000000000000000000000000000000000000000000000000000000000000
331121,6,1/1,remined,0,1,,,,,,,64,1,1,0110000100000000000000000000000000000000000000000000000000000000
331121,6,1/1,pinned,0,,,,,,,,64,1,,0000000000000000000000000000000000000000000000000000000000000000
331122,6,1/2,remined,1,1,4,4,1,0,0,0,64,1,1,0110000111111111011110111101111001111000001111111111111111111111
331122,6,1/2,pinned,1,4,5,5,1,1,0,0,64,1,4,0000000000000000000000000000000000000000000111100000000001111111
331122,6,2/3,remined,1,1,6,6,1,0,1,0,64,1,1,0110000100000000000000111101111001111000000111100000000000000001
331122,6,2/3,pinned,1,6,6,6,1,1,1,1,64,1,6,0000000000000000000000000000000000000000000000000000000000000001
331122,6,3/4,remined,0,1,,,,,,,64,1,1,0110000100000000000000000000000000000000000111100000000000000000
331122,6,3/4,pinned,0,,,,,,,,64,1,,0000000000000000000000000000000000000000000000000000000000000000
331122,6,4/5,remined,0,1,,,,,,,64,1,1,0110000100000000000000000000000000000000000000000000000000000000
331122,6,4/5,pinned,0,,,,,,,,64,1,,0000000000000000000000000000000000000000000000000000000000000000
331122,6,1/1,remined,0,1,,,,,,,64,1,1,0110000100000000000000000000000000000000000000000000000000000000
331122,6,1/1,pinned,0,,,,,,,,64,1,,0000000000000000000000000000000000000000000000000000000000000000
331123,6,1/2,remined,1,1,1,1,1,1,0,0,64,1,1,0110001111111111011111111101111101111100111111111111111111111111
331123,6,1/2,pinned,1,3,4,4,1,1,0,0,64,1,3,0000000000000000000000000100000000000000000111110011001101111111
331123,6,2/3,remined,1,1,2,1,0,1,0,0,64,1,1,0110001100010001000000111101111101111100110111110011001100011001
331123,6,2/3,pinned,1,5,5,5,1,1,0,0,64,1,5,0000000000000000000000000000000000000000000000000000000000011001
331123,6,3/4,remined,0,1,,,,,,,64,1,1,0110001100010001000000000100000000000000000111110011001100011000
331123,6,3/4,pinned,0,,,,,,,,64,1,,0000000000000000000000000000000000000000000000000000000000000000
331123,6,4/5,remined,0,1,,,,,,,64,1,1,0110001100010001000000000100000000000000000000000000000000011000
331123,6,4/5,pinned,0,,,,,,,,64,1,,0000000000000000000000000000000000000000000000000000000000000000
331123,6,1/1,remined,0,1,,,,,,,64,1,1,0110001100010001000000000100000000000000000000000000000000000000
331123,6,1/1,pinned,0,,,,,,,,64,1,,0000000000000000000000000000000000000000000000000000000000000000
331131,6,1/2,remined,1,1,2,1,0,1,0,0,64,1,1,0110010111111111010101111101010101010100001111111011101101011001
331131,6,1/2,pinned,1,3,3,3,1,1,0,0,64,1,3,0000000000000000000000001000000000000000000101010000000001011001
331131,6,2/3,remined,0,1,,,,,,,64,1,1,0110010100100010000000111101010101010100000101010000000000000000
331131,6,2/3,pinned,0,,,,,,,,64,1,,0000000000000000000000000000000000000000000000000000000000000000
331131,6,3/4,remined,0,1,,,,,,,64,1,1,0110010100100010000000001000000000000000000101010000000000000000
331131,6,3/4,pinned,0,,,,,,,,64,1,,0000000000000000000000000000000000000000000000000000000000000000
331131,6,4/5,remined,0,1,,,,,,,64,1,1,0110010100100010000000001000000000000000000000000000000000000000
331131,6,4/5,pinned,0,,,,,,,,64,1,,0000000000000000000000000000000000000000000000000000000000000000
331131,6,1/1,remined,0,1,,,,,,,64,1,1,0110010100100010000000001000000000000000000000000000000000000000
331131,6,1/1,pinned,0,,,,,,,,64,1,,0000000000000000000000000000000000000000000000000000000000000000
331132,6,1/2,remined,1,1,1,1,1,1,0,0,64,1,1,0110010111111111011111111101111101111100111111111111111111111111
331132,6,1/2,pinned,1,3,4,4,1,1,0,0,64,1,3,0000000000000000000000001000000000000000000111110011001101111111
331132,6,2/3,remined,1,1,2,1,0,1,0,0,64,1,1,0110010100100010000000111101111101111100110111110011001100011001
331132,6,2/3,pinned,1,5,5,5,1,1,0,0,64,1,5,0000000000000000000000000000000000000000000000000000000000011001
331132,6,3/4,remined,0,1,,,,,,,64,1,1,0110010100100010000000001000000000000000000111110011001100011000
331132,6,3/4,pinned,0,,,,,,,,64,1,,0000000000000000000000000000000000000000000000000000000000000000
331132,6,4/5,remined,0,1,,,,,,,64,1,1,0110010100100010000000001000000000000000000000000000000000011000
331132,6,4/5,pinned,0,,,,,,,,64,1,,0000000000000000000000000000000000000000000000000000000000000000
331132,6,1/1,remined,0,1,,,,,,,64,1,1,0110010100100010000000001000000000000000000000000000000000000000
331132,6,1/1,pinned,0,,,,,,,,64,1,,0000000000000000000000000000000000000000000000000000000000000000
331133,6,1/2,remined,1,1,1,1,1,1,0,0,64,1,1,0110011111111111011111111101111101111100111111111111111111111111
331133,6,1/2,pinned,1,3,3,3,1,1,0,0,64,1,3,0000000000000000000000001100000100000100000111110011001101111111
331133,6,2/3,remined,1,1,2,1,0,1,0,0,64,1,1,0110011100110011000001111101111101111100110111110011001100011001
331133,6,2/3,pinned,1,4,4,4,1,1,0,0,64,1,4,0000000000000000000000000000000000000000000000010000000000011001
331133,6,3/4,remined,0,1,,,,,,,64,1,1,0110011100110011000001001100000100000100000111110011001100011000
331133,6,3/4,pinned,0,,,,,,,,64,1,,0000000000000000000000000000000000000000000000000000000000000000
331133,6,4/5,remined,0,1,,,,,,,64,1,1,0110011100110011000001001100000100000100000000010000000000011000
331133,6,4/5,pinned,0,,,,,,,,64,1,,0000000000000000000000000000000000000000000000000000000000000000
331133,6,1/1,remined,0,1,,,,,,,64,1,1,0110011100110011000001001100000100000100000000010000000000000000
331133,6,1/1,pinned,0,,,,,,,,64,1,,0000000000000000000000000000000000000000000000000000000000000000
331211,6,1/2,remined,1,1,2,1,0,1,0,0,64,1,1,0110000111111111100110111110011010011000001111111101110101101001
331211,6,1/2,pinned,1,4,4,4,1,1,0,0,64,1,4,0000000000000000000000000000000000000000001001100000000001101001
331211,6,2/3,remined,0,1,,,,,,,64,1,1,0110000100000000000000111110011010011000001001100000000000000000
331211,6,2/3,pinned,0,,,,,,,,64,1,,0000000000000000000000000000000000000000000000000000000000000000
331211,6,3/4,remined,0,1,,,,,,,64,1,1,0110000100000000000000000000000000000000001001100000000000000000
331211,6,3/4,pinned,0,,,,,,,,64,1,,0000000000000000000000000000000000000000000000000000000000000000
331211,6,4/5,remined,0,1,,,,,,,64,1,1,0110000100000000000000000000000000000000000000000000000000000000
331211,6,4/5,pinned,0,,,,,,,,64,1,,0000000000000000000000000000000000000000000000000000000000000000
331211,6,1/1,remined,0,1,,,,,,,64,1,1,0110000100000000000000000000000000000000000000000000000000000000
331211,6,1/1,pinned,0,,,,,,,,64,1,,0000000000000000000000000000000000000000000000000000000000000000
331212,6,1/2,remined,1,1,4,4,1,0,0,0,64,1,1,0110000111111111101101111110110110110100001111111111111111111111
331212,6,1/2,pinned,1,4,5,5,1,1,0,0,64,1,4,0000000000000000000000000000000000000000001011010000000001111111
331212,6,2/3,remined,1,1,6,6,1,0,1,0,64,1,1,0110000100000000000000111110110110110100001011010000000000000001
331212,6,2/3,pinned,1,6,6,6,1,1,1,1,64,1,6,0000000000000000000000000000000000000000000000000000000000000001
331212,6,3/4,remined,0,1,,,,,,,64,1,1,0110000100000000000000000000000000000000001011010000000000000000
331212,6,3/4,pinned,0,,,,,,,,64,1,,0000000000000000000000000000000000000000000000000000000000000000
331212,6,4/5,remined,0,1,,,,,,,64,1,1,0110000100000000000000000000000000000000000000000000000000000000
331212,6,4/5,pinned,0,,,,,,,,64,1,,0000000000000000000000000000000000000000000000000000000000000000
331212,6,1/1,remined,0,1,,,,,,,64,1,1,0110000100000000000000000000000000000000000000000000000000000000
331212,6,1/1,pinned,0,,,,,,,,64,1,,0000000000000000000000000000000000000000000000000000000000000000
331213,6,1/2,remined,1,1,1,1,1,1,0,0,64,1,1,0110001111111111101111111110111110111101011111111111111111111111
331213,6,1/2,pinned,1,3,4,4,1,1,0,0,64,1,3,0000000000000000000000000100000000000000001011110101010101111111
331213,6,2/3,remined,1,1,2,1,0,1,0,0,64,1,1,0110001100010001000000111110111110111101011011110101010100101001
331213,6,2/3,pinned,1,5,5,5,1,1,0,0,64,1,5,0000000000000000000000000000000000000000000000000000000000101001
331213,6,3/4,remined,0,1,,,,,,,64,1,1,0110001100010001000000000100000000000000001011110101010100101000
331213,6,3/4,pinned,0,,,,,,,,64,1,,0000000000000000000000000000000000000000000000000000000000000000
331213,6,4/5,remined,0,1,,,,,,,64,1,1,0110001100010001000000000100000000000000000000000000000000101000
331213,6,4/5,pinned,0,,,,,,,,64,1,,0000000000000000000000000000000000000000000000000000000000000000
331213,6,1/1,remined,0,1,,,,,,,64,1,1,0110001100010001000000000100000000000000000000000000000000000000
331213,6,1/1,pinned,0,,,,,,,,64,1,,0000000000000000000000000000000000000000000000000000000000000000
331221,6,1/2,remined,1,1,4,4,1,0,0,0,64,1,1,0110000111111111110011111111001111001100001111111111111111111111
331221,6,1/2,pinned,1,4,5,5,1,1,0,0,64,1,4,0000000000000000000000000000000000000000001100110000000001111111
331221,6,2/3,remined,1,1,6,6,1,0,1,0,64,1,1,0110000100000000000000111111001111001100001100110000000000000001
331221,6,2/3,pinned,1,6,6,6,1,1,1,1,64,1,6,0000000000000000000000000000000000000000000000000000000000000001
331221,6,3/4,remined,0,1,,,,,,,64,1,1,0110000100000000000000000000000000000000001100110000000000000000
331221,6,3/4,pinned,0,,,,,,,,64,1,,0000000000000000000000000000000000000000000000000000000000000000
331221,6,4/5,remined,0,1,,,,,,,64,1,1,0110000100000000000000000000000000000000000000000000000000000000
331221,6,4/5,pinned,0,,,,,,,,64,1,,0000000000000000000000000000000000000000000000000000000000000000
331221,6,1/1,remined,0,1,,,,,,,64,1,1,0110000100000000000000000000000000000000000000000000000000000000
331221,6,1/1,pinned,0,,,,,,,,64,1,,0000000000000000000000000000000000000000000000000000000000000000
331222,6,1/2,remined,1,1,3,1,0,1,0,0,64,1,1,0110000111111111111000111111100011100000001111111110111001110001
331222,6,1/2,pinned,1,4,4,4,1,1,0,0,64,1,4,0000000000000000000000000000000000000000001110000000000001110001
331222,6,2/3,remined,0,1,,,,,,,64,1,1,0110000100000000000000111111100011100000001110000000000000000000
331222,6,2/3,pinned,0,,,,,,,,64,1,,0000000000000000000000000000000000000000000000000000000000000000
331222,6,3/4,remined,0,1,,,,,,,64,1,1,0110000100000000000000000000000000000000001110000000000000000000
331222,6,3/4,pinned,0,,,,,,,,64,1,,0000000000000000000000000000000000000000000000000000000000000000
331222,6,4/5,remined,0,1,,,,,,,64,1,1,0110000100000000000000000000000000000000000000000000000000000000
331222,6,4/5,pinned,0,,,,,,,,64,1,,0000000000000000000000000000000000000000000000000000000000000000
331222,6,1/1,remined,0,1,,,,,,,64,1,1,0110000100000000000000000000000000000000000000000000000000000000
331222,6,1/1,pinned,0,,,,,,,,64,1,,0000000000000000000000000000000000000000000000000000000000000000
331223,6,1/2,remined,1,1,2,1,0,1,0,0,64,1,1,0110001111111111111011111111101111101101101111111111111111111111
331223,6,1/2,pinned,1,3,4,4,1,1,0,0,64,1,3,0000000000000000000000000100000000000000001110110110011001111111
331223,6,2/3,remined,1,1,3,1,0,1,0,0,64,1,1,0110001100010001000000111111101111101101101110110110011000110001
331223,6,2/3,pinned,1,5,5,5,1,1,0,0,64,1,5,0000000000000000000000000000000000000000000000000000000000110001
331223,6,3/4,remined,0,1,,,,,,,64,1,1,0110001100010001000000000100000000000000001110110110011000110000
331223,6,3/4,pinned,0,,,,,,,,64,1,,0000000000000000000000000000000000000000000000000000000000000000
331223,6,4/5,remined,0,1,,,,,,,64,1,1,0110001100010001000000000100000000000000000000000000000000110000
331223,6,4/5,pinned,0,,,,,,,,64,1,,0000000000000000000000000000000000000000000000000000000000000000
331223,6,1/1,remined,0,1,,,,,,,64,1,1,0110001100010001000000000100000000000000000000000000000000000000
331223,6,1/1,pinned,0,,,,,,,,64,1,,0000000000000000000000000000000000000000000000000000000000000000
331231,6,1/2,remined,1,1,1,1,1,1,0,0,64,1,1,0110010111111111110111111111011111011110011111111111111111111111
331231,6,1/2,pinned,1,3,4,4,1,1,0,0,64,1,3,0000000000000000000000001000000000000000001101111001100101111111
331231,6,2/3,remined,1,1,2,1,0,1,0,0,64,1,1,0110010100100010000000111111011111011110011101111001100101001001
331231,6,2/3,pinned,1,5,5,5,1,1,0,0,64,1,5,0000000000000000000000000000000000000000000000000000000001001001
331231,6,3/4,remined,0,1,,,,,,,64,1,1,0110010100100010000000001000000000000000001101111001100101001000
331231,6,3/4,pinned,0,,,,,,,,64,1,,0000000000000000000000000000000000000000000000000000000000000000
331231,6,4/5,remined,0,1,,,,,,,64,1,1,0110010100100010000000001000000000000000000000000000000001001000
331231,6,4/5,pinned,0,,,,,,,,64,1,,0000000000000000000000000000000000000000000000000000000000000000
331231,6,1/1,remined,0,1,,,,,,,64,1,1,0110010100100010000000001000000000000000000000000000000000000000
331231,6,1/1,pinned,0,,,,,,,,64,1,,0000000000000000000000000000000000000000000000000000000000000000
331232,6,1/2,remined,1,1,2,2,1,1,0,0,64,1,1,0110010111111111111101111111110111110110101111111111111111111111
331232,6,1/2,pinned,1,3,4,4,1,1,0,0,64,1,3,0000000000000000000000001000000000000000001111011010101001111111
331232,6,2/3,remined,1,1,3,1,0,1,0,0,64,1,1,0110010100100010000000111111110111110110101111011010101001010001
331232,6,2/3,pinned,1,5,5,5,1,1,0,0,64,1,5,0000000000000000000000000000000000000000000000000000000001010001
331232,6,3/4,remined,0,1,,,,,,,64,1,1,0110010100100010000000001000000000000000001111011010101001010000
331232,6,3/4,pinned,0,,,,,,,,64,1,,0000000000000000000000000000000000000000000000000000000000000000
331232,6,4/5,remined,0,1,,,,,,,64,1,1,0110010100100010000000001000000000000000000000000000000001010000
331232,6,4/5,pinned,0,,,,,,,,64,1,,0000000000000000000000000000000000000000000000000000000000000000
331232,6,1/1,remined,0,1,,,,,,,64,1,1,0110010100100010000000001000000000000000000000000000000000000000
331232,6,1/1,pinned,0,,,,,,,,64,1,,0000000000000000000000000000000000000000000000000000000000000000
331233,6,1/2,remined,1,1,1,1,1,1,0,0,64,1,1,0110011111111111111111111111111111111111111111111111111111111111
331233,6,1/2,pinned,1,3,4,4,1,1,0,0,64,1,3,0000000000000000000000001100000100000100001111111111111111111111
331233,6,2/3,remined,1,1,1,1,1,1,0,0,64,1,1,0110011100110011000001111111111111111111111111111111111111111111
331233,6,2/3,pinned,1,4,5,5,1,1,0,0,64,1,4,0000000000000000000000000000000000000000000000010000000001111111
331233,6,3/4,remined,1,1,4,4,1,0,0,0,64,1,1,0110011100110011000001001100000100000100001111111111111111111111
331233,6,3/4,pinned,1,6,6,6,1,1,1,1,64,1,6,0000000000000000000000000000000000000000000000000000000000000001
331233,6,4/5,remined,1,1,5,5,1,0,0,0,64,1,1,0110011100110011000001001100000100000100000000010000000001111111
331233,6,4/5,pinned,1,6,6,6,1,1,1,1,64,1,6,0000000000000000000000000000000000000000000000000000000000000001
331233,6,1/1,remined,0,1,,,,,,,64,1,1,0110011100110011000001001100000100000100000000010000000000000000
331233,6,1/1,pinned,0,,,,,,,,64,1,,0000000000000000000000000000000000000000000000000000000000000000
331311,6,1/2,remined,1,1,2,1,0,1,0,0,64,1,1,0110100111111111100110111110011010011000001111111101110101101001
331311,6,1/2,pinned,1,3,3,3,1,1,0,0,64,1,3,0000000000000000000000010000000000000000001001100000000001101001
331311,6,2/3,remined,0,1,,,,,,,64,1,1,0110100101000100000000111110011010011000001001100000000000000000
331311,6,2/3,pinned,0,,,,,,,,64,1,,0000000000000000000000000000000000000000000000000000000000000000
331311,6,3/4,remined,0,1,,,,,,,64,1,1,0110100101000100000000010000000000000000001001100000000000000000
331311,6,3/4,pinned,0,,,,,,,,64,1,,0000000000000000000000000000000000000000000000000000000000000000
331311,6,4/5,remined,0,1,,,,,,,64,1,1,0110100101000100000000010000000000000000000000000000000000000000
331311,6,4/5,pinned,0,,,,,,,,64,1,,0000000000000000000000000000000000000000000000000000000000000000
331311,6,1/1,remined,0,1,,,,,,,64,1,1,0110100101000100000000010000000000000000000000000000000000000000
331311,6,1/1,pinned,0,,,,,,,,64,1,,0000000000000000000000000000000000000000000000000000000000000000
331312,6,1/2,remined,1,1,2,2,1,1,0,0,64,1,1,0110100111111111101111111110111110111101011111111111111111111111
331312,6,1/2,pinned,1,3,4,4,1,1,0,0,64,1,3,0000000000000000000000010000000000000000001011110101010101111111
331312,6,2/3,remined,1,1,2,1,0,1,0,0,64,1,1,0110100101000100000000111110111110111101011011110101010100101001
331312,6,2/3,pinned,1,5,5,5,1,1,0,0,64,1,5,0000000000000000000000000000000000000000000000000000000000101001
331312,6,3/4,remined,0,1,,,,,,,64,1,1,0110100101000100000000010000000000000000001011110101010100101000
331312,6,3/4,pinned,0,,,,,,,,64,1,,0000000000000000000000000000000000000000000000000000000000000000
331312,6,4/5,remined,0,1,,,,,,,64,1,1,0110100101000100000000010000000000000000000000000000000000101000
331312,6,4/5,pinned,0,,,,,,,,64,1,,0000000000000000000000000000000000000000000000000000000000000000
331312,6,1/1,remined,0,1,,,,,,,64,1,1,0110100101000100000000010000000000000000000000000000000000000000
331312,6,1/1,pinned,0,,,,,,,,64,1,,0000000000000000000000000000000000000000000000000000000000000000
331313,6,1/2,remined,1,1,1,1,1,1,0,0,64,1,1,0110101111111111101111111110111110111101011111111111111111111111
331313,6,1/2,pinned,1,3,3,3,1,1,0,0,64,1,3,0000000000000000000000010100001000001000001011110101010101111111
331313,6,2/3,remined,1,1,2,1,0,1,0,0,64,1,1,0110101101010101000010111110111110111101011011110101010100101001
331313,6,2/3,pinned,1,4,4,4,1,1,0,0,64,1,4,0000000000000000000000000000000000000000000000100000000000101001
331313,6,3/4,remined,0,1,,,,,,,64,1,1,0110101101010101000010010100001000001000001011110101010100101000
331313,6,3/4,pinned,0,,,,,,,,64,1,,0000000000000000000000000000000000000000000000000000000000000000
331313,6,4/5,remined,0,1,,,,,,,64,1,1,0110101101010101000010010100001000001000000000100000000000101000
331313,6,4/5,pinned,0,,,,,,,,64,1,,0000000000000000000000000000000000000000000000000000000000000000
331313,6,1/1,remined,0,1,,,,,,,64,1,1,0110101101010101000010010100001000001000000000100000000000000000
331313,6,1/1,pinned,0,,,,,,,,64,1,,0000000000000000000000000000000000000000000000000000000000000000
331321,6,1/2,remined,1,1,2,2,1,1,0,0,64,1,1,0110100111111111110111111111011111011110011111111111111111111111
331321,6,1/2,pinned,1,3,4,4,1,1,0,0,64,1,3,0000000000000000000000010000000000000000001101111001100101111111
331321,6,2/3,remined,1,1,2,1,0,1,0,0,64,1,1,0110100101000100000000111111011111011110011101111001100101001001
331321,6,2/3,pinned,1,5,5,5,1,1,0,0,64,1,5,0000000000000000000000000000000000000000000000000000000001001001
331321,6,3/4,remined,0,1,,,,,,,64,1,1,0110100101000100000000010000000000000000001101111001100101001000
331321,6,3/4,pinned,0,,,,,,,,64,1,,0000000000000000000000000000000000000000000000000000000000000000
331321,6,4/5,remined,0,1,,,,,,,64,1,1,0110100101000100000000010000000000000000000000000000000001001000
331321,6,4/5,pinned,0,,,,,,,,64,1,,0000000000000000000000000000000000000000000000000000000000000000
331321,6,1/1,remined,0,1,,,,,,,64,1,1,0110100101000100000000010000000000000000000000000000000000000000
331321,6,1/1,pinned,0,,,,,,,,64,1,,0000000000000000000000000000000000000000000000000000000000000000
331322,6,1/2,remined,1,1,2,1,0,1,0,0,64,1,1,0110100111111111111110111111111011111011001111111111111111111111
331322,6,1/2,pinned,1,3,4,4,1,1,0,0,64,1,3,0000000000000000000000010000000000000000001111101100110001111111
331322,6,2/3,remined,1,1,4,1,0,1,0,0,64,1,1,0110100101000100000000111111111011111011001111101100110001100001
331322,6,2/3,pinned,1,5,5,5,1,1,0,0,64,1,5,0000000000000000000000000000000000000000000000000000000001100001
331322,6,3/4,remined,0,1,,,,,,,64,1,1,0110100101000100000000010000000000000000001111101100110001100000
331322,6,3/4,pinned,0,,,,,,,,64,1,,0000000000000000000000000000000000000000000000000000000000000000
331322,6,4/5,remined,0,1,,,,,,,64,1,1,0110100101000100000000010000000000000000000000000000000001100000
331322,6,4/5,pinned,0,,,,,,,,64,1,,0000000000000000000000000000000000000000000000000000000000000000
331322,6,1/1,remined,0,1,,,,,,,64,1,1,0110100101000100000000010000000000000000000000000000000000000000
331322,6,1/1,pinned,0,,,,,,,,64,1,,0000000000000000000000000000000000000000000000000000000000000000
331323,6,1/2,remined,1,1,1,1,1,1,0,0,64,1,1,0110101111111111111111111111111111111111111111111111111111111111
331323,6,1/2,pinned,1,3,4,4,1,1,0,0,64,1,3,0000000000000000000000010100001000001000001111111111111111111111
331323,6,2/3,remined,1,1,1,1,1,1,0,0,64,1,1,0110101101010101000010111111111111111111111111111111111111111111
331323,6,2/3,pinned,1,4,5,5,1,1,0,0,64,1,4,0000000000000000000000000000000000000000000000100000000001111111
331323,6,3/4,remined,1,1,4,4,1,0,0,0,64,1,1,0110101101010101000010010100001000001000001111111111111111111111
331323,6,3/4,pinned,1,6,6,6,1,1,1,1,64,1,6,0000000000000000000000000000000000000000000000000000000000000001
331323,6,4/5,remined,1,1,5,5,1,0,0,0,64,1,1,0110101101010101000010010100001000001000000000100000000001111111
331323,6,4/5,pinned,1,6,6,6,1,1,1,1,64,1,6,0000000000000000000000000000000000000000000000000000000000000001
331323,6,1/1,remined,0,1,,,,,,,64,1,1,0110101101010101000010010100001000001000000000100000000000000000
331323,6,1/1,pinned,0,,,,,,,,64,1,,0000000000000000000000000000000000000000000000000000000000000000
331331,6,1/2,remined,1,1,1,1,1,1,0,0,64,1,1,0110110111111111110111111111011111011110011111111111111111111111
331331,6,1/2,pinned,1,3,3,3,1,1,0,0,64,1,3,0000000000000000000000011000010000010000001101111001100101111111
331331,6,2/3,remined,1,1,2,1,0,1,0,0,64,1,1,0110110101100110000100111111011111011110011101111001100101001001
331331,6,2/3,pinned,1,4,4,4,1,1,0,0,64,1,4,0000000000000000000000000000000000000000000001000000000001001001
331331,6,3/4,remined,0,1,,,,,,,64,1,1,0110110101100110000100011000010000010000001101111001100101001000
331331,6,3/4,pinned,0,,,,,,,,64,1,,0000000000000000000000000000000000000000000000000000000000000000
331331,6,4/5,remined,0,1,,,,,,,64,1,1,0110110101100110000100011000010000010000000001000000000001001000
331331,6,4/5,pinned,0,,,,,,,,64,1,,0000000000000000000000000000000000000000000000000000000000000000
331331,6,1/1,remined,0,1,,,,,,,64,1,1,0110110101100110000100011000010000010000000001000000000000000000
331331,6,1/1,pinned,0,,,,,,,,64,1,,0000000000000000000000000000000000000000000000000000000000000000
331332,6,1/2,remined,1,1,1,1,1,1,0,0,64,1,1,0110110111111111111111111111111111111111111111111111111111111111
331332,6,1/2,pinned,1,3,4,4,1,1,0,0,64,1,3,0000000000000000000000011000010000010000001111111111111111111111
331332,6,2/3,remined,1,1,2,1,0,1,0,0,64,1,1,0110110101100110000100111111111111111111111111111111111111111111
331332,6,2/3,pinned,1,4,5,5,1,1,0,0,64,1,4,0000000000000000000000000000000000000000000001000000000001111111
331332,6,3/4,remined,1,1,4,4,1,0,0,0,64,1,1,0110110101100110000100011000010000010000001111111111111111111111
331332,6,3/4,pinned,1,6,6,6,1,1,1,1,64,1,6,0000000000000000000000000000000000000000000000000000000000000001
331332,6,4/5,remined,1,1,5,5,1,0,0,0,64,1,1,0110110101100110000100011000010000010000000001000000000001111111
331332,6,4/5,pinned,1,6,6,6,1,1,1,1,64,1,6,0000000000000000000000000000000000000000000000000000000000000001
331332,6,1/1,remined,0,1,,,,,,,64,1,1,0110110101100110000100011000010000010000000001000000000000000000
331332,6,1/1,pinned,0,,,,,,,,64,1,,0000000000000000000000000000000000000000000000000000000000000000
331333,6,1/2,remined,1,1,1,1,1,1,0,0,64,1,1,0110111111111111111111111111111111111111111111111111111111111111
331333,6,1/2,pinned,1,3,3,3,1,1,0,0,64,1,3,0000000000000000000000011100011100011100011111111111111111111111
331333,6,2/3,remined,1,1,1,1,1,1,0,0,64,1,1,0110111101110111000111111111111111111111111111111111111111111111
331333,6,2/3,pinned,1,4,4,4,1,1,0,0,64,1,4,0000000000000000000000000000000000000000000001110001000101111111
331333,6,3/4,remined,1,1,1,1,1,1,0,0,64,1,1,0110111101110111000111011100011100011100011111111111111111111111
331333,6,3/4,pinned,1,5,5,5,1,1,0,0,64,1,5,0000000000000000000000000000000000000000000000000000000000001001
331333,6,4/5,remined,1,1,1,1,1,1,0,0,64,1,1,0110111101110111000111011100011100011100010001110001000101111111
331333,6,4/5,pinned,1,5,5,5,1,1,0,0,64,1,5,0000000000000000000000000000000000000000000000000000000000001001
331333,6,1/1,remined,0,1,,,,,,,64,1,1,0110111101110111000111011100011100011100010001110001000100001000
331333,6,1/1,pinned,0,,,,,,,,64,1,,0000000000000000000000000000000000000000000000000000000000000000
332111,6,1/2,remined,1,1,3,1,0,1,0,0,64,1,1,0110000111111111111000111111100011100000001111111110111001110001
332111,6,1/2,pinned,1,4,4,4,1,1,0,0,64,1,4,0000000000000000000000000000000000000000001110000000000001110001
332111,6,2/3,remined,0,1,,,,,,,64,1,1,0110000100000000000000111111100011100000001110000000000000000000
332111,6,2/3,pinned,0,,,,,,,,64,1,,0000000000000000000000000000000000000000000000000000000000000000
332111,6,3/4,remined,0,1,,,,,,,64,1,1,0110000100000000000000000000000000000000001110000000000000000000
332111,6,3/4,pinned,0,,,,,,,,64,1,,0000000000000000000000000000000000000000000000000000000000000000
332111,6,4/5,remined,0,1,,,,,,,64,1,1,0110000100000000000000000000000000000000000000000000000000000000
332111,6,4/5,pinned,0,,,,,,,,64,1,,0000000000000000000000000000000000000000000000000000000000000000
332111,6,1/1,remined,0,1,,,,,,,64,1,1,0110000100000000000000000000000000000000000000000000000000000000
332111,6,1/1,pinned,0,,,,,,,,64,1,,0000000000000000000000000000000000000000000000000000000000000000
332112,6,1/2,remined,1,1,4,4,1,0,0,0,64,1,1,0110000111111111110011111111001111001100001111111111111111111111
332112,6,1/2,pinned,1,4,5,5,1,1,0,0,64,1,4,0000000000000000000000000000000000000000001100110000000001111111
332112,6,2/3,remined,1,1,6,6,1,0,1,0,64,1,1,0110000100000000000000111111001111001100001100110000000000000001
332112,6,2/3,pinned,1,6,6,6,1,1,1,1,64,1,6,0000000000000000000000000000000000000000000000000000000000000001
332112,6,3/4,remined,0,1,,,,,,,64,1,1,0110000100000000000000000000000000000000001100110000000000000000
332112,6,3/4,pinned,0,,,,,,,,64,1,,0000000000000000000000000000000000000000000000000000000000000000
332112,6,4/5,remined,0,1,,,,,,,64,1,1,0110000100000000000000000000000000000000000000000000000000000000
332112,6,4/5,pinned,0,,,,,,,,64,1,,0000000000000000000000000000000000000000000000000000000000000000
332112,6,1/1,remined,0,1,,,,,,,64,1,1,0110000100000000000000000000000000000000000000000000000000000000
332112,6,1/1,pinned,0,,,,,,,,64,1,,0000000000000000000000000000000000000000000000000000000000000000
332113,6,1/2,remined,1,1,2,1,0,1,0,0,64,1,1,0110001111111111111011111111101111101101101111111111111111111111
332113,6,1/2,pinned,1,3,4,4,1,1,0,0,64,1,3,0000000000000000000000000100000000000000001110110110011001111111
332113,6,2/3,remined,1,1,3,1,0,1,0,0,64,1,1,0110001100010001000000111111101111101101101110110110011000110001
332113,6,2/3,pinned,1,5,5,5,1,1,0,0,64,1,5,0000000000000000000000000000000000000000000000000000000000110001
332113,6,3/4,remined,0,1,,,,,,,64,1,1,0110001100010001000000000100000000000000001110110110011000110000
332113,6,3/4,pinned,0,,,,,,,,64,1,,0000000000000000000000000000000000000000000000000000000000000000
332113,6,4/5,remined,0,1,,,,,,,64,1,1,0110001100010001000000000100000000000000000000000000000000110000
332113,6,4/5,pinned,0,,,,,,,,64,1,,0000000000000000000000000000000000000000000000000000000000000000
332113,6,1/1,remined,0,1,,,,,,,64,1,1,0110001100010001000000000100000000000000000000000000000000000000
332113,6,1/1,pinned,0,,,,,,,,64,1,,0000000000000000000000000000000000000000000000000000000000000000
332121,6,1/2,remined,1,1,4,4,1,0,0,0,64,1,1,0110000111111111101101111110110110110100001111111111111111111111
332121,6,1/2,pinned,1,4,5,5,1,1,0,0,64,1,4,0000000000000000000000000000000000000000001011010000000001111111
332121,6,2/3,remined,1,1,6,6,1,0,1,0,64,1,1,0110000100000000000000111110110110110100001011010000000000000001
332121,6,2/3,pinned,1,6,6,6,1,1,1,1,64,1,6,0000000000000000000000000000000000000000000000000000000000000001
332121,6,3/4,remined,0,1,,,,,,,64,1,1,0110000100000000000000000000000000000000001011010000000000000000
332121,6,3/4,pinned,0,,,,,,,,64,1,,0000000000000000000000000000000000000000000000000000000000000000
332121,6,4/5,remined,0,1,,,,,,,64,1,1,0110000100000000000000000000000000000000000000000000000000000000
332121,6,4/5,pinned,0,,,,,,,,64,1,,0000000000000000000000000000000000000000000000000000000000000000
332121,6,1/1,remined,0,1,,,,,,,64,1,1,0110000100000000000000000000000000000000000000000000000000000000
332121,6,1/1,pinned,0,,,,,,,,64,1,,0000000000000000000000000000000000000000000000000000000000000000
332122,6,1/2,remined,1,1,2,1,0,1,0,0,64,1,1,0110000111111111100110111110011010011000001111111101110101101001
332122,6,1/2,pinned,1,4,4,4,1,1,0,0,64,1,4,0000000000000000000000000000000000000000001001100000000001101001
332122,6,2/3,remined,0,1,,,,,,,64,1,1,0110000100000000000000111110011010011000001001100000000000000000
332122,6,2/3,pinned,0,,,,,,,,64,1,,0000000000000000000000000000000000000000000000000000000000000000
332122,6,3/4,remined,0,1,,,,,,,64,1,1,0110000100000000000000000000000000000000001001100000000000000000
332122,6,3/4,pinned,0,,,,,,,,64,1,,0000000000000000000000000000000000000000000000000000000000000000
332122,6,4/5,remined,0,1,,,,,,,64,1,1,0110000100000000000000000000000000000000000000000000000000000000
332122,6,4/5,pinned,0,,,,,,,,64,1,,0000000000000000000000000000000000000000000000000000000000000000
332122,6,1/1,remined,0,1,,,,,,,64,1,1,0110000100000000000000000000000000000000000000000000000000000000
332122,6,1/1,pinned,0,,,,,,,,64,1,,0000000000000000000000000000000000000000000000000000000000000000
332123,6,1/2,remined,1,1,1,1,1,1,0,0,64,1,1,0110001111111111101111111110111110111101011111111111111111111111
332123,6,1/2,pinned,1,3,4,4,1,1,0,0,64,1,3,0000000000000000000000000100000000000000001011110101010101111111
332123,6,2/3,remined,1,1,2,1,0,1,0,0,64,1,1,0110001100010001000000111110111110111101011011110101010100101001
332123,6,2/3,pinned,1,5,5,5,1,1,0,0,64,1,5,0000000000000000000000000000000000000000000000000000000000101001
332123,6,3/4,remined,0,1,,,,,,,64,1,1,0110001100010001000000000100000000000000001011110101010100101000
332123,6,3/4,pinned,0,,,,,,,,64,1,,0000000000000000000000000000000000000000000000000000000000000000
332123,6,4/5,remined,0,1,,,,,,,64,1,1,0110001100010001000000000100000000000000000000000000000000101000
332123,6,4/5,pinned,0,,,,,,,,64,1,,0000000000000000000000000000000000000000000000000000000000000000
332123,6,1/1,remined,0,1,,,,,,,64,1,1,0110001100010001000000000100000000000000000000000000000000000000
332123,6,1/1,pinned,0,,,,,,,,64,1,,0000000000000000000000000000000000000000000000000000000000000000
332131,6,1/2,remined,1,1,2,2,1,1,0,0,64,1,1,0110010111111111111101111111110111110110101111111111111111111111
332131,6,1/2,pinned,1,3,4,4,1,1,0,0,64,1,3,0000000000000000000000001000000000000000001111011010101001111111
332131,6,2/3,remined,1,1,3,1,0,1,0,0,64,1,1,0110010100100010000000111111110111110110101111011010101001010001
332131,6,2/3,pinned,1,5,5,5,1,1,0,0,64,1,5,0000000000000000000000000000000000000000000000000000000001010001
332131,6,3/4,remined,0,1,,,,,,,64,1,1,0110010100100010000000001000000000000000001111011010101001010000
332131,6,3/4,pinned,0,,,,,,,,64,1,,0000000000000000000000000000000000000000000000000000000000000000
332131,6,4/5,remined,0,1,,,,,,,64,1,1,0110010100100010000000001000000000000000000000000000000001010000
332131,6,4/5,pinned,0,,,,,,,,64,1,,0000000000000000000000000000000000000000000000000000000000000000
332131,6,1/1,remined,0,1,,,,,,,64,1,1,0110010100100010000000001000000000000000000000000000000000000000
332131,6,1/1,pinned,0,,,,,,,,64,1,,0000000000000000000000000000000000000000000000000000000000000000
332132,6,1/2,remined,1,1,1,1,1,1,0,0,64,1,1,0110010111111111110111111111011111011110011111111111111111111111
332132,6,1/2,pinned,1,3,4,4,1,1,0,0,64,1,3,0000000000000000000000001000000000000000001101111001100101111111
332132,6,2/3,remined,1,1,2,1,0,1,0,0,64,1,1,0110010100100010000000111111011111011110011101111001100101001001
332132,6,2/3,pinned,1,5,5,5,1,1,0,0,64,1,5,0000000000000000000000000000000000000000000000000000000001001001
332132,6,3/4,remined,0,1,,,,,,,64,1,1,0110010100100010000000001000000000000000001101111001100101001000
332132,6,3/4,pinned,0,,,,,,,,64,1,,0000000000000000000000000000000000000000000000000000000000000000
332132,6,4/5,remined,0,1,,,,,,,64,1,1,0110010100100010000000001000000000000000000000000000000001001000
332132,6,4/5,pinned,0,,,,,,,,64,1,,0000000000000000000000000000000000000000000000000000000000000000
332132,6,1/1,remined,0,1,,,,,,,64,1,1,0110010100100010000000001000000000000000000000000000000000000000
332132,6,1/1,pinned,0,,,,,,,,64,1,,0000000000000000000000000000000000000000000000000000000000000000
332133,6,1/2,remined,1,1,1,1,1,1,0,0,64,1,1,0110011111111111111111111111111111111111111111111111111111111111
332133,6,1/2,pinned,1,3,4,4,1,1,0,0,64,1,3,0000000000000000000000001100000100000100001111111111111111111111
332133,6,2/3,remined,1,1,1,1,1,1,0,0,64,1,1,0110011100110011000001111111111111111111111111111111111111111111
332133,6,2/3,pinned,1,4,5,5,1,1,0,0,64,1,4,0000000000000000000000000000000000000000000000010000000001111111
332133,6,3/4,remined,1,1,4,4,1,0,0,0,64,1,1,0110011100110011000001001100000100000100001111111111111111111111
332133,6,3/4,pinned,1,6,6,6,1,1,1,1,64,1,6,0000000000000000000000000000000000000000000000000000000000000001
332133,6,4/5,remined,1,1,5,5,1,0,0,0,64,1,1,0110011100110011000001001100000100000100000000010000000001111111
332133,6,4/5,pinned,1,6,6,6,1,1,1,1,64,1,6,0000000000000000000000000000000000000000000000000000000000000001
332133,6,1/1,remined,0,1,,,,,,,64,1,1,0110011100110011000001001100000100000100000000010000000000000000
332133,6,1/1,pinned,0,,,,,,,,64,1,,0000000000000000000000000000000000000000000000000000000000000000
332211,6,1/2,remined,1,1,4,4,1,0,0,0,64,1,1,0110000111111111011110111101111001111000001111111111111111111111
332211,6,1/2,pinned,1,4,5,5,1,1,0,0,64,1,4,0000000000000000000000000000000000000000000111100000000001111111
332211,6,2/3,remined,1,1,6,6,1,0,1,0,64,1,1,0110000100000000000000111101111001111000000111100000000000000001
332211,6,2/3,pinned,1,6,6,6,1,1,1,1,64,1,6,0000000000000000000000000000000000000000000000000000000000000001
332211,6,3/4,remined,0,1,,,,,,,64,1,1,0110000100000000000000000000000000000000000111100000000000000000
332211,6,3/4,pinned,0,,,,,,,,64,1,,0000000000000000000000000000000000000000000000000000000000000000
332211,6,4/5,remined,0,1,,,,,,,64,1,1,0110000100000000000000000000000000000000000000000000000000000000
332211,6,4/5,pinned,0,,,,,,,,64,1,,0000000000000000000000000000000000000000000000000000000000000000
332211,6,1/1,remined,0,1,,,,,,,64,1,1,0110000100000000000000000000000000000000000000000000000000000000
332211,6,1/1,pinned,0,,,,,,,,64,1,,0000000000000000000000000000000000000000000000000000000000000000
332212,6,1/2,remined,1,1,2,1,0,1,0,0,64,1,1,0110000111111111010101111101010101010100001111111011101101011001
332212,6,1/2,pinned,1,4,4,4,1,1,0,0,64,1,4,0000000000000000000000000000000000000000000101010000000001011001
332212,6,2/3,remined,0,1,,,,,,,64,1,1,0110000100000000000000111101010101010100000101010000000000000000
332212,6,2/3,pinned,0,,,,,,,,64,1,,0000000000000000000000000000000000000000000000000000000000000000
332212,6,3/4,remined,0,1,,,,,,,64,1,1,0110000100000000000000000000000000000000000101010000000000000000
332212,6,3/4,pinned,0,,,,,,,,64,1,,0000000000000000000000000000000000000000000000000000000000000000
332212,6,4/5,remined,0,1,,,,,,,64,1,1,0110000100000000000000000000000000000000000000000000000000000000
332212,6,4/5,pinned,0,,,,,,,,64,1,,0000000000000000000000000000000000000000000000000000000000000000
332212,6,1/1,remined,0,1,,,,,,,64,1,1,0110000100000000000000000000000000000000000000000000000000000000
332212,6,1/1,pinned,0,,,,,,,,64,1,,0000000000000000000000000000000000000000000000000000000000000000
332213,6,1/2,remined,1,1,1,1,1,1,0,0,64,1,1,0110001111111111011111111101111101111100111111111111111111111111
332213,6,1/2,pinned,1,3,4,4,1,1,0,0,64,1,3,0000000000000000000000000100000000000000000111110011001101111111
332213,6,2/3,remined,1,1,2,1,0,1,0,0,64,1,1,0110001100010001000000111101111101111100110111110011001100011001
332213,6,2/3,pinned,1,5,5,5,1,1,0,0,64,1,5,0000000000000000000000000000000000000000000000000000000000011001
332213,6,3/4,remined,0,1,,,,,,,64,1,1,0110001100010001000000000100000000000000000111110011001100011000
332213,6,3/4,pinned,0,,,,,,,,64,1,,0000000000000000000000000000000000000000000000000000000000000000
332213,6,4/5,remined,0,1,,,,,,,64,1,1,0110001100010001000000000100000000000000000000000000000000011000
332213,6,4/5,pinned,0,,,,,,,,64,1,,0000000000000000000000000000000000000000000000000000000000000000
332213,6,1/1,remined,0,1,,,,,,,64,1,1,0110001100010001000000000100000000000000000000000000000000000000
332213,6,1/1,pinned,0,,,,,,,,64,1,,0000000000000000000000000000000000000000000000000000000000000000
332221,6,1/2,remined,1,1,2,1,0,1,0,0,64,1,1,0110000111111111001011111100101100101100001111110111011100111001
332221,6,1/2,pinned,1,4,4,4,1,1,0,0,64,1,4,0000000000000000000000000000000000000000000010110000000000111001
332221,6,2/3,remined,0,1,,,,,,,64,1,1,0110000100000000000000111100101100101100000010110000000000000000
332221,6,2/3,pinned,0,,,,,,,,64,1,,0000000000000000000000000000000000000000000000000000000000000000
332221,6,3/4,remined,0,1,,,,,,,64,1,1,0110000100000000000000000000000000000000000010110000000000000000
332221,6,3/4,pinned,0,,,,,,,,64,1,,0000000000000000000000000000000000000000000000000000000000000000
332221,6,4/5,remined,0,1,,,,,,,64,1,1,0110000100000000000000000000000000000000000000000000000000000000
332221,6,4/5,pinned,0,,,,,,,,64,1,,0000000000000000000000000000000000000000000000000000000000000000
332221,6,1/1,remined,0,1,,,,,,,64,1,1,0110000100000000000000000000000000000000000000000000000000000000
332221,6,1/1,pinned,0,,,,,,,,64,1,,0000000000000000000000000000000000000000000000000000000000000000
332222,6,1/2,remined,0,1,,,,,,,64,1,1,0110000111111111000000111100000000000000001111110000000000000000
332222,6,1/2,pinned,0,,,,,,,,64,1,,0000000000000000000000000000000000000000000000000000000000000000
332222,6,2/3,remined,0,1,,,,,,,64,1,1,0110000100000000000000111100000000000000000000000000000000000000
332222,6,2/3,pinned,0,,,,,,,,64,1,,0000000000000000000000000000000000000000000000000000000000000000
332222,6,3/4,remined,0,1,,,,,,,64,1,1,0110000100000000000000000000000000000000000000000000000000000000
332222,6,3/4,pinned,0,,,,,,,,64,1,,0000000000000000000000000000000000000000000000000000000000000000
332222,6,4/5,remined,0,1,,,,,,,64,1,1,0110000100000000000000000000000000000000000000000000000000000000
332222,6,4/5,pinned,0,,,,,,,,64,1,,0000000000000000000000000000000000000000000000000000000000000000
332222,6,1/1,remined,0,1,,,,,,,64,1,1,0110000100000000000000000000000000000000000000000000000000000000
332222,6,1/1,pinned,0,,,,,,,,64,1,,0000000000000000000000000000000000000000000000000000000000000000
332223,6,1/2,remined,1,1,2,1,0,1,0,0,64,1,1,0110001111111111001011111100101100101100001111110111011100111001
332223,6,1/2,pinned,1,3,3,3,1,1,0,0,64,1,3,0000000000000000000000000100000000000000000010110000000000111001
332223,6,2/3,remined,0,1,,,,,,,64,1,1,0110001100010001000000111100101100101100000010110000000000000000
332223,6,2/3,pinned,0,,,,,,,,64,1,,0000000000000000000000000000000000000000000000000000000000000000
332223,6,3/4,remined,0,1,,,,,,,64,1,1,0110001100010001000000000100000000000000000010110000000000000000
332223,6,3/4,pinned,0,,,,,,,,64,1,,0000000000000000000000000000000000000000000000000000000000000000
332223,6,4/5,remined,0,1,,,,,,,64,1,1,0110001100010001000000000100000000000000000000000000000000000000
332223,6,4/5,pinned,0,,,,,,,,64,1,,0000000000000000000000000000000000000000000000000000000000000000
332223,6,1/1,remined,0,1,,,,,,,64,1,1,0110001100010001000000000100000000000000000000000000000000000000
332223,6,1/1,pinned,0,,,,,,,,64,1,,0000000000000000000000000000000000000000000000000000000000000000
332231,6,1/2,remined,1,1,1,1,1,1,0,0,64,1,1,0110010111111111011111111101111101111100111111111111111111111111
332231,6,1/2,pinned,1,3,4,4,1,1,0,0,64,1,3,0000000000000000000000001000000000000000000111110011001101111111
332231,6,2/3,remined,1,1,2,1,0,1,0,0,64,1,1,0110010100100010000000111101111101111100110111110011001100011001
332231,6,2/3,pinned,1,5,5,5,1,1,0,0,64,1,5,0000000000000000000000000000000000000000000000000000000000011001
332231,6,3/4,remined,0,1,,,,,,,64,1,1,0110010100100010000000001000000000000000000111110011001100011000
332231,6,3/4,pinned,0,,,,,,,,64,1,,0000000000000000000000000000000000000000000000000000000000000000
332231,6,4/5,remined,0,1,,,,,,,64,1,1,0110010100100010000000001000000000000000000000000000000000011000
332231,6,4/5,pinned,0,,,,,,,,64,1,,0000000000000000000000000000000000000000000000000000000000000000
332231,6,1/1,remined,0,1,,,,,,,64,1,1,0110010100100010000000001000000000000000000000000000000000000000
332231,6,1/1,pinned,0,,,,,,,,64,1,,0000000000000000000000000000000000000000000000000000000000000000
332232,6,1/2,remined,1,1,2,1,0,1,0,0,64,1,1,0110010111111111010101111101010101010100001111111011101101011001
332232,6,1/2,pinned,1,3,3,3,1,1,0,0,64,1,3,0000000000000000000000001000000000000000000101010000000001011001
332232,6,2/3,remined,0,1,,,,,,,64,1,1,0110010100100010000000111101010101010100000101010000000000000000
332232,6,2/3,pinned,0,,,,,,,,64,1,,0000000000000000000000000000000000000000000000000000000000000000
332232,6,3/4,remined,0,1,,,,,,,64,1,1,0110010100100010000000001000000000000000000101010000000000000000
332232,6,3/4,pinned,0,,,,,,,,64,1,,0000000000000000000000000000000000000000000000000000000000000000
332232,6,4/5,remined,0,1,,,,,,,64,1,1,0110010100100010000000001000000000000000000000000000000000000000
332232,6,4/5,pinned,0,,,,,,,,64,1,,0000000000000000000000000000000000000000000000000000000000000000
332232,6,1/1,remined,0,1,,,,,,,64,1,1,0110010100100010000000001000000000000000000000000000000000000000
332232,6,1/1,pinned,0,,,,,,,,64,1,,0000000000000000000000000000000000000000000000000000000000000000
332233,6,1/2,remined,1,1,1,1,1,1,0,0,64,1,1,0110011111111111011111111101111101111100111111111111111111111111
332233,6,1/2,pinned,1,3,3,3,1,1,0,0,64,1,3,0000000000000000000000001100000100000100000111110011001101111111
332233,6,2/3,remined,1,1,2,1,0,1,0,0,64,1,1,0110011100110011000001111101111101111100110111110011001100011001
332233,6,2/3,pinned,1,4,4,4,1,1,0,0,64,1,4,0000000000000000000000000000000000000000000000010000000000011001
332233,6,3/4,remined,0,1,,,,,,,64,1,1,0110011100110011000001001100000100000100000111110011001100011000
332233,6,3/4,pinned,0,,,,,,,,64,1,,0000000000000000000000000000000000000000000000000000000000000000
332233,6,4/5,remined,0,1,,,,,,,64,1,1,0110011100110011000001001100000100000100000000010000000000011000
332233,6,4/5,pinned,0,,,,,,,,64,1,,0000000000000000000000000000000000000000000000000000000000000000
332233,6,1/1,remined,0,1,,,,,,,64,1,1,0110011100110011000001001100000100000100000000010000000000000000
332233,6,1/1,pinned,0,,,,,,,,64,1,,0000000000000000000000000000000000000000000000000000000000000000
332311,6,1/2,remined,1,1,2,1,0,1,0,0,64,1,1,0110100111111111111110111111111011111011001111111111111111111111
332311,6,1/2,pinned,1,3,4,4,1,1,0,0,64,1,3,0000000000000000000000010000000000000000001111101100110001111111
332311,6,2/3,remined,1,1,4,1,0,1,0,0,64,1,1,0110100101000100000000111111111011111011001111101100110001100001
332311,6,2/3,pinned,1,5,5,5,1,1,0,0,64,1,5,0000000000000000000000000000000000000000000000000000000001100001
332311,6,3/4,remined,0,1,,,,,,,64,1,1,0110100101000100000000010000000000000000001111101100110001100000
332311,6,3/4,pinned,0,,,,,,,,64,1,,0000000000000000000000000000000000000000000000000000000000000000
332311,6,4/5,remined,0,1,,,,,,,64,1,1,0110100101000100000000010000000000000000000000000000000001100000
332311,6,4/5,pinned,0,,,,,,,,64,1,,0000000000000000000000000000000000000000000000000000000000000000
332311,6,1/1,remined,0,1,,,,,,,64,1,1,0110100101000100000000010000000000000000000000000000000000000000
332311,6,1/1,pinned,0,,,,,,,,64,1,,0000000000000000000000000000000000000000000000000000000000000000
332312,6,1/2,remined,1,1,2,2,1,1,0,0,64,1,1,0110100111111111110111111111011111011110011111111111111111111111
332312,6,1/2,pinned,1,3,4,4,1,1,0,0,64,1,3,0000000000000000000000010000000000000000001101111001100101111111
332312,6,2/3,remined,1,1,2,1,0,1,0,0,64,1,1,0110100101000100000000111111011111011110011101111001100101001001
332312,6,2/3,pinned,1,5,5,5,1,1,0,0,64,1,5,0000000000000000000000000000000000000000000000000000000001001001
332312,6,3/4,remined,0,1,,,,,,,64,1,1,0110100101000100000000010000000000000000001101111001100101001000
332312,6,3/4,pinned,0,,,,,,,,64,1,,0000000000000000000000000000000000000000000000000000000000000000
332312,6,4/5,remined,0,1,,,,,,,64,1,1,0110100101000100000000010000000000000000000000000000000001001000
332312,6,4/5,pinned,0,,,,,,,,64,1,,0000000000000000000000000000000000000000000000000000000000000000
332312,6,1/1,remined,0,1,,,,,,,64,1,1,0110100101000100000000010000000000000000000000000000000000000000
332312,6,1/1,pinned,0,,,,,,,,64,1,,0000000000000000000000000000000000000000000000000000000000000000
332313,6,1/2,remined,1,1,1,1,1,1,0,0,64,1,1,0110101111111111111111111111111111111111111111111111111111111111
332313,6,1/2,pinned,1,3,4,4,1,1,0,0,64,1,3,0000000000000000000000010100001000001000001111111111111111111111
332313,6,2/3,remined,1,1,1,1,1,1,0,0,64,1,1,0110101101010101000010111111111111111111111111111111111111111111
332313,6,2/3,pinned,1,4,5,5,1,1,0,0,64,1,4,0000000000000000000000000000000000000000000000100000000001111111
332313,6,3/4,remined,1,1,4,4,1,0,0,0,64,1,1,0110101101010101000010010100001000001000001111111111111111111111
332313,6,3/4,pinned,1,6,6,6,1,1,1,1,64,1,6,0000000000000000000000000000000000000000000000000000000000000001
332313,6,4/5,remined,1,1,5,5,1,0,0,0,64,1,1,0110101101010101000010010100001000001000000000100000000001111111
332313,6,4/5,pinned,1,6,6,6,1,1,1,1,64,1,6,0000000000000000000000000000000000000000000000000000000000000001
332313,6,1/1,remined,0,1,,,,,,,64,1,1,0110101101010101000010010100001000001000000000100000000000000000
332313,6,1/1,pinned,0,,,,,,,,64,1,,0000000000000000000000000000000000000000000000000000000000000000
332321,6,1/2,remined,1,1,2,2,1,1,0,0,64,1,1,0110100111111111101111111110111110111101011111111111111111111111
332321,6,1/2,pinned,1,3,4,4,1,1,0,0,64,1,3,0000000000000000000000010000000000000000001011110101010101111111
332321,6,2/3,remined,1,1,2,1,0,1,0,0,64,1,1,0110100101000100000000111110111110111101011011110101010100101001
332321,6,2/3,pinned,1,5,5,5,1,1,0,0,64,1,5,0000000000000000000000000000000000000000000000000000000000101001
332321,6,3/4,remined,0,1,,,,,,,64,1,1,0110100101000100000000010000000000000000001011110101010100101000
332321,6,3/4,pinned,0,,,,,,,,64,1,,0000000000000000000000000000000000000000000000000000000000000000
332321,6,4/5,remined,0,1,,,,,,,64,1,1,0110100101000100000000010000000000000000000000000000000000101000
332321,6,4/5,pinned,0,,,,,,,,64,1,,0000000000000000000000000000000000000000000000000000000000000000
332321,6,1/1,remined,0,1,,,,,,,64,1,1,0110100101000100000000010000000000000000000000000000000000000000
332321,6,1/1,pinned,0,,,,,,,,64,1,,0000000000000000000000000000000000000000000000000000000000000000
332322,6,1/2,remined,1,1,2,1,0,1,0,0,64,1,1,0110100111111111100110111110011010011000001111111101110101101001
332322,6,1/2,pinned,1,3,3,3,1,1,0,0,64,1,3,0000000000000000000000010000000000000000001001100000000001101001
332322,6,2/3,remined,0,1,,,,,,,64,1,1,0110100101000100000000111110011010011000001001100000000000000000
332322,6,2/3,pinned,0,,,,,,,,64,1,,0000000000000000000000000000000000000000000000000000000000000000
332322,6,3/4,remined,0,1,,,,,,,64,1,1,0110100101000100000000010000000000000000001001100000000000000000
332322,6,3/4,pinned,0,,,,,,,,64,1,,0000000000000000000000000000000000000000000000000000000000000000
332322,6,4/5,remined,0,1,,,,,,,64,1,1,0110100101000100000000010000000000000000000000000000000000000000
332322,6,4/5,pinned,0,,,,,,,,64,1,,0000000000000000000000000000000000000000000000000000000000000000
332322,6,1/1,remined,0,1,,,,,,,64,1,1,0110100101000100000000010000000000000000000000000000000000000000
332322,6,1/1,pinned,0,,,,,,,,64,1,,0000000000000000000000000000000000000000000000000000000000000000
332323,6,1/2,remined,1,1,1,1,1,1,0,0,64,1,1,0110101111111111101111111110111110111101011111111111111111111111
332323,6,1/2,pinned,1,3,3,3,1,1,0,0,64,1,3,0000000000000000000000010100001000001000001011110101010101111111
332323,6,2/3,remined,1,1,2,1,0,1,0,0,64,1,1,0110101101010101000010111110111110111101011011110101010100101001
332323,6,2/3,pinned,1,4,4,4,1,1,0,0,64,1,4,0000000000000000000000000000000000000000000000100000000000101001
332323,6,3/4,remined,0,1,,,,,,,64,1,1,0110101101010101000010010100001000001000001011110101010100101000
332323,6,3/4,pinned,0,,,,,,,,64,1,,0000000000000000000000000000000000000000000000000000000000000000
332323,6,4/5,remined,0,1,,,,,,,64,1,1,0110101101010101000010010100001000001000000000100000000000101000
332323,6,4/5,pinned,0,,,,,,,,64,1,,0000000000000000000000000000000000000000000000000000000000000000
332323,6,1/1,remined,0,1,,,,,,,64,1,1,0110101101010101000010010100001000001000000000100000000000000000
332323,6,1/1,pinned,0,,,,,,,,64,1,,0000000000000000000000000000000000000000000000000000000000000000
332331,6,1/2,remined,1,1,1,1,1,1,0,0,64,1,1,0110110111111111111111111111111111111111111111111111111111111111
332331,6,1/2,pinned,1,3,4,4,1,1,0,0,64,1,3,0000000000000000000000011000010000010000001111111111111111111111
332331,6,2/3,remined,1,1,2,1,0,1,0,0,64,1,1,0110110101100110000100111111111111111111111111111111111111111111
332331,6,2/3,pinned,1,4,5,5,1,1,0,0,64,1,4,0000000000000000000000000000000000000000000001000000000001111111
332331,6,3/4,remined,1,1,4,4,1,0,0,0,64,1,1,0110110101100110000100011000010000010000001111111111111111111111
332331,6,3/4,pinned,1,6,6,6,1,1,1,1,64,1,6,0000000000000000000000000000000000000000000000000000000000000001
332331,6,4/5,remined,1,1,5,5,1,0,0,0,64,1,1,0110110101100110000100011000010000010000000001000000000001111111
332331,6,4/5,pinned,1,6,6,6,1,1,1,1,64,1,6,0000000000000000000000000000000000000000000000000000000000000001
332331,6,1/1,remined,0,1,,,,,,,64,1,1,0110110101100110000100011000010000010000000001000000000000000000
332331,6,1/1,pinned,0,,,,,,,,64,1,,0000000000000000000000000000000000000000000000000000000000000000
332332,6,1/2,remined,1,1,1,1,1,1,0,0,64,1,1,0110110111111111110111111111011111011110011111111111111111111111
332332,6,1/2,pinned,1,3,3,3,1,1,0,0,64,1,3,0000000000000000000000011000010000010000001101111001100101111111
332332,6,2/3,remined,1,1,2,1,0,1,0,0,64,1,1,0110110101100110000100111111011111011110011101111001100101001001
332332,6,2/3,pinned,1,4,4,4,1,1,0,0,64,1,4,0000000000000000000000000000000000000000000001000000000001001001
332332,6,3/4,remined,0,1,,,,,,,64,1,1,0110110101100110000100011000010000010000001101111001100101001000
332332,6,3/4,pinned,0,,,,,,,,64,1,,0000000000000000000000000000000000000000000000000000000000000000
332332,6,4/5,remined,0,1,,,,,,,64,1,1,0110110101100110000100011000010000010000000001000000000001001000
332332,6,4/5,pinned,0,,,,,,,,64,1,,0000000000000000000000000000000000000000000000000000000000000000
332332,6,1/1,remined,0,1,,,,,,,64,1,1,0110110101100110000100011000010000010000000001000000000000000000
332332,6,1/1,pinned,0,,,,,,,,64,1,,0000000000000000000000000000000000000000000000000000000000000000
332333,6,1/2,remined,1,1,1,1,1,1,0,0,64,1,1,0110111111111111111111111111111111111111111111111111111111111111
332333,6,1/2,pinned,1,3,3,3,1,1,0,0,64,1,3,0000000000000000000000011100011100011100011111111111111111111111
332333,6,2/3,remined,1,1,1,1,1,1,0,0,64,1,1,0110111101110111000111111111111111111111111111111111111111111111
332333,6,2/3,pinned,1,4,4,4,1,1,0,0,64,1,4,0000000000000000000000000000000000000000000001110001000101111111
332333,6,3/4,remined,1,1,1,1,1,1,0,0,64,1,1,0110111101110111000111011100011100011100011111111111111111111111
332333,6,3/4,pinned,1,5,5,5,1,1,0,0,64,1,5,0000000000000000000000000000000000000000000000000000000000001001
332333,6,4/5,remined,1,1,1,1,1,1,0,0,64,1,1,0110111101110111000111011100011100011100010001110001000101111111
332333,6,4/5,pinned,1,5,5,5,1,1,0,0,64,1,5,0000000000000000000000000000000000000000000000000000000000001001
332333,6,1/1,remined,0,1,,,,,,,64,1,1,0110111101110111000111011100011100011100010001110001000100001000
332333,6,1/1,pinned,0,,,,,,,,64,1,,0000000000000000000000000000000000000000000000000000000000000000
333111,6,1/2,remined,1,1,3,1,0,1,0,0,64,1,1,0111000111111111111000111111100011100000001111111110111001110001
333111,6,1/2,pinned,1,3,3,3,1,1,0,0,64,1,3,0000000000000000000000100000000000000000001110000000000001110001
333111,6,2/3,remined,0,1,,,,,,,64,1,1,0111000110001000000000111111100011100000001110000000000000000000
333111,6,2/3,pinned,0,,,,,,,,64,1,,0000000000000000000000000000000000000000000000000000000000000000
333111,6,3/4,remined,0,1,,,,,,,64,1,1,0111000110001000000000100000000000000000001110000000000000000000
333111,6,3/4,pinned,0,,,,,,,,64,1,,0000000000000000000000000000000000000000000000000000000000000000
333111,6,4/5,remined,0,1,,,,,,,64,1,1,0111000110001000000000100000000000000000000000000000000000000000
333111,6,4/5,pinned,0,,,,,,,,64,1,,0000000000000000000000000000000000000000000000000000000000000000
333111,6,1/1,remined,0,1,,,,,,,64,1,1,0111000110001000000000100000000000000000000000000000000000000000
333111,6,1/1,pinned,0,,,,,,,,64,1,,0000000000000000000000000000000000000000000000000000000000000000
333112,6,1/2,remined,1,1,1,1,1,1,0,0,64,1,1,0111000111111111111011111111101111101101101111111111111111111111
333112,6,1/2,pinned,1,3,4,4,1,1,0,0,64,1,3,0000000000000000000000100000000000000000001110110110011001111111
333112,6,2/3,remined,1,1,3,1,0,1,0,0,64,1,1,0111000110001000000000111111101111101101101110110110011000110001
333112,6,2/3,pinned,1,5,5,5,1,1,0,0,64,1,5,0000000000000000000000000000000000000000000000000000000000110001
333112,6,3/4,remined,0,1,,,,,,,64,1,1,0111000110001000000000100000000000000000001110110110011000110000
333112,6,3/4,pinned,0,,,,,,,,64,1,,0000000000000000000000000000000000000000000000000000000000000000
333112,6,4/5,remined,0,1,,,,,,,64,1,1,0111000110001000000000100000000000000000000000000000000000110000
333112,6,4/5,pinned,0,,,,,,,,64,1,,0000000000000000000000000000000000000000000000000000000000000000
333112,6,1/1,remined,0,1,,,,,,,64,1,1,0111000110001000000000100000000000000000000000000000000000000000
333112,6,1/1,pinned,0,,,,,,,,64,1,,0000000000000000000000000000000000000000000000000000000000000000
333113,6,1/2,remined,1,1,1,1,1,1,0,0,64,1,1,0111001111111111111011111111101111101101101111111111111111111111
333113,6,1/2,pinned,1,3,3,3,1,1,0,0,64,1,3,0000000000000000000000100100100000100000001110110110011001111111
333113,6,2/3,remined,1,1,3,1,0,1,0,0,64,1,1,0111001110011001001000111111101111101101101110110110011000110001
333113,6,2/3,pinned,1,4,4,4,1,1,0,0,64,1,4,0000000000000000000000000000000000000000000010000000000000110001
333113,6,3/4,remined,0,1,,,,,,,64,1,1,0111001110011001001000100100100000100000001110110110011000110000
333113,6,3/4,pinned,0,,,,,,,,64,1,,0000000000000000000000000000000000000000000000000000000000000000
333113,6,4/5,remined,0,1,,,,,,,64,1,1,0111001110011001001000100100100000100000000010000000000000110000
333113,6,4/5,pinned,0,,,,,,,,64,1,,0000000000000000000000000000000000000000000000000000000000000000
333113,6,1/1,remined,0,1,,,,,,,64,1,1,0111001110011001001000100100100000100000000010000000000000000000
333113,6,1/1,pinned,0,,,,,,,,64,1,,0000000000000000000000000000000000000000000000000000000000000000
333121,6,1/2,remined,1,1,1,1,1,1,0,0,64,1,1,0111000111111111111101111111110111110110101111111111111111111111
333121,6,1/2,pinned,1,3,4,4,1,1,0,0,64,1,3,0000000000000000000000100000000000000000001111011010101001111111
333121,6,2/3,remined,1,1,3,1,0,1,0,0,64,1,1,0111000110001000000000111111110111110110101111011010101001010001
333121,6,2/3,pinned,1,5,5,5,1,1,0,0,64,1,5,0000000000000000000000000000000000000000000000000000000001010001
333121,6,3/4,remined,0,1,,,,,,,64,1,1,0111000110001000000000100000000000000000001111011010101001010000
333121,6,3/4,pinned,0,,,,,,,,64,1,,0000000000000000000000000000000000000000000000000000000000000000
333121,6,4/5,remined,0,1,,,,,,,64,1,1,0111000110001000000000100000000000000000000000000000000001010000
333121,6,4/5,pinned,0,,,,,,,,64,1,,0000000000000000000000000000000000000000000000000000000000000000
333121,6,1/1,remined,0,1,,,,,,,64,1,1,0111000110001000000000100000000000000000000000000000000000000000
333121,6,1/1,pinned,0,,,,,,,,64,1,,0000000000000000000000000000000000000000000000000000000000000000
333122,6,1/2,remined,1,1,2,1,0,1,0,0,64,1,1,0111000111111111111110111111111011111011001111111111111111111111
333122,6,1/2,pinned,1,3,4,4,1,1,0,0,64,1,3,0000000000000000000000100000000000000000001111101100110001111111
333122,6,2/3,remined,1,1,4,1,0,1,0,0,64,1,1,0111000110001000000000111111111011111011001111101100110001100001
333122,6,2/3,pinned,1,5,5,5,1,1,0,0,64,1,5,0000000000000000000000000000000000000000000000000000000001100001
333122,6,3/4,remined,0,1,,,,,,,64,1,1,0111000110001000000000100000000000000000001111101100110001100000
333122,6,3/4,pinned,0,,,,,,,,64,1,,0000000000000000000000000000000000000000000000000000000000000000
333122,6,4/5,remined,0,1,,,,,,,64,1,1,0111000110001000000000100000000000000000000000000000000001100000
333122,6,4/5,pinned,0,,,,,,,,64,1,,0000000000000000000000000000000000000000000000000000000000000000
333122,6,1/1,remined,0,1,,,,,,,64,1,1,0111000110001000000000100000000000000000000000000000000000000000
333122,6,1/1,pinned,0,,,,,,,,64,1,,0000000000000000000000000000000000000000000000000000000000000000
333123,6,1/2,remined,1,1,1,1,1,1,0,0,64,1,1,0111001111111111111111111111111111111111111111111111111111111111
333123,6,1/2,pinned,1,3,4,4,1,1,0,0,64,1,3,0000000000000000000000100100100000100000001111111111111111111111
333123,6,2/3,remined,1,1,3,3,1,0,0,0,64,1,1,0111001110011001001000111111111111111111111111111111111111111111
333123,6,2/3,pinned,1,4,5,5,1,1,0,0,64,1,4,0000000000000000000000000000000000000000000010000000000001111111
333123,6,3/4,remined,1,1,4,4,1,0,0,0,64,1,1,0111001110011001001000100100100000100000001111111111111111111111
333123,6,3/4,pinned,1,6,6,6,1,1,1,1,64,1,6,0000000000000000000000000000000000000000000000000000000000000001
333123,6,4/5,remined,1,1,5,5,1,0,0,0,64,1,1,0111001110011001001000100100100000100000000010000000000001111111
333123,6,4/5,pinned,1,6,6,6,1,1,1,1,64,1,6,0000000000000000000000000000000000000000000000000000000000000001
333123,6,1/1,remined,0,1,,,,,,,64,1,1,0111001110011001001000100100100000100000000010000000000000000000
333123,6,1/1,pinned,0,,,,,,,,64,1,,0000000000000000000000000000000000000000000000000000000000000000
333131,6,1/2,remined,1,1,1,1,1,1,0,0,64,1,1,0111010111111111111101111111110111110110101111111111111111111111
333131,6,1/2,pinned,1,3,3,3,1,1,0,0,64,1,3,0000000000000000000000101001000001000000001111011010101001111111
333131,6,2/3,remined,1,1,3,1,0,1,0,0,64,1,1,0111010110101010010000111111110111110110101111011010101001010001
333131,6,2/3,pinned,1,4,4,4,1,1,0,0,64,1,4,0000000000000000000000000000000000000000000100000000000001010001
333131,6,3/4,remined,0,1,,,,,,,64,1,1,0111010110101010010000101001000001000000001111011010101001010000
333131,6,3/4,pinned,0,,,,,,,,64,1,,0000000000000000000000000000000000000000000000000000000000000000
333131,6,4/5,remined,0,1,,,,,,,64,1,1,0111010110101010010000101001000001000000000100000000000001010000
333131,6,4/5,pinned,0,,,,,,,,64,1,,0000000000000000000000000000000000000000000000000000000000000000
333131,6,1/1,remined,0,1,,,,,,,64,1,1,0111010110101010010000101001000001000000000100000000000000000000
333131,6,1/1,pinned,0,,,,,,,,64,1,,0000000000000000000000000000000000000000000000000000000000000000
333132,6,1/2,remined,1,1,1,1,1,1,0,0,64,1,1,0111010111111111111111111111111111111111111111111111111111111111
333132,6,1/2,pinned,1,3,4,4,1,1,0,0,64,1,3,0000000000000000000000101001000001000000001111111111111111111111
333132,6,2/3,remined,1,1,3,3,1,0,0,0,64,1,1,0111010110101010010000111111111111111111111111111111111111111111
333132,6,2/3,pinned,1,4,5,5,1,1,0,0,64,1,4,0000000000000000000000000000000000000000000100000000000001111111
333132,6,3/4,remined,1,1,4,4,1,0,0,0,64,1,1,0111010110101010010000101001000001000000001111111111111111111111
333132,6,3/4,pinned,1,6,6,6,1,1,1,1,64,1,6,0000000000000000000000000000000000000000000000000000000000000001
333132,6,4/5,remined,1,1,5,5,1,0,0,0,64,1,1,0111010110101010010000101001000001000000000100000000000001111111
333132,6,4/5,pinned,1,6,6,6,1,1,1,1,64,1,6,0000000000000000000000000000000000000000000000000000000000000001
333132,6,1/1,remined,0,1,,,,,,,64,1,1,0111010110101010010000101001000001000000000100000000000000000000
333132,6,1/1,pinned,0,,,,,,,,64,1,,0000000000000000000000000000000000000000000000000000000000000000
333133,6,1/2,remined,1,1,1,1,1,1,0,0,64,1,1,0111011111111111111111111111111111111111111111111111111111111111
333133,6,1/2,pinned,1,3,3,3,1,1,0,0,64,1,3,0000000000000000000000101101100101100100101111111111111111111111
333133,6,2/3,remined,1,1,1,1,1,1,0,0,64,1,1,0111011110111011011001111111111111111111111111111111111111111111
333133,6,2/3,pinned,1,4,4,4,1,1,0,0,64,1,4,0000000000000000000000000000000000000000000110010010001001111111
333133,6,3/4,remined,1,1,1,1,1,1,0,0,64,1,1,0111011110111011011001101101100101100100101111111111111111111111
333133,6,3/4,pinned,1,5,5,5,1,1,0,0,64,1,5,0000000000000000000000000000000000000000000000000000000000010001
333133,6,4/5,remined,1,1,2,1,0,1,0,0,64,1,1,0111011110111011011001101101100101100100100110010010001001111111
333133,6,4/5,pinned,1,5,5,5,1,1,0,0,64,1,5,0000000000000000000000000000000000000000000000000000000000010001
333133,6,1/1,remined,0,1,,,,,,,64,1,1,0111011110111011011001101101100101100100100110010010001000010000
333133,6,1/1,pinned,0,,,,,,,,64,1,,0000000000000000000000000000000000000000000000000000000000000000
333211,6,1/2,remined,1,1,2,1,0,1,0,0,64,1,1,0111000111111111111110111111111011111011001111111111111111111111
333211,6,1/2,pinned,1,3,4,4,1,1,0,0,64,1,3,0000000000000000000000100000000000000000001111101100110001111111
333211,6,2/3,remined,1,1,4,1,0,1,0,0,64,1,1,0111000110001000000000111111111011111011001111101100110001100001
333211,6,2/3,pinned,1,5,5,5,1,1,0,0,64,1,5,0000000000000000000000000000000000000000000000000000000001100001
333211,6,3/4,remined,0,1,,,,,,,64,1,1,0111000110001000000000100000000000000000001111101100110001100000
333211,6,3/4,pinned,0,,,,,,,,64,1,,0000000000000000000000000000000000000000000000000000000000000000
333211,6,4/5,remined,0,1,,,,,,,64,1,1,0111000110001000000000100000000000000000000000000000000001100000
333211,6,4/5,pinned,0,,,,,,,,64,1,,0000000000000000000000000000000000000000000000000000000000000000
333211,6,1/1,remined,0,1,,,,,,,64,1,1,0111000110001000000000100000000000000000000000000000000000000000
333211,6,1/1,pinned,0,,,,,,,,64,1,,0000000000000000000000000000000000000000000000000000000000000000
333212,6,1/2,remined,1,1,1,1,1,1,0,0,64,1,1,0111000111111111111101111111110111110110101111111111111111111111
333212,6,1/2,pinned,1,3,4,4,1,1,0,0,64,1,3,0000000000000000000000100000000000000000001111011010101001111111
333212,6,2/3,remined,1,1,3,1,0,1,0,0,64,1,1,0111000110001000000000111111110111110110101111011010101001010001
333212,6,2/3,pinned,1,5,5,5,1,1,0,0,64,1,5,0000000000000000000000000000000000000000000000000000000001010001
333212,6,3/4,remined,0,1,,,,,,,64,1,1,0111000110001000000000100000000000000000001111011010101001010000
333212,6,3/4,pinned,0,,,,,,,,64,1,,0000000000000000000000000000000000000000000000000000000000000000
333212,6,4/5,remined,0,1,,,,,,,64,1,1,0111000110001000000000100000000000000000000000000000000001010000
333212,6,4/5,pinned,0,,,,,,,,64,1,,0000000000000000000000000000000000000000000000000000000000000000
333212,6,1/1,remined,0,1,,,,,,,64,1,1,0111000110001000000000100000000000000000000000000000000000000000
333212,6,1/1,pinned,0,,,,,,,,64,1,,0000000000000000000000000000000000000000000000000000000000000000
333213,6,1/2,remined,1,1,1,1,1,1,0,0,64,1,1,0111001111111111111111111111111111111111111111111111111111111111
333213,6,1/2,pinned,1,3,4,4,1,1,0,0,64,1,3,0000000000000000000000100100100000100000001111111111111111111111
333213,6,2/3,remined,1,1,3,3,1,0,0,0,64,1,1,0111001110011001001000111111111111111111111111111111111111111111
333213,6,2/3,pinned,1,4,5,5,1,1,0,0,64,1,4,0000000000000000000000000000000000000000000010000000000001111111
333213,6,3/4,remined,1,1,4,4,1,0,0,0,64,1,1,0111001110011001001000100100100000100000001111111111111111111111
333213,6,3/4,pinned,1,6,6,6,1,1,1,1,64,1,6,0000000000000000000000000000000000000000000000000000000000000001
333213,6,4/5,remined,1,1,5,5,1,0,0,0,64,1,1,0111001110011001001000100100100000100000000010000000000001111111
333213,6,4/5,pinned,1,6,6,6,1,1,1,1,64,1,6,0000000000000000000000000000000000000000000000000000000000000001
333213,6,1/1,remined,0,1,,,,,,,64,1,1,0111001110011001001000100100100000100000000010000000000000000000
333213,6,1/1,pinned,0,,,,,,,,64,1,,0000000000000000000000000000000000000000000000000000000000000000
333221,6,1/2,remined,1,1,1,1,1,1,0,0,64,1,1,0111000111111111111011111111101111101101101111111111111111111111
333221,6,1/2,pinned,1,3,4,4,1,1,0,0,64,1,3,0000000000000000000000100000000000000000001110110110011001111111
333221,6,2/3,remined,1,1,3,1,0,1,0,0,64,1,1,0111000110001000000000111111101111101101101110110110011000110001
333221,6,2/3,pinned,1,5,5,5,1,1,0,0,64,1,5,0000000000000000000000000000000000000000000000000000000000110001
333221,6,3/4,remined,0,1,,,,,,,64,1,1,0111000110001000000000100000000000000000001110110110011000110000
333221,6,3/4,pinned,0,,,,,,,,64,1,,0000000000000000000000000000000000000000000000000000000000000000
333221,6,4/5,remined,0,1,,,,,,,64,1,1,0111000110001000000000100000000000000000000000000000000000110000
333221,6,4/5,pinned,0,,,,,,,,64,1,,0000000000000000000000000000000000000000000000000000000000000000
333221,6,1/1,remined,0,1,,,,,,,64,1,1,0111000110001000000000100000000000000000000000000000000000000000
333221,6,1/1,pinned,0,,,,,,,,64,1,,0000000000000000000000000000000000000000000000000000000000000000
333222,6,1/2,remined,1,1,3,1,0,1,0,0,64,1,1,0111000111111111111000111111100011100000001111111110111001110001
333222,6,1/2,pinned,1,3,3,3,1,1,0,0,64,1,3,0000000000000000000000100000000000000000001110000000000001110001
333222,6,2/3,remined,0,1,,,,,,,64,1,1,0111000110001000000000111111100011100000001110000000000000000000
333222,6,2/3,pinned,0,,,,,,,,64,1,,0000000000000000000000000000000000000000000000000000000000000000
333222,6,3/4,remined,0,1,,,,,,,64,1,1,0111000110001000000000100000000000000000001110000000000000000000
333222,6,3/4,pinned,0,,,,,,,,64,1,,0000000000000000000000000000000000000000000000000000000000000000
333222,6,4/5,remined,0,1,,,,,,,64,1,1,0111000110001000000000100000000000000000000000000000000000000000
333222,6,4/5,pinned,0,,,,,,,,64,1,,0000000000000000000000000000000000000000000000000000000000000000
333222,6,1/1,remined,0,1,,,,,,,64,1,1,0111000110001000000000100000000000000000000000000000000000000000
333222,6,1/1,pinned,0,,,,,,,,64,1,,0000000000000000000000000000000000000000000000000000000000000000
333223,6,1/2,remined,1,1,1,1,1,1,0,0,64,1,1,0111001111111111111011111111101111101101101111111111111111111111
333223,6,1/2,pinned,1,3,3,3,1,1,0,0,64,1,3,0000000000000000000000100100100000100000001110110110011001111111
333223,6,2/3,remined,1,1,3,1,0,1,0,0,64,1,1,0111001110011001001000111111101111101101101110110110011000110001
333223,6,2/3,pinned,1,4,4,4,1,1,0,0,64,1,4,0000000000000000000000000000000000000000000010000000000000110001
333223,6,3/4,remined,0,1,,,,,,,64,1,1,0111001110011001001000100100100000100000001110110110011000110000
333223,6,3/4,pinned,0,,,,,,,,64,1,,0000000000000000000000000000000000000000000000000000000000000000
333223,6,4/5,remined,0,1,,,,,,,64,1,1,0111001110011001001000100100100000100000000010000000000000110000
333223,6,4/5,pinned,0,,,,,,,,64,1,,0000000000000000000000000000000000000000000000000000000000000000
333223,6,1/1,remined,0,1,,,,,,,64,1,1,0111001110011001001000100100100000100000000010000000000000000000
333223,6,1/1,pinned,0,,,,,,,,64,1,,0000000000000000000000000000000000000000000000000000000000000000
333231,6,1/2,remined,1,1,1,1,1,1,0,0,64,1,1,0111010111111111111111111111111111111111111111111111111111111111
333231,6,1/2,pinned,1,3,4,4,1,1,0,0,64,1,3,0000000000000000000000101001000001000000001111111111111111111111
333231,6,2/3,remined,1,1,3,3,1,0,0,0,64,1,1,0111010110101010010000111111111111111111111111111111111111111111
333231,6,2/3,pinned,1,4,5,5,1,1,0,0,64,1,4,0000000000000000000000000000000000000000000100000000000001111111
333231,6,3/4,remined,1,1,4,4,1,0,0,0,64,1,1,0111010110101010010000101001000001000000001111111111111111111111
333231,6,3/4,pinned,1,6,6,6,1,1,1,1,64,1,6,0000000000000000000000000000000000000000000000000000000000000001
333231,6,4/5,remined,1,1,5,5,1,0,0,0,64,1,1,0111010110101010010000101001000001000000000100000000000001111111
333231,6,4/5,pinned,1,6,6,6,1,1,1,1,64,1,6,0000000000000000000000000000000000000000000000000000000000000001
333231,6,1/1,remined,0,1,,,,,,,64,1,1,0111010110101010010000101001000001000000000100000000000000000000
333231,6,1/1,pinned,0,,,,,,,,64,1,,0000000000000000000000000000000000000000000000000000000000000000
333232,6,1/2,remined,1,1,1,1,1,1,0,0,64,1,1,0111010111111111111101111111110111110110101111111111111111111111
333232,6,1/2,pinned,1,3,3,3,1,1,0,0,64,1,3,0000000000000000000000101001000001000000001111011010101001111111
333232,6,2/3,remined,1,1,3,1,0,1,0,0,64,1,1,0111010110101010010000111111110111110110101111011010101001010001
333232,6,2/3,pinned,1,4,4,4,1,1,0,0,64,1,4,0000000000000000000000000000000000000000000100000000000001010001
333232,6,3/4,remined,0,1,,,,,,,64,1,1,0111010110101010010000101001000001000000001111011010101001010000
333232,6,3/4,pinned,0,,,,,,,,64,1,,0000000000000000000000000000000000000000000000000000000000000000
333232,6,4/5,remined,0,1,,,,,,,64,1,1,0111010110101010010000101001000001000000000100000000000001010000
333232,6,4/5,pinned,0,,,,,,,,64,1,,0000000000000000000000000000000000000000000000000000000000000000
333232,6,1/1,remined,0,1,,,,,,,64,1,1,0111010110101010010000101001000001000000000100000000000000000000
333232,6,1/1,pinned,0,,,,,,,,64,1,,0000000000000000000000000000000000000000000000000000000000000000
333233,6,1/2,remined,1,1,1,1,1,1,0,0,64,1,1,0111011111111111111111111111111111111111111111111111111111111111
333233,6,1/2,pinned,1,3,3,3,1,1,0,0,64,1,3,0000000000000000000000101101100101100100101111111111111111111111
333233,6,2/3,remined,1,1,1,1,1,1,0,0,64,1,1,0111011110111011011001111111111111111111111111111111111111111111
333233,6,2/3,pinned,1,4,4,4,1,1,0,0,64,1,4,0000000000000000000000000000000000000000000110010010001001111111
333233,6,3/4,remined,1,1,1,1,1,1,0,0,64,1,1,0111011110111011011001101101100101100100101111111111111111111111
333233,6,3/4,pinned,1,5,5,5,1,1,0,0,64,1,5,0000000000000000000000000000000000000000000000000000000000010001
333233,6,4/5,remined,1,1,2,1,0,1,0,0,64,1,1,0111011110111011011001101101100101100100100110010010001001111111
333233,6,4/5,pinned,1,5,5,5,1,1,0,0,64,1,5,0000000000000000000000000000000000000000000000000000000000010001
333233,6,1/1,remined,0,1,,,,,,,64,1,1,0111011110111011011001101101100101100100100110010010001000010000
333233,6,1/1,pinned,0,,,,,,,,64,1,,0000000000000000000000000000000000000000000000000000000000000000
333311,6,1/2,remined,1,1,2,1,0,1,0,0,64,1,1,0111100111111111111110111111111011111011001111111111111111111111
333311,6,1/2,pinned,1,3,3,3,1,1,0,0,64,1,3,0000000000000000000000110010000010000000001111101100110001111111
333311,6,2/3,remined,1,1,4,1,0,1,0,0,64,1,1,0111100111001100100000111111111011111011001111101100110001100001
333311,6,2/3,pinned,1,4,4,4,1,1,0,0,64,1,4,0000000000000000000000000000000000000000001000000000000001100001
333311,6,3/4,remined,0,1,,,,,,,64,1,1,0111100111001100100000110010000010000000001111101100110001100000
333311,6,3/4,pinned,0,,,,,,,,64,1,,0000000000000000000000000000000000000000000000000000000000000000
333311,6,4/5,remined,0,1,,,,,,,64,1,1,0111100111001100100000110010000010000000001000000000000001100000
333311,6,4/5,pinned,0,,,,,,,,64,1,,0000000000000000000000000000000000000000000000000000000000000000
333311,6,1/1,remined,0,1,,,,,,,64,1,1,0111100111001100100000110010000010000000001000000000000000000000
333311,6,1/1,pinned,0,,,,,,,,64,1,,0000000000000000000000000000000000000000000000000000000000000000
333312,6,1/2,remined,1,1,2,2,1,1,0,0,64,1,1,0111100111111111111111111111111111111111111111111111111111111111
333312,6,1/2,pinned,1,3,4,4,1,1,0,0,64,1,3,0000000000000000000000110010000010000000001111111111111111111111
333312,6,2/3,remined,1,1,3,3,1,0,0,0,64,1,1,0111100111001100100000111111111111111111111111111111111111111111
333312,6,2/3,pinned,1,4,5,5,1,1,0,0,64,1,4,0000000000000000000000000000000000000000001000000000000001111111
333312,6,3/4,remined,1,1,4,4,1,0,0,0,64,1,1,0111100111001100100000110010000010000000001111111111111111111111
333312,6,3/4,pinned,1,6,6,6,1,1,1,1,64,1,6,0000000000000000000000000000000000000000000000000000000000000001
333312,6,4/5,remined,1,1,5,5,1,0,0,0,64,1,1,0111100111001100100000110010000010000000001000000000000001111111
333312,6,4/5,pinned,1,6,6,6,1,1,1,1,64,1,6,0000000000000000000000000000000000000000000000000000000000000001
333312,6,1/1,remined,0,1,,,,,,,64,1,1,0111100111001100100000110010000010000000001000000000000000000000
333312,6,1/1,pinned,0,,,,,,,,64,1,,0000000000000000000000000000000000000000000000000000000000000000
333313,6,1/2,remined,1,1,1,1,1,1,0,0,64,1,1,0111101111111111111111111111111111111111111111111111111111111111
333313,6,1/2,pinned,1,3,3,3,1,1,0,0,64,1,3,0000000000000000000000110110101010101001001111111111111111111111
333313,6,2/3,remined,1,1,1,1,1,1,0,0,64,1,1,0111101111011101101010111111111111111111111111111111111111111111
333313,6,2/3,pinned,1,4,4,4,1,1,0,0,64,1,4,0000000000000000000000000000000000000000001010100100010001111111
333313,6,3/4,remined,1,1,2,1,0,1,0,0,64,1,1,0111101111011101101010110110101010101001001111111111111111111111
333313,6,3/4,pinned,1,5,5,5,1,1,0,0,64,1,5,0000000000000000000000000000000000000000000000000000000000100001
333313,6,4/5,remined,1,1,3,1,0,1,0,0,64,1,1,0111101111011101101010110110101010101001001010100100010001111111
333313,6,4/5,pinned,1,5,5,5,1,1,0,0,64,1,5,0000000000000000000000000000000000000000000000000000000000100001
333313,6,1/1,remined,0,1,,,,,,,64,1,1,0111101111011101101010110110101010101001001010100100010000100000
333313,6,1/1,pinned,0,,,,,,,,64,1,,0000000000000000000000000000000000000000000000000000000000000000
333321,6,1/2,remined,1,1,2,2,1,1,0,0,64,1,1,0111100111111111111111111111111111111111111111111111111111111111
333321,6,1/2,pinned,1,3,4,4,1,1,0,0,64,1,3,0000000000000000000000110010000010000000001111111111111111111111
333321,6,2/3,remined,1,1,3,3,1,0,0,0,64,1,1,0111100111001100100000111111111111111111111111111111111111111111
333321,6,2/3,pinned,1,4,5,5,1,1,0,0,64,1,4,0000000000000000000000000000000000000000001000000000000001111111
333321,6,3/4,remined,1,1,4,4,1,0,0,0,64,1,1,0111100111001100100000110010000010000000001111111111111111111111
333321,6,3/4,pinned,1,6,6,6,1,1,1,1,64,1,6,0000000000000000000000000000000000000000000000000000000000000001
333321,6,4/5,remined,1,1,5,5,1,0,0,0,64,1,1,0111100111001100100000110010000010000000001000000000000001111111
333321,6,4/5,pinned,1,6,6,6,1,1,1,1,64,1,6,0000000000000000000000000000000000000000000000000000000000000001
333321,6,1/1,remined,0,1,,,,,,,64,1,1,0111100111001100100000110010000010000000001000000000000000000000
333321,6,1/1,pinned,0,,,,,,,,64,1,,0000000000000000000000000000000000000000000000000000000000000000
333322,6,1/2,remined,1,1,2,1,0,1,0,0,64,1,1,0111100111111111111110111111111011111011001111111111111111111111
333322,6,1/2,pinned,1,3,3,3,1,1,0,0,64,1,3,0000000000000000000000110010000010000000001111101100110001111111
333322,6,2/3,remined,1,1,4,1,0,1,0,0,64,1,1,0111100111001100100000111111111011111011001111101100110001100001
333322,6,2/3,pinned,1,4,4,4,1,1,0,0,64,1,4,0000000000000000000000000000000000000000001000000000000001100001
333322,6,3/4,remined,0,1,,,,,,,64,1,1,0111100111001100100000110010000010000000001111101100110001100000
333322,6,3/4,pinned,0,,,,,,,,64,1,,0000000000000000000000000000000000000000000000000000000000000000
333322,6,4/5,remined,0,1,,,,,,,64,1,1,0111100111001100100000110010000010000000001000000000000001100000
333322,6,4/5,pinned,0,,,,,,,,64,1,,0000000000000000000000000000000000000000000000000000000000000000
333322,6,1/1,remined,0,1,,,,,,,64,1,1,0111100111001100100000110010000010000000001000000000000000000000
333322,6,1/1,pinned,0,,,,,,,,64,1,,0000000000000000000000000000000000000000000000000000000000000000
333323,6,1/2,remined,1,1,1,1,1,1,0,0,64,1,1,0111101111111111111111111111111111111111111111111111111111111111
333323,6,1/2,pinned,1,3,3,3,1,1,0,0,64,1,3,0000000000000000000000110110101010101001001111111111111111111111
333323,6,2/3,remined,1,1,1,1,1,1,0,0,64,1,1,0111101111011101101010111111111111111111111111111111111111111111
333323,6,2/3,pinned,1,4,4,4,1,1,0,0,64,1,4,0000000000000000000000000000000000000000001010100100010001111111
333323,6,3/4,remined,1,1,2,1,0,1,0,0,64,1,1,0111101111011101101010110110101010101001001111111111111111111111
333323,6,3/4,pinned,1,5,5,5,1,1,0,0,64,1,5,0000000000000000000000000000000000000000000000000000000000100001
333323,6,4/5,remined,1,1,3,1,0,1,0,0,64,1,1,0111101111011101101010110110101010101001001010100100010001111111
333323,6,4/5,pinned,1,5,5,5,1,1,0,0,64,1,5,0000000000000000000000000000000000000000000000000000000000100001
333323,6,1/1,remined,0,1,,,,,,,64,1,1,0111101111011101101010110110101010101001001010100100010000100000
333323,6,1/1,pinned,0,,,,,,,,64,1,,0000000000000000000000000000000000000000000000000000000000000000
333331,6,1/2,remined,1,1,1,1,1,1,0,0,64,1,1,0111110111111111111111111111111111111111111111111111111111111111
333331,6,1/2,pinned,1,3,3,3,1,1,0,0,64,1,3,0000000000000000000000111011010011010010001111111111111111111111
333331,6,2/3,remined,1,1,2,1,0,1,0,0,64,1,1,0111110111101110110100111111111111111111111111111111111111111111
333331,6,2/3,pinned,1,4,4,4,1,1,0,0,64,1,4,0000000000000000000000000000000000000000001101001000100001111111
333331,6,3/4,remined,1,1,3,1,0,1,0,0,64,1,1,0111110111101110110100111011010011010010001111111111111111111111
333331,6,3/4,pinned,1,5,5,5,1,1,0,0,64,1,5,0000000000000000000000000000000000000000000000000000000001000001
333331,6,4/5,remined,1,1,4,1,0,1,0,0,64,1,1,0111110111101110110100111011010011010010001101001000100001111111
333331,6,4/5,pinned,1,5,5,5,1,1,0,0,64,1,5,0000000000000000000000000000000000000000000000000000000001000001
333331,6,1/1,remined,0,1,,,,,,,64,1,1,0111110111101110110100111011010011010010001101001000100001000000
333331,6,1/1,pinned,0,,,,,,,,64,1,,0000000000000000000000000000000000000000000000000000000000000000
333332,6,1/2,remined,1,1,1,1,1,1,0,0,64,1,1,0111110111111111111111111111111111111111111111111111111111111111
333332,6,1/2,pinned,1,3,3,3,1,1,0,0,64,1,3,0000000000000000000000111011010011010010001111111111111111111111
333332,6,2/3,remined,1,1,2,1,0,1,0,0,64,1,1,0111110111101110110100111111111111111111111111111111111111111111
333332,6,2/3,pinned,1,4,4,4,1,1,0,0,64,1,4,0000000000000000000000000000000000000000001101001000100001111111
333332,6,3/4,remined,1,1,3,1,0,1,0,0,64,1,1,0111110111101110110100111011010011010010001111111111111111111111
333332,6,3/4,pinned,1,5,5,5,1,1,0,0,64,1,5,0000000000000000000000000000000000000000000000000000000001000001
333332,6,4/5,remined,1,1,4,1,0,1,0,0,64,1,1,0111110111101110110100111011010011010010001101001000100001111111
333332,6,4/5,pinned,1,5,5,5,1,1,0,0,64,1,5,0000000000000000000000000000000000000000000000000000000001000001
333332,6,1/1,remined,0,1,,,,,,,64,1,1,0111110111101110110100111011010011010010001101001000100001000000
333332,6,1/1,pinned,0,,,,,,,,64,1,,0000000000000000000000000000000000000000000000000000000000000000
333333,6,1/2,remined,1,1,1,1,1,1,0,0,64,1,1,0111111111111111111111111111111111111111111111111111111111111111
333333,6,1/2,pinned,1,3,3,3,1,1,0,0,64,1,3,0000000000000000000000111111111111111111111111111111111111111111
333333,6,2/3,remined,1,1,1,1,1,1,0,0,64,1,1,0111111111111111111111111111111111111111111111111111111111111111
333333,6,2/3,pinned,1,4,4,4,1,1,0,0,64,1,4,0000000000000000000000000000000000000000001111111111111111111111
333333,6,3/4,remined,1,1,1,1,1,1,0,0,64,1,1,0111111111111111111111111111111111111111111111111111111111111111
333333,6,3/4,pinned,1,5,5,5,1,1,0,0,64,1,5,0000000000000000000000000000000000000000000000000000000001111111
333333,6,4/5,remined,1,1,1,1,1,1,0,0,64,1,1,0111111111111111111111111111111111111111111111111111111111111111
333333,6,4/5,pinned,1,5,5,5,1,1,0,0,64,1,5,0000000000000000000000000000000000000000000000000000000001111111
333333,6,1/1,remined,1,1,1,1,1,1,0,0,64,1,1,0111111111111111111111111111111111111111111111111111111111111111
333333,6,1/1,pinned,1,6,6,6,1,1,1,1,64,1,6,0000000000000000000000000000000000000000000000000000000000000001
